instance_id,stakeholder,model_centric_choice,stakeholder_choice,diverges,stakeholder_utility,utility_of_model_centric_choice,regret,margin_over_runner_up
9784,doctor,SHAP,Counterfactual,True,0.6948403247116753,0.5282536309087095,0.16658669380296587,0.03625838292550354
9784,patient,SHAP,Counterfactual,True,0.7538356637927807,0.36643856073837505,0.3873971030544056,0.22016693572264256
9784,auditor,SHAP,SHAP,False,0.7839825079904547,0.7839825079904547,0.0,0.19965734418214154
5718,doctor,Counterfactual,Counterfactual,False,0.808728566042205,0.808728566042205,0.0,0.10848161525177613
5718,patient,Counterfactual,Counterfactual,False,0.7917984109029572,0.7917984109029572,0.0,0.09059285787018156
5718,auditor,Counterfactual,SHAP,True,0.771155986971713,0.7232761761125469,0.04787981085916604,0.04787981085916604
20699,doctor,SHAP,Counterfactual,True,0.7596409646883022,0.6859998757006204,0.07364108898768185,0.07154572659306413
20699,patient,SHAP,Counterfactual,True,0.775435877118323,0.45464532713703537,0.3207905499812876,0.13972159140403717
20699,auditor,SHAP,SHAP,False,0.8,0.8,0.0,0.016666666666666607
16030,doctor,SHAP,Counterfactual,True,0.8064010235603519,0.6942117106233284,0.1121893129370235,0.1121893129370235
16030,patient,SHAP,Counterfactual,True,0.7910225634090062,0.5096542762705489,0.2813682871384573,0.17745599125171263
16030,auditor,SHAP,SHAP,False,0.7941249113824735,0.7941249113824735,0.0,0.07705551522153498
4509,doctor,SHAP,SHAP,False,0.5115225920761974,0.5115225920761974,0.0,0.11152259207619747
4509,patient,SHAP,Rules,True,0.6777777777777777,0.456965699255032,0.2208120785227457,0.18927718185077946
4509,auditor,SHAP,SHAP,False,0.642257420941565,0.642257420941565,0.0,0.2910759123917682
2250,doctor,SHAP,Counterfactual,True,0.7504014813977276,0.6797820897801123,0.07061939161761521,0.07061939161761521
2250,patient,SHAP,Counterfactual,True,0.7723560493547981,0.4585964210475578,0.31375962830724025,0.06411904456465001
2250,auditor,SHAP,SHAP,False,0.799889371102735,0.799889371102735,0.0,0.20249964789581498
16458,doctor,SHAP,Counterfactual,True,0.7830288428667646,0.6409397600660041,0.1420890828007605,0.13452600124705139
16458,patient,SHAP,Counterfactual,True,0.7832318365111437,0.45901256058341555,0.32421927592772815,0.15595311152679492
16458,auditor,SHAP,SHAP,False,0.7319296281366743,0.7319296281366743,0.0,0.07718604715863531
17686,doctor,SHAP,Rules,True,0.5405392011694723,0.48473286598469373,0.055806335184778566,0.055806335184778566
17686,patient,SHAP,Rules,True,0.49129084483426855,0.3572102507507123,0.13408059408355627,0.10490770255212706
17686,auditor,SHAP,SHAP,False,0.6518649959627028,0.6518649959627028,0.0,0.0399051992345385
14846,doctor,SHAP,SHAP,False,0.6993624854485198,0.6993624854485198,0.0,0.0931906184550213
14846,patient,SHAP,Counterfactual,True,0.6504211113864671,0.5117540287158893,0.1386670826705778,0.1386670826705778
14846,auditor,SHAP,SHAP,False,0.8,0.8,0.0,0.16305588521855707
1716,doctor,SHAP,SHAP,False,0.5476059006038543,0.5476059006038543,0.0,0.1476059006038543
1716,patient,SHAP,Rules,True,0.6777777777777777,0.3752879774558152,0.3024898003219625,0.2924367263501687
1716,auditor,SHAP,SHAP,False,0.6439633374050147,0.6439633374050147,0.0,0.37729667073834794
10520,doctor,SHAP,Rules,True,0.5833333333333333,0.527652745208268,0.05568058812506527,0.05568058812506527
10520,patient,SHAP,Rules,True,0.6055555555555555,0.3351401685737723,0.2704153869817832,0.12207801446147332
10520,auditor,SHAP,SHAP,False,0.6666666666666667,0.6666666666666667,0.0,0.07777777777777783
14316,doctor,SHAP,Counterfactual,True,0.5513114855287164,0.4727074204347865,0.07860406509392998,0.07860406509392998
14316,patient,SHAP,Counterfactual,True,0.5722731114837118,0.31718008558886795,0.2550930258948439,0.22621027534104643
14316,auditor,SHAP,SHAP,False,0.6175235597258746,0.6175235597258746,0.0,0.16929351456392538
3177,doctor,SHAP,SHAP,False,0.49960935799978023,0.49960935799978023,0.0,0.1781895780930532
3177,patient,SHAP,Counterfactual,True,0.5397254250295406,0.40508440332111295,0.13464102170842762,0.13464102170842762
3177,auditor,SHAP,SHAP,False,0.5333333333333333,0.5333333333333333,0.0,0.37474421289780924
857,doctor,SHAP,SHAP,False,0.5443660930932918,0.5443660930932918,0.0,0.1443660930932918
857,patient,SHAP,Rules,True,0.6777777777777777,0.3593273467174014,0.3184504310603763,0.29019385910690826
857,auditor,SHAP,SHAP,False,0.6666666666666667,0.6666666666666667,0.0,0.6722222222222223
15567,doctor,SHAP,SHAP,False,0.5872934752721419,0.5872934752721419,0.0,0.11563775951919636
15567,patient,SHAP,Rules,True,0.43400716083351704,0.2670967168114995,0.16691044402201755,0.11793688606237523
15567,auditor,SHAP,SHAP,False,0.6943678628578112,0.6943678628578112,0.0,0.22030207254566297
19360,doctor,SHAP,SHAP,False,0.5841237751926239,0.5841237751926239,0.0,0.08600306808975494
19360,patient,SHAP,Counterfactual,True,0.4573520063283351,0.37759429485969126,0.07975771146864385,0.07913240156012852
19360,auditor,SHAP,SHAP,False,0.7437508707096292,0.7437508707096292,0.0,0.2460655043084986
6153,doctor,SHAP,Counterfactual,True,0.7494465132056038,0.6794456780229448,0.0700008351826591,0.0700008351826591
6153,patient,SHAP,Counterfactual,True,0.7720377266240901,0.47684481823281,0.2951929083912801,0.15600483554724898
6153,auditor,SHAP,SHAP,False,0.7966742488300323,0.7966742488300323,0.0,0.1333333333333333
6334,doctor,SHAP,SHAP,False,0.5704036965824151,0.5704036965824151,0.0,0.1649174944351351
6334,patient,SHAP,Rules,True,0.6777777777777777,0.33789462764521605,0.33988315013256165,0.20536555702825537
6334,auditor,SHAP,SHAP,False,0.7754653904043847,0.7754653904043847,0.0,0.38364359360292305
11418,doctor,SHAP,Counterfactual,True,0.8087875659868384,0.7021864776575767,0.10660108832926174,0.061823411992749544
11418,patient,SHAP,Counterfactual,True,0.7918180775511684,0.5095271921936254,0.282290885357543,0.011718915108694383
11418,auditor,SHAP,SHAP,False,0.7906919366218683,0.7906919366218683,0.0,0.047467421091742956
2692,doctor,SHAP,SHAP,False,0.6741495514067622,0.6741495514067622,0.0,0.050795902207452115
2692,patient,SHAP,Counterfactual,True,0.6758975546521159,0.425613844425157,0.2502837102269589,0.20255950887774116
2692,auditor,SHAP,SHAP,False,0.8,0.8,0.0,0.1333333333333333
11234,doctor,SHAP,SHAP,False,0.5104498377412017,0.5104498377412017,0.0,0.1104498377412017
11234,patient,SHAP,Rules,True,0.6777777777777777,0.3358082083277935,0.3419695694499842,0.29076169653602385
11234,auditor,SHAP,SHAP,False,0.6419560625391341,0.6419560625391341,0.0,0.29664853690605253
11610,doctor,SHAP,SHAP,False,0.6971956264717565,0.6971956264717565,0.0,0.02151694858153741
11610,patient,SHAP,Counterfactual,True,0.5229988225718442,0.46110331490824674,0.061895507663597416,0.061895507663597416
11610,auditor,SHAP,SHAP,False,0.8,0.8,0.0,0.19103107766437621
16805,doctor,SHAP,SHAP,False,0.5585739318575197,0.5585739318575197,0.0,0.10683534408531475
16805,patient,SHAP,Counterfactual,True,0.4420575299152861,0.349806386121049,0.0922511437942371,0.06652775963286522
16805,auditor,SHAP,SHAP,False,0.7193185211057487,0.7193185211057487,0.0,0.25736468512183486
6873,doctor,SHAP,SHAP,False,0.5942513650194062,0.5942513650194062,0.0,0.13727810166892185
6873,patient,SHAP,Counterfactual,True,0.5252288053060125,0.3456540389783853,0.17957476632762714,0.164596460641034
6873,auditor,SHAP,SHAP,False,0.8,0.8,0.0,0.355250290916704
10844,doctor,Counterfactual,Counterfactual,False,0.8166666666666667,0.8166666666666667,0.0,0.0877395138724143
10844,patient,Counterfactual,Counterfactual,False,0.7944444444444444,0.7944444444444444,0.0,0.11535761573524916
10844,auditor,Counterfactual,SHAP,True,0.7523427279816813,0.7444444444444445,0.007898283537236872,0.006013291876011517
5128,doctor,SHAP,SHAP,False,0.47820203382454385,0.47820203382454385,0.0,0.07820203382454388
5128,patient,SHAP,Rules,True,0.6777777777777777,0.3380913592738279,0.3396864185039498,0.1972778125768968
5128,auditor,SHAP,SHAP,False,0.6122538918551511,0.6122538918551511,0.0,0.34778866638942557
2719,doctor,Counterfactual,Counterfactual,False,0.6450215785122845,0.6450215785122845,0.0,0.062744199950586
2719,patient,Counterfactual,Counterfactual,False,0.6515039470339868,0.6515039470339868,0.0,0.19286742730482576
2719,auditor,Counterfactual,Counterfactual,False,0.7333333333333334,0.7333333333333334,0.0,0.06666666666666665
10160,doctor,SHAP,SHAP,False,0.524142772761734,0.524142772761734,0.0,0.12762826963291019
10160,patient,SHAP,SHAP,False,0.39759091670781077,0.39759091670781077,0.0,0.019771417266678193
10160,auditor,SHAP,SHAP,False,0.6414468148617744,0.6414468148617744,0.0,0.29188651847155894
12266,doctor,Rules,Rules,False,0.85,0.85,0.0,0.20731693067092316
12266,patient,Rules,Rules,False,0.8277777777777777,0.8277777777777777,0.0,0.12227489308076844
12266,auditor,Rules,Rules,False,0.7944444444444445,0.7944444444444445,0.0,0.032247637400221185
4612,doctor,SHAP,Rules,True,0.506988800050144,0.504364086448215,0.002624713601929063,0.002624713601929063
4612,patient,SHAP,Rules,True,0.4801073777944925,0.3666968446817528,0.11341053311273969,0.09260963184632337
4612,auditor,SHAP,SHAP,False,0.6473979789500854,0.6473979789500854,0.0,0.10250877650208101
7331,doctor,SHAP,Rules,True,0.5015581026230768,0.4884703527665184,0.013087749856558362,0.013087749856558362
7331,patient,SHAP,Rules,True,0.7116304786521367,0.3587628821044633,0.3528675965476734,0.21245240262791365
7331,auditor,SHAP,SHAP,False,0.6161762004521645,0.6161762004521645,0.0,0.16956061325995664
4324,doctor,SHAP,SHAP,False,0.41406977407431944,0.41406977407431944,0.0,0.06406977407431946
4324,patient,SHAP,Counterfactual,True,0.3870523198555312,0.3787006639157206,0.008351655939810576,0.008351655939810576
4324,auditor,SHAP,SHAP,False,0.4,0.4,0.0,0.4
18736,doctor,SHAP,SHAP,False,0.5763185006968219,0.5763185006968219,0.0,0.10930451053308415
18736,patient,SHAP,Counterfactual,True,0.45069469182477756,0.37557528520989863,0.07511940661487893,0.07511940661487893
18736,auditor,SHAP,SHAP,False,0.7258872881972065,0.7258872881972065,0.0,0.24833929328791554
20059,doctor,Rules,Rules,False,0.8333333333333333,0.8333333333333333,0.0,0.2426651115238475
20059,patient,Rules,Counterfactual,True,0.7354903268768676,0.6888888888888889,0.04660143798797867,0.04660143798797867
20059,auditor,Rules,Rules,False,0.788888888888889,0.788888888888889,0.0,0.11080885166260435
7991,doctor,Counterfactual,Counterfactual,False,0.8166666666666667,0.8166666666666667,0.0,0.04790043412433176
7991,patient,Counterfactual,Counterfactual,False,0.7944444444444444,0.7944444444444444,0.0,0.007077922485888344
7991,auditor,Counterfactual,Rules,True,0.7827994211675577,0.7444444444444445,0.03835497672311328,0.003876015295584123
17974,doctor,SHAP,SHAP,False,0.706452812919649,0.706452812919649,0.0,0.16322357976719037
17974,patient,SHAP,LIME,True,0.38557184655430315,0.3443884386473199,0.04118340790698327,0.04118340790698327
17974,auditor,SHAP,SHAP,False,0.7867580344639032,0.7867580344639032,0.0,0.25952921207861246
20526,doctor,Counterfactual,Counterfactual,False,0.8166666666666667,0.8166666666666667,0.0,0.10458596643816986
20526,patient,Counterfactual,Counterfactual,False,0.7944444444444444,0.7944444444444444,0.0,0.12097309992383432
20526,auditor,Counterfactual,Counterfactual,False,0.7444444444444445,0.7444444444444445,0.0,0.02619713361691267
8635,doctor,SHAP,SHAP,False,0.560545518864366,0.560545518864366,0.0,0.16689129869196284
8635,patient,SHAP,Rules,True,0.6400730337038706,0.2951213494926347,0.3449516842112359,0.033333333333333326
8635,auditor,SHAP,SHAP,False,0.7916243002013359,0.7916243002013359,0.0,0.4068495770416448
9185,doctor,Rules,Rules,False,0.85,0.85,0.0,0.20378704132782843
9185,patient,Rules,Rules,False,0.8277777777777777,0.8277777777777777,0.0,0.37571329496493977
9185,auditor,Rules,Rules,False,0.7944444444444445,0.7944444444444445,0.0,0.07370596875777446
10665,doctor,SHAP,SHAP,False,0.6496630357000368,0.6496630357000368,0.0,0.14775858694725774
10665,patient,SHAP,Counterfactual,True,0.5258630862645681,0.43868494251864376,0.08717814374592436,0.08717814374592436
10665,auditor,SHAP,SHAP,False,0.78023550736371,0.78023550736371,0.0,0.27843369291476716
15830,doctor,SHAP,SHAP,False,0.4604721812362924,0.4604721812362924,0.0,0.04853892787808556
15830,patient,SHAP,Rules,True,0.6777777777777777,0.38306991148150293,0.29470786629627477,0.033333333333333326
15830,auditor,SHAP,SHAP,False,0.5358500982423655,0.5358500982423655,0.0,0.14968984328167428
5795,doctor,SHAP,SHAP,False,0.7155276253626875,0.7155276253626875,0.0,0.15282639566459089
5795,patient,SHAP,Counterfactual,True,0.646836373729701,0.5124979770641998,0.1343383966655013,0.017200088082494513
5795,auditor,SHAP,SHAP,False,0.7637299268754003,0.7637299268754003,0.0,0.14700423076765923
20752,doctor,LIME,LIME,False,0.6313844250669498,0.6313844250669498,0.0,0.13565880700603372
20752,patient,LIME,LIME,False,0.45255798065776054,0.45255798065776054,0.0,0.04706524591081873
20752,auditor,LIME,LIME,False,0.6474234591983307,0.6474234591983307,0.0,0.04763600494933873
2106,doctor,LIME,Counterfactual,True,0.65,0.5694649363340469,0.08053506366595309,0.06532648088100712
2106,patient,LIME,Counterfactual,True,0.449322766472693,0.3786332232725599,0.0706895432001331,0.019878136761270482
2106,auditor,LIME,SHAP,True,0.7577981357894563,0.6455657345613949,0.11223240122806144,0.11223240122806144
6718,doctor,SHAP,SHAP,False,0.5308570812513647,0.5308570812513647,0.0,0.10810674973943957
6718,patient,SHAP,Rules,True,0.6777777777777777,0.33276029069650526,0.34501748708127244,0.19315137987372183
6718,auditor,SHAP,SHAP,False,0.6666666666666667,0.6666666666666667,0.0,0.2666666666666667
17525,doctor,Rules,Rules,False,0.85,0.85,0.0,0.18409147203328124
17525,patient,Rules,Rules,False,0.8277777777777777,0.8277777777777777,0.0,0.17504076790854617
17525,auditor,Rules,Rules,False,0.7944444444444445,0.7944444444444445,0.0,0.06672153121629698
8400,doctor,SHAP,SHAP,False,0.6757682112160524,0.6757682112160524,0.0,0.1068139434020895
8400,patient,SHAP,SHAP,False,0.4247423672164374,0.4247423672164374,0.0,0.026410848016874433
8400,auditor,SHAP,SHAP,False,0.7672300869401304,0.7672300869401304,0.0,0.15256723599619848
10132,doctor,SHAP,Counterfactual,True,0.7406979784142363,0.7221689145101955,0.018529063904040854,0.018529063904040854
10132,patient,SHAP,Counterfactual,True,0.6376423116559687,0.5046752719564326,0.13296703969953616,0.07056209439666106
10132,auditor,SHAP,SHAP,False,0.7999486338410747,0.7999486338410747,0.0,0.02236664071879868
5724,doctor,SHAP,SHAP,False,0.47596068552001697,0.47596068552001697,0.0,0.061111587555548075
5724,patient,SHAP,Rules,True,0.6777777777777777,0.37635329620589025,0.30142448157188745,0.2949423058371349
5724,auditor,SHAP,SHAP,False,0.5234595317896424,0.5234595317896424,0.0,0.1359644358387581
380,doctor,SHAP,SHAP,False,0.46314824023242007,0.46314824023242007,0.0,0.0631482402324201
380,patient,SHAP,Rules,True,0.6777777777777777,0.4086713773199064,0.2691064004578713,0.2691064004578713
380,auditor,SHAP,SHAP,False,0.6390544735032476,0.6390544735032476,0.0,0.2942788598300858
7749,doctor,SHAP,SHAP,False,0.5904098723576218,0.5904098723576218,0.0,0.11497531465842614
7749,patient,SHAP,SHAP,False,0.39466710381563785,0.39466710381563785,0.0,0.01641286943623471
7749,auditor,SHAP,SHAP,False,0.7704496761730664,0.7704496761730664,0.0,0.28183851017570094
5933,doctor,SHAP,Counterfactual,True,0.7719038055617581,0.6959032154305272,0.07600059013123084,0.026163823033561462
5933,patient,SHAP,Rules,True,0.7846911052871767,0.5151607694068455,0.26953033588033115,0.005167614544368426
5933,auditor,SHAP,SHAP,False,0.7871707117880073,0.7871707117880073,0.0,0.03186409171281612
10771,doctor,SHAP,Counterfactual,True,0.7396118170382143,0.6828611044096633,0.056750712628551025,0.056750712628551025
10771,patient,SHAP,Counterfactual,True,0.7687594945682936,0.4608762062030899,0.30788328836520373,0.16833164326924877
10771,auditor,SHAP,SHAP,False,0.8,0.8,0.0,0.14336195884464442
20597,doctor,SHAP,SHAP,False,0.5735442543723855,0.5735442543723855,0.0,0.11319104764446741
20597,patient,SHAP,Counterfactual,True,0.5305718435905786,0.3490220600580174,0.18154978353256124,0.15197826528035774
20597,auditor,SHAP,SHAP,False,0.728666616155466,0.728666616155466,0.0,0.2576592311965611
7867,doctor,SHAP,SHAP,False,0.6084777058217627,0.6084777058217627,0.0,0.004087906015666998
7867,patient,SHAP,Counterfactual,True,0.7236854888242541,0.4121322479655743,0.3115532408586798,0.3115532408586798
7867,auditor,SHAP,SHAP,False,0.7327498519104045,0.7327498519104045,0.0,0.2816610189621816
491,doctor,SHAP,Counterfactual,True,0.7806679447918512,0.7249411367585215,0.055726808033329744,0.055726808033329744
491,patient,SHAP,Counterfactual,True,0.7824448704861726,0.5117795204089656,0.27066535007720705,0.015342383407341953
491,auditor,SHAP,SHAP,False,0.7908575792279664,0.7908575792279664,0.0,0.1404113397035942
18869,doctor,SHAP,Rules,True,0.5136170217146795,0.4402413536593587,0.07337566805532081,0.03881555556830574
18869,patient,SHAP,Counterfactual,True,0.5851895099728255,0.4422462487346635,0.14294326123816198,0.1028727249568212
18869,auditor,SHAP,SHAP,False,0.6785735070362888,0.6785735070362888,0.0,0.04930636697227164
12133,doctor,SHAP,Counterfactual,True,0.7882478134780264,0.6678099810241023,0.12043783245392414,0.12043783245392414
12133,patient,SHAP,Counterfactual,True,0.7849714933815644,0.49008789059217006,0.2948836027893943,0.2001800497595434
12133,auditor,SHAP,SHAP,False,0.744115027515063,0.744115027515063,0.0,0.025009617165068887
19557,doctor,SHAP,Rules,True,0.496409981222038,0.41107086960206285,0.08533911161997515,0.07530118447291695
19557,patient,SHAP,Rules,True,0.543247771518457,0.2522684881707069,0.29097928334775014,0.2371953762345541
19557,auditor,SHAP,SHAP,False,0.6336120796331771,0.6336120796331771,0.0,0.16340197555553043
4061,doctor,LIME,LIME,False,0.44750136051592615,0.44750136051592615,0.0,0.025163373560559643
4061,patient,LIME,Rules,True,0.6777777777777777,0.3653885229233146,0.3123892548544631,0.033333333333333326
4061,auditor,LIME,SHAP,True,0.4,0.4,0.0,0.0
19605,doctor,SHAP,Rules,True,0.5833333333333333,0.4902741047925672,0.09305922854076604,0.09305922854076604
19605,patient,SHAP,Rules,True,0.6055555555555555,0.35442172024679414,0.2511338353087614,0.22089302975184322
19605,auditor,SHAP,SHAP,False,0.633237102577827,0.633237102577827,0.0,0.04434821368893804
1645,doctor,SHAP,SHAP,False,0.6774851790692011,0.6774851790692011,0.0,0.12902144083932487
1645,patient,SHAP,Rules,True,0.44638332177411955,0.4002257265642664,0.04615759520985313,0.04615759520985313
1645,auditor,SHAP,SHAP,False,0.8,0.8,0.0,0.1838218241607108
6474,doctor,SHAP,Rules,True,0.6815009327165998,0.605990681548632,0.07551025116796783,0.07551025116796783
6474,patient,SHAP,Counterfactual,True,0.6444444444444444,0.39643657106075336,0.248007873383691,0.03949968909446666
6474,auditor,SHAP,SHAP,False,0.6623985549443963,0.6623985549443963,0.0,0.07595286687781855
19955,doctor,Rules,Rules,False,0.549653438238942,0.549653438238942,0.0,0.008130233169223011
19955,patient,Rules,Rules,False,0.4276622571907584,0.4276622571907584,0.0,0.04296730525633169
19955,auditor,Rules,Rules,False,0.7935202797482898,0.7935202797482898,0.0,0.127629031285852
7311,doctor,SHAP,SHAP,False,0.6526106296007759,0.6526106296007759,0.0,0.1813219508059548
7311,patient,SHAP,Rules,True,0.6777777777777777,0.30759298710750077,0.37018479067027693,0.033333333333333326
7311,auditor,SHAP,SHAP,False,0.7713984492050734,0.7713984492050734,0.0,0.29554675482933324
19743,doctor,SHAP,SHAP,False,0.5159964111598211,0.5159964111598211,0.0,0.10561661464188826
19743,patient,SHAP,Rules,True,0.6777777777777777,0.3880711912903442,0.2897065864874335,0.2897065864874335
19743,auditor,SHAP,SHAP,False,0.6419216554836376,0.6419216554836376,0.0,0.29457136216881574
1548,doctor,SHAP,Counterfactual,True,0.7697729695069855,0.7194889275460179,0.050284041960967585,0.015543122328291137
1548,patient,SHAP,Counterfactual,True,0.778813212057884,0.4985893961994653,0.2802238158584187,0.016292151887208117
1548,auditor,SHAP,SHAP,False,0.8,0.8,0.0,0.15424428074069996
11566,doctor,Counterfactual,Counterfactual,False,0.8166666666666667,0.8166666666666667,0.0,0.07464074141209431
11566,patient,Counterfactual,Counterfactual,False,0.7944444444444444,0.7944444444444444,0.0,0.15905177571540052
11566,auditor,Counterfactual,SHAP,True,0.7999314697578638,0.7444444444444445,0.055487025313419314,0.038663825144718666
10650,doctor,SHAP,Counterfactual,True,0.8043171744217413,0.6998841132527003,0.10443306116904105,0.10443306116904105
10650,patient,SHAP,Counterfactual,True,0.7903279470294693,0.5036782183393639,0.2866497286901054,0.15230461107713889
10650,auditor,SHAP,SHAP,False,0.7908363517178716,0.7908363517178716,0.0,0.07932388659322787
18357,doctor,Rules,Counterfactual,True,0.7446363985453748,0.6906726456124516,0.053963752932923215,0.040140414993666274
18357,patient,Rules,Counterfactual,True,0.6377248502810058,0.550668659648595,0.08705619063241077,0.08705619063241077
18357,auditor,Rules,Rules,False,0.7749730674812421,0.7749730674812421,0.0,0.0003073009234658697
10383,doctor,SHAP,SHAP,False,0.6555645794797111,0.6555645794797111,0.0,0.05518031871383233
10383,patient,SHAP,Counterfactual,True,0.6444870908286657,0.5011389331112608,0.14334815771740494,0.14334815771740494
10383,auditor,SHAP,SHAP,False,0.7857223196147872,0.7857223196147872,0.0,0.13457715827449823
15722,doctor,Rules,Rules,False,0.7839807400030914,0.7839807400030914,0.0,0.27568789343605327
15722,patient,Rules,Rules,False,0.8057713577788082,0.8057713577788082,0.0,0.21566177666271336
15722,auditor,Rules,Rules,False,0.618393084452688,0.618393084452688,0.0,0.17185336352959824
8848,doctor,SHAP,Counterfactual,True,0.7818471128383614,0.708841952528934,0.07300516030942739,0.07300516030942739
8848,patient,SHAP,Counterfactual,True,0.782837926501676,0.47900832084214007,0.303829605659536,0.22614960125855887
8848,auditor,SHAP,SHAP,False,0.7869119720217557,0.7869119720217557,0.0,0.05432132859557526
7183,doctor,SHAP,SHAP,False,0.5438374610349477,0.5438374610349477,0.0,0.1438374610349477
7183,patient,SHAP,Rules,True,0.6777777777777777,0.3313834168052249,0.34639436097255283,0.34639436097255283
7183,auditor,SHAP,SHAP,False,0.7710170562212915,0.7710170562212915,0.0,0.38977171689708234
5133,doctor,SHAP,SHAP,False,0.645672309841994,0.645672309841994,0.0,0.15431896815776802
5133,patient,SHAP,Counterfactual,True,0.6444444444444444,0.25105364757112913,0.39339079687331524,0.23777954460462075
5133,auditor,SHAP,SHAP,False,0.7947968522531244,0.7947968522531244,0.0,0.2989321618150841
463,doctor,SHAP,SHAP,False,0.5310896838135688,0.5310896838135688,0.0,0.030907092030636796
463,patient,SHAP,Counterfactual,True,0.6889497528165328,0.3108659634243852,0.3780837893921476,0.1538957876192043
463,auditor,SHAP,SHAP,False,0.8,0.8,0.0,0.33480737008075756
944,doctor,SHAP,SHAP,False,0.5846472371486986,0.5846472371486986,0.0,0.11760470724888461
944,patient,SHAP,Counterfactual,True,0.45183579166413024,0.38198184010795,0.06985395155618024,0.06985395155618024
944,auditor,SHAP,SHAP,False,0.7413128330250969,0.7413128330250969,0.0,0.26847440288290925
16561,doctor,Rules,Rules,False,0.7262050687824941,0.7262050687824941,0.0,0.10801510980525941
16561,patient,Rules,Rules,False,0.5653006794931547,0.5653006794931547,0.0,0.026332400580675652
16561,auditor,Rules,SHAP,True,0.7658362789621613,0.7602842238240249,0.005552055138136391,0.005552055138136391
12149,doctor,SHAP,SHAP,False,0.5472875789166093,0.5472875789166093,0.0,0.029548364643309677
12149,patient,SHAP,Counterfactual,True,0.6444444444444444,0.3286636569298788,0.31578078751456556,0.22742026190890008
12149,auditor,SHAP,SHAP,False,0.7691022054124534,0.7691022054124534,0.0,0.060686522905876616
18687,doctor,SHAP,SHAP,False,0.5063032075507836,0.5063032075507836,0.0,0.11694273875791872
18687,patient,SHAP,Counterfactual,True,0.4870268164370086,0.3855387643666368,0.10148805207037181,0.10148805207037181
18687,auditor,SHAP,SHAP,False,0.6100375520632921,0.6100375520632921,0.0,0.23835210936497941
14087,doctor,Counterfactual,Rules,True,0.85,0.8166666666666667,0.033333333333333326,0.033333333333333326
14087,patient,Counterfactual,Rules,True,0.8277777777777777,0.7944444444444444,0.033333333333333326,0.033333333333333326
14087,auditor,Counterfactual,Rules,True,0.7944444444444445,0.7444444444444445,0.050000000000000044,0.050000000000000044
4968,doctor,SHAP,SHAP,False,0.4441121932127055,0.4441121932127055,0.0,0.04411219321270554
4968,patient,SHAP,Counterfactual,True,0.4784079689627552,0.3612660427436376,0.11714192621911762,0.11400763917362217
4968,auditor,SHAP,SHAP,False,0.5616411665046883,0.5616411665046883,0.0,0.18199550869257147
13417,doctor,SHAP,Counterfactual,True,0.7867707277432872,0.7178471004527148,0.06892362729057233,0.014522063769886517
13417,patient,SHAP,Counterfactual,True,0.7844791314699846,0.5025466007107762,0.28193253075920843,0.09595179903440654
13417,auditor,SHAP,SHAP,False,0.7987426176544367,0.7987426176544367,0.0,0.13116120647663054
1837,doctor,Rules,Rules,False,0.6325130015914083,0.6325130015914083,0.0,0.10357124112395821
1837,patient,Rules,Rules,False,0.5219487783082473,0.5219487783082473,0.0,0.14436343439779425
1837,auditor,Rules,Rules,False,0.7874165376199704,0.7874165376199704,0.0,0.1213852256533301
14569,doctor,Counterfactual,Counterfactual,False,0.8166666666666667,0.8166666666666667,0.0,0.06735446659291922
14569,patient,Counterfactual,Counterfactual,False,0.7944444444444444,0.7944444444444444,0.0,0.1085625999754174
14569,auditor,Counterfactual,SHAP,True,0.7919812148803682,0.7444444444444445,0.04753677043592375,0.015120503670927099
14295,doctor,LIME,SHAP,True,0.6819911203632053,0.6137710336717633,0.06822008669144197,0.06822008669144197
14295,patient,LIME,SHAP,True,0.490569721570868,0.44592700242420547,0.04464271914666251,0.04464271914666251
14295,auditor,LIME,SHAP,True,0.7453397290341729,0.6623572650286373,0.08298246400553555,0.08298246400553555
16978,doctor,SHAP,SHAP,False,0.662013521844381,0.662013521844381,0.0,0.14541373817288972
16978,patient,SHAP,Rules,True,0.6777777777777777,0.31672159833357294,0.36105617944420476,0.3165926367045099
16978,auditor,SHAP,SHAP,False,0.7368489031969598,0.7368489031969598,0.0,0.27918046843197875
5821,doctor,SHAP,SHAP,False,0.7026497648838754,0.7026497648838754,0.0,0.007475699180392925
5821,patient,SHAP,Rules,True,0.6621340452929737,0.4877792423683244,0.17435480292464933,0.17435480292464933
5821,auditor,SHAP,SHAP,False,0.7942794150776469,0.7942794150776469,0.0,0.03446892395185486
12398,doctor,SHAP,Counterfactual,True,0.7598893832100151,0.692025701994185,0.06786368121583009,0.06786368121583009
12398,patient,SHAP,Counterfactual,True,0.7755186832922273,0.46822068952180823,0.30729799377041905,0.10282950271815494
12398,auditor,SHAP,SHAP,False,0.8,0.8,0.0,0.07327836542300903
17294,doctor,Counterfactual,SHAP,True,0.7071374635645126,0.6845470158842107,0.02259044768030183,0.02259044768030183
17294,patient,Counterfactual,Counterfactual,False,0.6058988948836681,0.6058988948836681,0.0,0.09845237822485542
17294,auditor,Counterfactual,SHAP,True,0.7800948490133782,0.7319033890148016,0.04819145999857666,0.04819145999857666
14386,doctor,Counterfactual,Counterfactual,False,0.8060226282750039,0.8060226282750039,0.0,0.12156131713634111
14386,patient,Counterfactual,Counterfactual,False,0.7908964316472236,0.7908964316472236,0.0,0.16586847499330015
14386,auditor,Counterfactual,SHAP,True,0.7563495415546141,0.7160603420666771,0.040289199487936966,0.040289199487936966
3245,doctor,SHAP,Counterfactual,True,0.7816541728450485,0.7224492964421965,0.05920487640285199,0.05920487640285199
3245,patient,SHAP,Counterfactual,True,0.7827736131705717,0.5158308644108948,0.26694274875967694,0.01203066948268161
3245,auditor,SHAP,SHAP,False,0.7957982898745316,0.7957982898745316,0.0,0.1261765068851286
8716,doctor,SHAP,SHAP,False,0.5353455440542771,0.5353455440542771,0.0,0.13534554405427718
8716,patient,SHAP,Rules,True,0.6777777777777777,0.3750217486147435,0.3027560291630342,0.29040154711838445
8716,auditor,SHAP,SHAP,False,0.6490104150681416,0.6490104150681416,0.0,0.3710591336926499
9607,doctor,SHAP,Counterfactual,True,0.46470786397388314,0.38922763031027197,0.07548023366361117,0.07548023366361117
9607,patient,SHAP,Counterfactual,True,0.4397859619336268,0.38061038748358184,0.059175574450044954,0.059175574450044954
9607,auditor,SHAP,SHAP,False,0.4996901103763737,0.4996901103763737,0.0,0.1322690126741458
106,doctor,SHAP,SHAP,False,0.5656558629083196,0.5656558629083196,0.0,0.15317523241182984
106,patient,SHAP,Rules,True,0.6404482839610626,0.29288746643595104,0.34756081752511153,0.15449322207613053
106,auditor,SHAP,SHAP,False,0.7998276027939492,0.7998276027939492,0.0,0.3998850685292994
579,doctor,Counterfactual,Counterfactual,False,0.6517093328296203,0.6517093328296203,0.0,0.14357011933099717
579,patient,Counterfactual,Rules,True,0.6777777777777777,0.6455476595395843,0.03223011823819344,0.03223011823819344
579,auditor,Counterfactual,Counterfactual,False,0.7333333333333334,0.7333333333333334,0.0,0.20000000000000007
16630,doctor,SHAP,SHAP,False,0.7063941352813988,0.7063941352813988,0.0,0.026980876981620328
16630,patient,SHAP,Rules,True,0.6406125002413403,0.49557660576803003,0.14503589447331028,0.14503589447331028
16630,auditor,SHAP,SHAP,False,0.7988136373289976,0.7988136373289976,0.0,0.016666666666666607
18576,doctor,SHAP,Counterfactual,True,0.7811390812089587,0.7180317761722116,0.06310730503674711,0.00808715923335146
18576,patient,SHAP,Counterfactual,True,0.7826019159585418,0.5155023311394151,0.26709958481912666,0.013806830855561558
18576,auditor,SHAP,SHAP,False,0.7986499470006527,0.7986499470006527,0.0,0.14124331047176775
14745,doctor,LIME,Counterfactual,True,0.7999999999999999,0.6349357540118585,0.1650642459881414,0.1650642459881414
14745,patient,LIME,Counterfactual,True,0.5650730695742899,0.46496477179084766,0.10010829778344227,0.10010829778344227
14745,auditor,LIME,Counterfactual,True,0.7388888888888889,0.6666666666666667,0.07222222222222219,0.07222222222222219
2003,doctor,SHAP,SHAP,False,0.5069713839236527,0.5069713839236527,0.0,0.07555356937523455
2003,patient,SHAP,Rules,True,0.6777777777777777,0.3927246905936469,0.2850530871841308,0.16341480098027417
2003,auditor,SHAP,SHAP,False,0.5333333333333333,0.5333333333333333,0.0,0.1333333333333333
16530,doctor,LIME,Counterfactual,True,0.7546642375787815,0.5878014076148804,0.16686282996390112,0.16686282996390112
16530,patient,LIME,Counterfactual,True,0.5445460471638219,0.4611694789497739,0.08337656821404804,0.08337656821404804
16530,auditor,LIME,Counterfactual,True,0.6784412056605977,0.6275918750896518,0.05084933057094598,0.05084933057094598
20326,doctor,SHAP,SHAP,False,0.44758235918921363,0.44758235918921363,0.0,0.021689217393103366
20326,patient,SHAP,Rules,True,0.6777777777777777,0.34392408593884977,0.33385369183892794,0.004057765010134218
20326,auditor,SHAP,SHAP,False,0.5989463889230144,0.5989463889230144,0.0,0.1873996711857736
20366,doctor,SHAP,SHAP,False,0.5157889662974191,0.5157889662974191,0.0,0.11578896629741914
20366,patient,SHAP,Rules,True,0.6777777777777777,0.45085941273339414,0.22691836504438356,0.033333333333333326
20366,auditor,SHAP,SHAP,False,0.6454597155129979,0.6454597155129979,0.0,0.3198062631955024
3182,doctor,SHAP,Counterfactual,True,0.7215261277438006,0.6707203698209249,0.05080575792287578,0.038099449431815535
3182,patient,SHAP,Counterfactual,True,0.7627309314701558,0.4534863042124376,0.30924462725771823,0.12381092758838297
3182,auditor,SHAP,SHAP,False,0.8,0.8,0.0,0.1333333333333333
16,doctor,SHAP,Rules,True,0.5703158045348181,0.5407549618365977,0.029560842698220458,0.029560842698220458
16,patient,SHAP,Counterfactual,True,0.6444444444444444,0.3192713675530842,0.32517307689136016,0.1432280651550606
16,auditor,SHAP,SHAP,False,0.7715275423894685,0.7715275423894685,0.0,0.1065249503093455
2472,doctor,SHAP,Counterfactual,True,0.7721752549577503,0.7090832228132918,0.06309203214445847,0.06309203214445847
2472,patient,SHAP,Counterfactual,True,0.7796139738748057,0.5057323474672152,0.2738816264075905,0.013693143342868974
2472,auditor,SHAP,SHAP,False,0.8,0.8,0.0,0.15127601405053892
16178,doctor,SHAP,SHAP,False,0.43733910543532656,0.43733910543532656,0.0,0.03733910543532659
16178,patient,SHAP,Rules,True,0.6777777777777777,0.3589715041046297,0.318806273673148,0.318806273673148
16178,auditor,SHAP,SHAP,False,0.537582646414563,0.537582646414563,0.0,0.3775289325941217
6423,doctor,SHAP,SHAP,False,0.5783406581213916,0.5783406581213916,0.0,0.1783406581213916
6423,patient,SHAP,Counterfactual,True,0.38844825950795353,0.33817995423723873,0.0502683052707148,0.02591825765428163
6423,auditor,SHAP,SHAP,False,0.7826275035892507,0.7826275035892507,0.0,0.38841833572616713
17310,doctor,SHAP,SHAP,False,0.5140189993408597,0.5140189993408597,0.0,0.16164195086611505
17310,patient,SHAP,Counterfactual,True,0.416600924166396,0.3860909874661045,0.030509936700291507,0.030509936700291507
17310,auditor,SHAP,SHAP,False,0.6496288650989435,0.6496288650989435,0.0,0.33973456849322037
4300,doctor,SHAP,SHAP,False,0.4050825515827092,0.4050825515827092,0.0,0.0050825515827092604
4300,patient,SHAP,Rules,True,0.6777777777777777,0.3730955487634788,0.3046822290142989,0.3002576414779024
4300,auditor,SHAP,SHAP,False,0.4,0.4,0.0,0.40555555555555556
158,doctor,SHAP,SHAP,False,0.6436365578047873,0.6436365578047873,0.0,0.14488837149647132
158,patient,SHAP,LIME,True,0.3512406106831296,0.3095434585874903,0.04169715209563929,0.04169715209563929
158,auditor,SHAP,SHAP,False,0.6919000421814807,0.6919000421814807,0.0,0.2385770018396149
10164,doctor,SHAP,Counterfactual,True,0.7344448602340834,0.6125301390467902,0.12191472118729318,0.12191472118729318
10164,patient,SHAP,Counterfactual,True,0.7670371756335833,0.4527029761636265,0.31433419946995683,0.31433419946995683
10164,auditor,SHAP,SHAP,False,0.6958311191756383,0.6958311191756383,0.0,0.14236738200444243
7601,doctor,SHAP,SHAP,False,0.5291231904740811,0.5291231904740811,0.0,0.11230108541601475
7601,patient,SHAP,Rules,True,0.6777777777777777,0.3468782895249817,0.330899488252796,0.20050173859256953
7601,auditor,SHAP,SHAP,False,0.6666666666666667,0.6666666666666667,0.0,0.26666666666666666
4910,doctor,SHAP,SHAP,False,0.5564487069850464,0.5564487069850464,0.0,0.12520736819014422
4910,patient,SHAP,Counterfactual,True,0.6444444444444444,0.4328714154527571,0.21157302899168728,0.21157302899168728
4910,auditor,SHAP,SHAP,False,0.6654657343672932,0.6654657343672932,0.0,0.28761629565842767
8797,doctor,SHAP,Rules,True,0.7969956109262326,0.5907511686438794,0.20624444228235317,0.09944325223550654
8797,patient,SHAP,Rules,True,0.810109648086522,0.42891408766100253,0.38119556042551944,0.19565741955401228
8797,auditor,SHAP,SHAP,False,0.7777299872370574,0.7777299872370574,0.0,0.12463058032265939
130,doctor,SHAP,SHAP,False,0.5394494904403434,0.5394494904403434,0.0,0.18944949044034343
130,patient,SHAP,Counterfactual,True,0.3865264030923348,0.374297192578384,0.012229210513950817,0.012229210513950817
130,auditor,SHAP,SHAP,False,0.6370836909877403,0.6370836909877403,0.0,0.6370836909877403
2455,doctor,SHAP,SHAP,False,0.48215615378876775,0.48215615378876775,0.0,0.11207697627449037
2455,patient,SHAP,SHAP,False,0.45887704815959346,0.45887704815959346,0.0,0.021359905323013406
2455,auditor,SHAP,SHAP,False,0.6145271685960828,0.6145271685960828,0.0,0.44947296260886027
20266,doctor,SHAP,Counterfactual,True,0.5666450323845164,0.5235502832402505,0.04309474914426581,0.034250108192401374
20266,patient,SHAP,Rules,True,0.48857608584181605,0.3550998515681652,0.13347623427365085,0.0584071786862187
20266,auditor,SHAP,SHAP,False,0.6708103672696506,0.6708103672696506,0.0,0.016506023902386202
19072,doctor,Counterfactual,Counterfactual,False,0.8166666666666667,0.8166666666666667,0.0,0.10943351859165262
19072,patient,Counterfactual,Counterfactual,False,0.7944444444444444,0.7944444444444444,0.0,0.19697897386849184
19072,auditor,Counterfactual,SHAP,True,0.7993893249774652,0.7444444444444445,0.05494488053302071,0.05494488053302071
12211,doctor,SHAP,SHAP,False,0.5790138856465107,0.5790138856465107,0.0,0.05343762448927025
12211,patient,SHAP,Counterfactual,True,0.6639603612913979,0.347442343640636,0.31651801765076193,0.19860990597174916
12211,auditor,SHAP,SHAP,False,0.7272649665683416,0.7272649665683416,0.0,0.13959919023666345
15197,doctor,Counterfactual,Counterfactual,False,0.8166666666666667,0.8166666666666667,0.0,0.13156689478278416
15197,patient,Counterfactual,Counterfactual,False,0.7944444444444444,0.7944444444444444,0.0,0.23792612334037144
15197,auditor,Counterfactual,SHAP,True,0.759919975906922,0.7444444444444445,0.015475531462477488,0.015475531462477488
4953,doctor,SHAP,SHAP,False,0.6020156348617984,0.6020156348617984,0.0,0.19194522775628375
4953,patient,SHAP,Counterfactual,True,0.48407571914115033,0.3329110320642205,0.15116468707692982,0.13042518485350474
4953,auditor,SHAP,SHAP,False,0.7997087253571714,0.7997087253571714,0.0,0.4002425698502011
4780,doctor,SHAP,Counterfactual,True,0.7436137510142466,0.6579730966661467,0.08564065434809998,0.016253169333074524
4780,patient,SHAP,Counterfactual,True,0.7700934725603044,0.42838400993966286,0.3417094626206415,0.11652883422213589
4780,auditor,SHAP,SHAP,False,0.7946465614683583,0.7946465614683583,0.0,0.021685010318565734
4571,doctor,SHAP,Rules,True,0.5374544487488222,0.4893362773164732,0.04811817143234898,0.04811817143234898
4571,patient,SHAP,Rules,True,0.4902625940273852,0.36240112749622344,0.12786146653116176,0.09609767426722982
4571,auditor,SHAP,SHAP,False,0.6513776217562228,0.6513776217562228,0.0,0.0451805270265353
2398,doctor,Rules,Counterfactual,True,0.7966226342593526,0.7482327131136404,0.04838992114571228,0.04838992114571228
2398,patient,Rules,Counterfactual,True,0.7877631003086731,0.6008728926753071,0.18689020763336606,0.18689020763336606
2398,auditor,Rules,SHAP,True,0.7812171217092235,0.7721673331122699,0.0090497885969536,0.0090497885969536
18640,doctor,Rules,Rules,False,0.85,0.85,0.0,0.06802085196447305
18640,patient,Rules,Rules,False,0.8277777777777777,0.8277777777777777,0.0,0.22961094618749145
18640,auditor,Rules,Rules,False,0.7944444444444445,0.7944444444444445,0.0,0.07958335817485296
17762,doctor,SHAP,SHAP,False,0.6263581167172186,0.6263581167172186,0.0,0.10433768038000935
17762,patient,SHAP,Counterfactual,True,0.6618812776694037,0.46301232687036087,0.19886895079904288,0.03824008779909527
17762,auditor,SHAP,SHAP,False,0.767099110299331,0.767099110299331,0.0,0.22232460572532564
10575,doctor,LIME,LIME,False,0.6153278303257995,0.6153278303257995,0.0,0.10317325035847125
10575,patient,LIME,Counterfactual,True,0.6994050289570419,0.5414507733801925,0.1579542555768494,0.1579542555768494
10575,auditor,LIME,LIME,False,0.6666666666666667,0.6666666666666667,0.0,0.08849055529367833
15838,doctor,SHAP,Rules,True,0.5783054321114969,0.5307500530006029,0.047555379110894025,0.047555379110894025
15838,patient,SHAP,Rules,True,0.60387958848161,0.33842968250022654,0.2654499059813835,0.21710015074238037
15838,auditor,SHAP,SHAP,False,0.6626792644349998,0.6626792644349998,0.0,0.08494678248528698
13437,doctor,Counterfactual,Counterfactual,False,0.8166666666666667,0.8166666666666667,0.0,0.10588364027593267
13437,patient,Counterfactual,Counterfactual,False,0.7944444444444444,0.7944444444444444,0.0,0.12140565786975521
13437,auditor,Counterfactual,Counterfactual,False,0.7444444444444445,0.7444444444444445,0.0,0.010812357309190057
15321,doctor,Rules,Counterfactual,True,0.5655642117955055,0.5499999999999999,0.0155642117955056,0.0155642117955056
15321,patient,Rules,Counterfactual,True,0.4878891210187245,0.42777777777777776,0.060111343240946746,0.060111343240946746
15321,auditor,Rules,Rules,False,0.7944444444444445,0.7944444444444445,0.0,0.18393739669176368
19984,doctor,SHAP,Rules,True,0.8333333333333333,0.6304445300206662,0.202888803312667,0.06891591425704013
19984,patient,SHAP,Counterfactual,True,0.7770280285809866,0.3822452848364153,0.39478274374457134,0.12147247302543107
19984,auditor,SHAP,SHAP,False,0.8,0.8,0.0,0.011111111111111072
17323,doctor,LIME,Counterfactual,True,0.7999999999999999,0.6404166482398258,0.15958335176017413,0.15958335176017413
17323,patient,LIME,Counterfactual,True,0.564257635287045,0.43875857218671704,0.12549906310032793,0.12549906310032793
17323,auditor,LIME,Counterfactual,True,0.7388888888888889,0.6666666666666667,0.07222222222222219,0.07222222222222219
15415,doctor,SHAP,SHAP,False,0.6808955881627552,0.6808955881627552,0.0,0.007267560898087888
15415,patient,SHAP,Counterfactual,True,0.5227106952299131,0.46590239171845926,0.05680830351145383,0.05680830351145383
15415,auditor,SHAP,SHAP,False,0.7882529473449668,0.7882529473449668,0.0,0.18600606956761911
15128,doctor,Counterfactual,Counterfactual,False,0.8166666666666667,0.8166666666666667,0.0,0.09467440337289312
15128,patient,Counterfactual,Counterfactual,False,0.7944444444444444,0.7944444444444444,0.0,0.1367795070820218
15128,auditor,Counterfactual,SHAP,True,0.7839037050930568,0.7444444444444445,0.03945926064861238,0.03306851704687541
9752,doctor,SHAP,Counterfactual,True,0.7310893892227772,0.6975701349888913,0.03351925423388591,0.03351925423388591
9752,patient,SHAP,Counterfactual,True,0.6333610265560091,0.5096023303638951,0.12375869619211399,0.07830207621608742
9752,auditor,SHAP,SHAP,False,0.78120457230733,0.78120457230733,0.0,0.08082222801279226
13887,doctor,Rules,Rules,False,0.7943323179666238,0.7943323179666238,0.0,0.2525596418085313
13887,patient,Rules,LIME,True,0.4452493828348149,0.40922188376665236,0.03602749906816255,0.03602749906816255
13887,auditor,Rules,Rules,False,0.720220868399943,0.720220868399943,0.0,0.12623007283266863
19122,doctor,SHAP,Counterfactual,True,0.7468174963347776,0.6789431891777482,0.06787430715702936,0.009263207185252198
19122,patient,SHAP,Counterfactual,True,0.771161387667148,0.4558218760259168,0.31533951164123125,0.17384796964654592
19122,auditor,SHAP,SHAP,False,0.7904937500033598,0.7904937500033598,0.0,0.04019945408751735
15293,doctor,SHAP,SHAP,False,0.55267434649268,0.55267434649268,0.0,0.20267434649268
15293,patient,SHAP,Counterfactual,True,0.3905065704304092,0.37124062124955926,0.01926594918084995,0.01926594918084995
15293,auditor,SHAP,SHAP,False,0.6666666666666667,0.6666666666666667,0.0,0.4
10855,doctor,SHAP,Counterfactual,True,0.7630404275744009,0.699274472954323,0.06376595462007795,0.06376595462007795
10855,patient,SHAP,Counterfactual,True,0.7765690314136892,0.49385201220520925,0.2827170192084799,0.0645877184286916
10855,auditor,SHAP,SHAP,False,0.8,0.8,0.0,0.19099148330745452
7878,doctor,Counterfactual,Counterfactual,False,0.8166666666666667,0.8166666666666667,0.0,0.07377321751774091
7878,patient,Counterfactual,Counterfactual,False,0.7944444444444444,0.7944444444444444,0.0,0.11070218361702466
7878,auditor,Counterfactual,SHAP,True,0.7854301426519135,0.7444444444444445,0.040985698207469,0.021382654362338105
2915,doctor,SHAP,SHAP,False,0.6301238425386907,0.6301238425386907,0.0,0.1623588104807318
2915,patient,SHAP,Counterfactual,True,0.6504891436020275,0.25522734699873395,0.3952617966032935,0.22217529399965003
2915,auditor,SHAP,SHAP,False,0.7807864948105115,0.7807864948105115,0.0,0.306602723866953
16253,doctor,SHAP,Rules,True,0.46400306829964566,0.44490676473466095,0.019096303564984707,0.019096303564984707
16253,patient,SHAP,Counterfactual,True,0.6386293171711553,0.37413516051498624,0.2644941566561691,0.21827854393879925
16253,auditor,SHAP,SHAP,False,0.6117175834333899,0.6117175834333899,0.0,0.2425321357783859
1203,doctor,SHAP,SHAP,False,0.47006301819004626,0.47006301819004626,0.0,0.06546844535769891
1203,patient,SHAP,Rules,True,0.6777777777777777,0.33332001058447425,0.34445776719330345,0.19722376994431096
1203,auditor,SHAP,SHAP,False,0.6130017715563236,0.6130017715563236,0.0,0.2130017715563236
13658,doctor,SHAP,Counterfactual,True,0.7507529184277941,0.684083295460913,0.06666962296688117,0.06666962296688117
13658,patient,SHAP,Counterfactual,True,0.7724731950314869,0.4935278911754156,0.2789453038560713,0.17907149256106714
13658,auditor,SHAP,SHAP,False,0.7829738778453839,0.7829738778453839,0.0,0.13434471112713986
9279,doctor,SHAP,SHAP,False,0.5037927877135032,0.5037927877135032,0.0,0.10379278771350325
9279,patient,SHAP,Rules,True,0.6777777777777777,0.3540145913155623,0.3237631864622154,0.07222222222222219
9279,auditor,SHAP,SHAP,False,0.6486161974089093,0.6486161974089093,0.0,0.25764143203778794
12584,doctor,SHAP,SHAP,False,0.5090599051895699,0.5090599051895699,0.0,0.10328378694748547
12584,patient,SHAP,Counterfactual,True,0.4721874152815946,0.33219694820187856,0.13999046707971602,0.12167115338977968
12584,auditor,SHAP,SHAP,False,0.6551702000677877,0.6551702000677877,0.0,0.26091843336722714
15598,doctor,SHAP,SHAP,False,0.5177805246496656,0.5177805246496656,0.0,0.16778052464966564
15598,patient,SHAP,Counterfactual,True,0.3847915433030875,0.3741498014986632,0.010641741804424287,0.010641741804424287
15598,auditor,SHAP,SHAP,False,0.6170165786702501,0.6170165786702501,0.0,0.4525485396417439
4703,doctor,SHAP,Counterfactual,True,0.8054137430515808,0.7047573597377258,0.10065638331385496,0.07400960227390518
4703,patient,SHAP,Counterfactual,True,0.7906934699060825,0.5161367516472593,0.2745567182588232,0.11078097853574609
4703,auditor,SHAP,SHAP,False,0.7807683548543388,0.7807683548543388,0.0,0.04278895419310802
18996,doctor,SHAP,SHAP,False,0.4536851849931902,0.4536851849931902,0.0,0.05368518499319025
18996,patient,SHAP,Rules,True,0.6777777777777777,0.3312471610934105,0.3465306166843672,0.19450267079624328
18996,auditor,SHAP,SHAP,False,0.6081185541840635,0.6081185541840635,0.0,0.2991473819604251
11689,doctor,SHAP,SHAP,False,0.517824068130076,0.517824068130076,0.0,0.12251529140735329
11689,patient,SHAP,Counterfactual,True,0.4825367092073436,0.3739437992241945,0.10859290998314908,0.10859290998314908
11689,auditor,SHAP,SHAP,False,0.6316962632279988,0.6316962632279988,0.0,0.24918146494733273
18330,doctor,LIME,Counterfactual,True,0.8166666666666667,0.6338880451453658,0.18277862152130087,0.1243344673019372
18330,patient,LIME,Counterfactual,True,0.7944444444444444,0.4611705154031259,0.3332739290413185,0.05518133855284513
18330,auditor,LIME,SHAP,True,0.7688350720673849,0.6666666666666667,0.10216840540071814,0.02439062762294042
15239,doctor,Rules,Rules,False,0.5499999999999999,0.5499999999999999,0.0,0.021273961551927956
15239,patient,Rules,Rules,False,0.42777777777777776,0.42777777777777776,0.0,0.040882972106783766
15239,auditor,Rules,Rules,False,0.7944444444444445,0.7944444444444445,0.0,0.12777777777777777
18432,doctor,SHAP,Rules,True,0.6826598269114396,0.5984217448499083,0.08423808206153127,0.033333333333333326
18432,patient,SHAP,Rules,True,0.6053310534149243,0.424367008729681,0.18096404468524335,0.021622516460272245
18432,auditor,SHAP,SHAP,False,0.6661342480893492,0.6661342480893492,0.0,0.07874174131522604
8136,doctor,Rules,Rules,False,0.5497786164515251,0.5497786164515251,0.0,0.021818693354506702
8136,patient,Rules,Counterfactual,True,0.6055555555555555,0.42770398326161946,0.17785157229393606,0.17785157229393606
8136,auditor,Rules,Rules,False,0.7938540883151781,0.7938540883151781,0.0,0.12744993129555682
2022,doctor,SHAP,SHAP,False,0.6348058267010673,0.6348058267010673,0.0,0.1414912030185232
2022,patient,SHAP,Counterfactual,True,0.6444444444444444,0.23770858902420808,0.40673585542023627,0.24931323588152932
2022,auditor,SHAP,SHAP,False,0.7999429587286592,0.7999429587286592,0.0,0.2948668839672448
19727,doctor,SHAP,SHAP,False,0.5820284673633915,0.5820284673633915,0.0,0.15234182526261197
19727,patient,SHAP,SHAP,False,0.45810849355213523,0.45810849355213523,0.0,0.06113851866904846
19727,auditor,SHAP,SHAP,False,0.6666666666666667,0.6666666666666667,0.0,0.2666666666666667
8472,doctor,SHAP,SHAP,False,0.5359534823422746,0.5359534823422746,0.0,0.1359534823422746
8472,patient,SHAP,Rules,True,0.6777777777777777,0.36564253105895184,0.31213524671882587,0.2863620174597811
8472,auditor,SHAP,SHAP,False,0.6666666666666667,0.6666666666666667,0.0,0.2666666666666667
10584,doctor,Counterfactual,Counterfactual,False,0.7389206961026652,0.7389206961026652,0.0,0.2684220009267991
10584,patient,Counterfactual,Counterfactual,False,0.5437058445342712,0.5437058445342712,0.0,0.1851534474495387
10584,auditor,Counterfactual,Counterfactual,False,0.6574498170257759,0.6574498170257759,0.0,0.11663983457943672
13034,doctor,SHAP,Counterfactual,True,0.6514357505160083,0.550381829402165,0.10105392111384337,0.10105392111384337
13034,patient,SHAP,Counterfactual,True,0.5312373968568234,0.45308956993175264,0.07814782692507072,0.07814782692507072
13034,auditor,SHAP,SHAP,False,0.7121710948743829,0.7121710948743829,0.0,0.0824908491279972
11084,doctor,SHAP,SHAP,False,0.4527133993040576,0.4527133993040576,0.0,0.07273087998548178
11084,patient,SHAP,Rules,True,0.5377719508839697,0.4120508289544642,0.12572112192950546,0.052937579146270175
11084,auditor,SHAP,SHAP,False,0.6225794044938231,0.6225794044938231,0.0,0.27524413428370675
10093,doctor,SHAP,SHAP,False,0.6640679882197416,0.6640679882197416,0.0,0.048957565799970126
10093,patient,SHAP,Counterfactual,True,0.5891708971157948,0.4370959998678607,0.15207489724793416,0.15207489724793416
10093,auditor,SHAP,SHAP,False,0.7907019606622897,0.7907019606622897,0.0,0.21409055492066054
18117,doctor,SHAP,Rules,True,0.8140616589796213,0.6163015789114692,0.19776008006815216,0.033333333333333326
18117,patient,SHAP,Rules,True,0.8157983307709848,0.42545173287493004,0.3903465978960548,0.033333333333333326
18117,auditor,SHAP,SHAP,False,0.765166925301857,0.765166925301857,0.0,0.06655805691175565
4247,doctor,SHAP,SHAP,False,0.5622768154221989,0.5622768154221989,0.0,0.2122768154221989
4247,patient,SHAP,SHAP,False,0.4053250836908446,0.4053250836908446,0.0,0.01697636561396887
4247,auditor,SHAP,SHAP,False,0.6666666666666667,0.6666666666666667,0.0,0.6666666666666667
8075,doctor,SHAP,SHAP,False,0.5539459041262996,0.5539459041262996,0.0,0.1709528530693421
8075,patient,SHAP,Rules,True,0.646112366208855,0.3078783380681791,0.33823402814067594,0.040556810653299524
8075,auditor,SHAP,SHAP,False,0.7757065407431312,0.7757065407431312,0.0,0.38380436049542077
10834,doctor,SHAP,Rules,True,0.797671901307037,0.6348605070127022,0.16281139429433478,0.16281139429433478
10834,patient,SHAP,Counterfactual,True,0.6778682642638474,0.43518166734377695,0.24268659692007044,0.03419985271705728
10834,auditor,SHAP,SHAP,False,0.7588162424614522,0.7588162424614522,0.0,0.05680220221196319
16076,doctor,SHAP,Counterfactual,True,0.769308039391792,0.6817802864119897,0.08752775297980231,0.022951066757128658
16076,patient,SHAP,Counterfactual,True,0.7786582353528195,0.5132014076437702,0.2654568277090493,0.01876146669682055
16076,auditor,SHAP,SHAP,False,0.7833131185779895,0.7833131185779895,0.0,0.16515834686654385
14798,doctor,SHAP,Counterfactual,True,0.764209779682735,0.671197485422908,0.09301229425982693,0.09301229425982693
14798,patient,SHAP,Counterfactual,True,0.7769588154498005,0.4662718623232168,0.3106869531265837,0.3106869531265837
14798,auditor,SHAP,SHAP,False,0.7460139694328681,0.7460139694328681,0.0,0.1333333333333333
8575,doctor,SHAP,Rules,True,0.5756552691883078,0.46795979890740635,0.10769547028090143,0.050000000000000044
8575,patient,SHAP,Rules,True,0.7363295341738804,0.3129450246925119,0.42338450948136847,0.2681766588070627
8575,auditor,SHAP,SHAP,False,0.6238737167863772,0.6238737167863772,0.0,0.1333333333333333
19567,doctor,SHAP,Counterfactual,True,0.8030102071176225,0.7235303965695409,0.07947981054808162,0.07034539696626507
19567,patient,SHAP,Counterfactual,True,0.7898922912614297,0.5161401385976894,0.2737521526637403,0.00955957676653274
19567,auditor,SHAP,SHAP,False,0.7874605030839014,0.7874605030839014,0.0,0.04997598444383966
15080,doctor,SHAP,SHAP,False,0.45519411791403397,0.45519411791403397,0.0,0.04703212587431971
15080,patient,SHAP,Rules,True,0.6818606445788783,0.33011360756167785,0.35174703701720045,0.03676467166744535
15080,auditor,SHAP,SHAP,False,0.6096573932726366,0.6096573932726366,0.0,0.20301240163942263
15979,doctor,SHAP,SHAP,False,0.4843459356118124,0.4843459356118124,0.0,0.09248250271503855
15979,patient,SHAP,SHAP,False,0.3930985677214588,0.3930985677214588,0.0,0.005650539032779511
15979,auditor,SHAP,SHAP,False,0.5153242548787011,0.5153242548787011,0.0,0.20924740229045635
12250,doctor,Counterfactual,Counterfactual,False,0.7999999999999999,0.7999999999999999,0.0,0.27794952911145976
12250,patient,Counterfactual,Counterfactual,False,0.6546217623130017,0.6546217623130017,0.0,0.2165699602766329
12250,auditor,Counterfactual,Counterfactual,False,0.7388888888888889,0.7388888888888889,0.0,0.19852269653248578
9676,doctor,Rules,Rules,False,0.7348484848484849,0.7348484848484849,0.0,0.017619310875204075
9676,patient,Rules,Rules,False,0.5681818181818182,0.5681818181818182,0.0,0.05886601595526486
9676,auditor,Rules,Rules,False,0.7833333333333334,0.7833333333333334,0.0,0.002539517019158666
18396,doctor,SHAP,Counterfactual,True,0.8006944877761802,0.7071923956347996,0.09350209214138061,0.09350209214138061
18396,patient,SHAP,Counterfactual,True,0.7891203848142823,0.5113712046680586,0.27774918014622363,0.12038083830470159
18396,auditor,SHAP,SHAP,False,0.7992352351493661,0.7992352351493661,0.0,0.09738326774621853
858,doctor,SHAP,Counterfactual,True,0.7153248617914186,0.6738562861104802,0.041468575680938424,0.041468575680938424
858,patient,SHAP,Counterfactual,True,0.6271124350122395,0.46615121294511275,0.1609612220671267,0.1609612220671267
858,auditor,SHAP,SHAP,False,0.7570807327991018,0.7570807327991018,0.0,0.13333333333333341
10885,doctor,SHAP,SHAP,False,0.5367498870388667,0.5367498870388667,0.0,0.023885724279929077
10885,patient,SHAP,Rules,True,0.6777777777777777,0.35381908401677553,0.32395869376100217,0.2899848272268308
10885,auditor,SHAP,SHAP,False,0.6666666666666667,0.6666666666666667,0.0,0.13333333333333341
19845,doctor,LIME,Counterfactual,True,0.7521651300919058,0.5483817228369112,0.20378340725499455,0.1312846526288146
19845,patient,LIME,Counterfactual,True,0.7729439322528575,0.41539389056502535,0.35755004168783217,0.31477952760199085
19845,auditor,LIME,SHAP,True,0.7024781848367659,0.5909593534273228,0.11151883140944319,0.11151883140944319
13416,doctor,SHAP,SHAP,False,0.5079289241365517,0.5079289241365517,0.0,0.15792892413655168
13416,patient,SHAP,SHAP,False,0.42195354953170533,0.42195354953170533,0.0,0.03230747978039922
13416,auditor,SHAP,SHAP,False,0.5333333333333333,0.5333333333333333,0.0,0.2666666666666666
12026,doctor,Rules,Rules,False,0.85,0.85,0.0,0.20610873177792455
12026,patient,Rules,Rules,False,0.8277777777777777,0.8277777777777777,0.0,0.37568222757895214
12026,auditor,Rules,Rules,False,0.7944444444444445,0.7944444444444445,0.0,0.033123998378513875
1754,doctor,SHAP,SHAP,False,0.5824226727848886,0.5824226727848886,0.0,0.10352541759094258
1754,patient,SHAP,Counterfactual,True,0.550230758691685,0.391257251820926,0.158973506870759,0.158973506870759
1754,auditor,SHAP,SHAP,False,0.725563868270868,0.725563868270868,0.0,0.2409997178491674
8792,doctor,SHAP,SHAP,False,0.5661890195371623,0.5661890195371623,0.0,0.00010776725707950519
8792,patient,SHAP,Rules,True,0.5348925811693844,0.2990713393161383,0.23582124185324616,0.14650387049989022
8792,auditor,SHAP,SHAP,False,0.7960927860049157,0.7960927860049157,0.0,0.28670236356376033
11385,doctor,LIME,Counterfactual,True,0.6295282478279706,0.5936455221507021,0.03588272567726847,0.0005396703359891175
11385,patient,LIME,Rules,True,0.5747180411369593,0.4611206360104969,0.11359740512646244,0.0765364854926106
11385,auditor,LIME,SHAP,True,0.7429680112782504,0.620970552424257,0.12199745885399338,0.12199745885399338
6497,doctor,SHAP,SHAP,False,0.5384312618963544,0.5384312618963544,0.0,0.09318076707068429
6497,patient,SHAP,LIME,True,0.36490351483029104,0.3647349974956516,0.00016851733463946195,0.00016851733463946195
6497,auditor,SHAP,SHAP,False,0.6842065378298354,0.6842065378298354,0.0,0.24289220776656695
20095,doctor,SHAP,SHAP,False,0.6747813308305612,0.6747813308305612,0.0,0.029286801773451
20095,patient,SHAP,Counterfactual,True,0.604663057489942,0.46824160783463087,0.1364214496553111,0.1364214496553111
20095,auditor,SHAP,SHAP,False,0.8,0.8,0.0,0.22062634167532247
20847,doctor,Rules,Rules,False,0.85,0.85,0.0,0.050153753375122956
20847,patient,Rules,Rules,False,0.8277777777777777,0.8277777777777777,0.0,0.22954869435478809
20847,auditor,Rules,Rules,False,0.7944444444444445,0.7944444444444445,0.0,0.011985956303902534
13393,doctor,Counterfactual,Counterfactual,False,0.7993782152650252,0.7993782152650252,0.0,0.15079772468910735
13393,patient,Counterfactual,Counterfactual,False,0.560562736069793,0.560562736069793,0.0,0.12144500644863959
13393,auditor,Counterfactual,Counterfactual,False,0.7380598425755892,0.7380598425755892,0.0,0.07249780783413451
3418,doctor,SHAP,SHAP,False,0.45391294799588455,0.45391294799588455,0.0,0.06568683654707391
3418,patient,SHAP,SHAP,False,0.3875762318687694,0.3875762318687694,0.0,0.0013178115678241231
3418,auditor,SHAP,SHAP,False,0.5770343409059233,0.5770343409059233,0.0,0.21574488956611215
94,doctor,SHAP,SHAP,False,0.5287658047912522,0.5287658047912522,0.0,0.23702525466337926
94,patient,SHAP,SHAP,False,0.4192420919267571,0.4192420919267571,0.0,0.0686345314634747
94,auditor,SHAP,SHAP,False,0.6444685509691086,0.6444685509691086,0.0,0.48089643693696194
16804,doctor,Rules,Rules,False,0.5499999999999999,0.5499999999999999,0.0,0.06951667343866097
16804,patient,Rules,Counterfactual,True,0.46465814466741423,0.42777777777777776,0.03688036688963647,0.03688036688963647
16804,auditor,Rules,Rules,False,0.7944444444444445,0.7944444444444445,0.0,0.26520449954896175
12553,doctor,SHAP,SHAP,False,0.6746918479371578,0.6746918479371578,0.0,0.05017095742671507
12553,patient,SHAP,Counterfactual,True,0.6742996756726471,0.3063819551140346,0.36791772055861255,0.15141488772324352
12553,auditor,SHAP,SHAP,False,0.8,0.8,0.0,0.13526402400211834
15108,doctor,Rules,SHAP,True,0.6013473646722937,0.5891132014374104,0.012234163234883244,0.012234163234883244
15108,patient,Rules,Counterfactual,True,0.6444444444444444,0.40272027349500983,0.24172417094943455,0.24172417094943455
15108,auditor,Rules,SHAP,True,0.7785819883866704,0.7647043437607258,0.01387764462594454,0.01387764462594454
4649,doctor,SHAP,SHAP,False,0.6680370422161657,0.6680370422161657,0.0,0.10200503659581162
4649,patient,SHAP,Counterfactual,True,0.5152071004168038,0.4346693735267663,0.08053772689003752,0.08053772689003752
4649,auditor,SHAP,SHAP,False,0.7924032997839279,0.7924032997839279,0.0,0.23777877756523025
9333,doctor,SHAP,Rules,True,0.8127287566921051,0.6238346186253847,0.1888941380667204,0.10046505829427921
9333,patient,SHAP,Rules,True,0.8153540300084795,0.4151292141975058,0.4002248158109737,0.24362921030200446
9333,auditor,SHAP,SHAP,False,0.8,0.8,0.0,0.10494553770994186
9496,doctor,SHAP,SHAP,False,0.4898267212753039,0.4898267212753039,0.0,0.06579858835469188
9496,patient,SHAP,Rules,True,0.6777777777777777,0.3787576653999704,0.2990201123778073,0.033333333333333326
9496,auditor,SHAP,SHAP,False,0.5329135385912079,0.5329135385912079,0.0,0.13521944050586993
11118,doctor,Rules,Rules,False,0.7333333333333333,0.7333333333333333,0.0,0.1951249538598726
11118,patient,Rules,Rules,False,0.6555555555555556,0.6555555555555556,0.0,0.235994434657901
11118,auditor,Rules,Rules,False,0.788888888888889,0.788888888888889,0.0,0.18352058849170216
15755,doctor,Counterfactual,Counterfactual,False,0.7999999999999999,0.7999999999999999,0.0,0.2710441523815057
15755,patient,Counterfactual,Counterfactual,False,0.6524384466991061,0.6524384466991061,0.0,0.23068170358792411
15755,auditor,Counterfactual,Counterfactual,False,0.7388888888888889,0.7388888888888889,0.0,0.11102305596441264
11116,doctor,SHAP,SHAP,False,0.6222319478697285,0.6222319478697285,0.0,0.11999861509936627
11116,patient,SHAP,Counterfactual,True,0.560131757651441,0.38829265720211453,0.17183910044932643,0.17183910044932643
11116,auditor,SHAP,SHAP,False,0.7542427327571067,0.7542427327571067,0.0,0.24405159913019736
5435,doctor,SHAP,SHAP,False,0.5864785092024262,0.5864785092024262,0.0,0.1668393777462941
5435,patient,SHAP,Counterfactual,True,0.4852004450581464,0.33200821579086937,0.15319222926727705,0.14010582427993135
5435,auditor,SHAP,SHAP,False,0.7968479027338281,0.7968479027338281,0.0,0.39789860182255204
2274,doctor,SHAP,Counterfactual,True,0.775758644358691,0.6840978687468136,0.09166077561187747,0.09166077561187747
2274,patient,SHAP,Counterfactual,True,0.7808084370084526,0.49898188266430143,0.28182655434415116,0.19035847394442718
2274,auditor,SHAP,SHAP,False,0.7686360340769164,0.7686360340769164,0.0,0.1332796491204068
14409,doctor,SHAP,Rules,True,0.4296954141603223,0.3979198295187864,0.0317755846415359,0.0317755846415359
14409,patient,SHAP,Rules,True,0.6876762491645518,0.36352716955611786,0.324149079608434,0.3039670526652645
14409,auditor,SHAP,SHAP,False,0.468770565996571,0.468770565996571,0.0,0.41985354812669906
16186,doctor,SHAP,SHAP,False,0.45624551565739646,0.45624551565739646,0.0,0.01877431236185606
16186,patient,SHAP,Rules,True,0.6777777777777777,0.35138505077368504,0.32639272700409266,0.2352351365566055
16186,auditor,SHAP,SHAP,False,0.5664790063270637,0.5664790063270637,0.0,0.1664790063270637
18430,doctor,Rules,Rules,False,0.7333333333333333,0.7333333333333333,0.0,0.18330344950328326
18430,patient,Rules,Rules,False,0.6555555555555556,0.6555555555555556,0.0,0.23166318972534622
18430,auditor,Rules,Rules,False,0.788888888888889,0.788888888888889,0.0,0.18658106940772456
11797,doctor,SHAP,SHAP,False,0.47623164871552764,0.47623164871552764,0.0,0.0445981129164455
11797,patient,SHAP,Counterfactual,True,0.38784529048696054,0.37323621195199735,0.014609078534963182,0.014609078534963182
11797,auditor,SHAP,SHAP,False,0.5333333333333333,0.5333333333333333,0.0,0.1333333333333333
3670,doctor,SHAP,SHAP,False,0.7186290625563095,0.7186290625563095,0.0,0.01966438111004709
3670,patient,SHAP,Counterfactual,True,0.7552104493709764,0.39937053773133063,0.35583991163964573,0.1566627040457832
3670,auditor,SHAP,SHAP,False,0.8,0.8,0.0,0.1817457012600736
3715,doctor,SHAP,SHAP,False,0.5734773776986364,0.5734773776986364,0.0,0.15567631667465742
3715,patient,SHAP,Rules,True,0.6777777777777777,0.44991560424135446,0.22786217353642324,0.22786217353642324
3715,auditor,SHAP,SHAP,False,0.6666666666666667,0.6666666666666667,0.0,0.2666666666666667
3916,doctor,SHAP,SHAP,False,0.5022840294533547,0.5022840294533547,0.0,0.10228402945335474
3916,patient,SHAP,Rules,True,0.6777777777777777,0.34092649373810485,0.33685128403967285,0.28849553217701035
3916,auditor,SHAP,SHAP,False,0.6354153009017045,0.6354153009017045,0.0,0.2510409837841856
19369,doctor,SHAP,SHAP,False,0.6536636738640943,0.6536636738640943,0.0,0.12321691530080758
19369,patient,SHAP,SHAP,False,0.43773206321163144,0.43773206321163144,0.0,0.02125146476850609
19369,auditor,SHAP,SHAP,False,0.7834319863905063,0.7834319863905063,0.0,0.21467041200180637
17532,doctor,SHAP,Rules,True,0.8159959622139976,0.5924964880777975,0.22349947413620008,0.07447293918360887
17532,patient,SHAP,Counterfactual,True,0.7693965632323518,0.39872937540868364,0.3706671878236682,0.11962013138324157
17532,auditor,SHAP,SHAP,False,0.7706278554666854,0.7706278554666854,0.0,0.02797195622935833
10679,doctor,LIME,Counterfactual,True,0.7286206932214737,0.5113329417999776,0.21728775142149614,0.18641715157793037
10679,patient,LIME,Counterfactual,True,0.7650957866293802,0.47125105824864266,0.2938447283807375,0.2938447283807375
10679,auditor,LIME,Counterfactual,True,0.6270498131841873,0.5795516241216149,0.047498189062572416,0.021217163709452036
16729,doctor,Counterfactual,Counterfactual,False,0.6369026436749862,0.6369026436749862,0.0,0.090435496466435
16729,patient,Counterfactual,Counterfactual,False,0.7354547740873233,0.7354547740873233,0.0,0.2894350302327863
16729,auditor,Counterfactual,Counterfactual,False,0.65848576301596,0.65848576301596,0.0,0.09117027116760967
12555,doctor,Rules,Rules,False,0.7355268259482521,0.7355268259482521,0.0,0.263455243304635
12555,patient,Rules,Rules,False,0.7896200530938619,0.7896200530938619,0.0,0.45937997559748694
12555,auditor,Rules,Rules,False,0.6418135457087807,0.6418135457087807,0.0,0.1014202619262855
16258,doctor,SHAP,Counterfactual,True,0.7642948518301822,0.6820068619944805,0.08228798983570174,0.08228798983570174
16258,patient,SHAP,Counterfactual,True,0.7769871728322829,0.5270874672482023,0.2498997055840806,0.06344406398834568
16258,auditor,SHAP,SHAP,False,0.8,0.8,0.0,0.15664260130472907
13341,doctor,Rules,Counterfactual,True,0.7504505406265389,0.7347033879204238,0.015747152706115153,0.015747152706115153
13341,patient,Rules,Counterfactual,True,0.6461881905365032,0.5681334525391312,0.07805473799737206,0.07805473799737206
13341,auditor,Rules,Rules,False,0.7830263379082828,0.7830263379082828,0.0,0.02761389256042679
735,doctor,Rules,Rules,False,0.85,0.85,0.0,0.07831042115969744
735,patient,Rules,Rules,False,0.8277777777777777,0.8277777777777777,0.0,0.18719793559637732
735,auditor,Rules,Rules,False,0.7944444444444445,0.7944444444444445,0.0,0.09330278376848555
8331,doctor,Rules,Rules,False,0.6080082590046809,0.6080082590046809,0.0,0.02115141479540661
8331,patient,Rules,Rules,False,0.4887805307793381,0.4887805307793381,0.0,0.09765912416474576
8331,auditor,Rules,SHAP,True,0.7994222987444489,0.7884554564506857,0.010966842293763213,0.010966842293763213
4224,doctor,SHAP,SHAP,False,0.5652443975570202,0.5652443975570202,0.0,0.16073896627230017
4224,patient,SHAP,Rules,True,0.6777777777777777,0.3408502984843738,0.3369274792934039,0.04903990755348897
4224,auditor,SHAP,SHAP,False,0.766605949156795,0.766605949156795,0.0,0.366605949156795
14993,doctor,SHAP,SHAP,False,0.5786401897152361,0.5786401897152361,0.0,0.17864018971523615
14993,patient,SHAP,Rules,True,0.6777777777777777,0.45904841393622053,0.21872936384155717,0.16523557865400573
14993,auditor,SHAP,SHAP,False,0.6666666666666667,0.6666666666666667,0.0,0.4
6678,doctor,SHAP,SHAP,False,0.7002243812067348,0.7002243812067348,0.0,0.027562815548330732
6678,patient,SHAP,Rules,True,0.6201801178457307,0.5019991092947962,0.1181810085509345,0.1181810085509345
6678,auditor,SHAP,SHAP,False,0.765768433972354,0.765768433972354,0.0,0.10197797619026028
15546,doctor,SHAP,SHAP,False,0.4120674792220632,0.4120674792220632,0.0,0.012067479222063249
15546,patient,SHAP,Rules,True,0.6777777777777777,0.37472418453570316,0.30305359324207454,0.16734574297741045
15546,auditor,SHAP,SHAP,False,0.4,0.4,0.0,0.40555555555555556
18333,doctor,SHAP,SHAP,False,0.494337939012916,0.494337939012916,0.0,0.10644330660282014
18333,patient,SHAP,Counterfactual,True,0.4779209583306043,0.3756473083038001,0.10227365002680416,0.10227365002680416
18333,auditor,SHAP,SHAP,False,0.6414350869916561,0.6414350869916561,0.0,0.31249103259610156
16313,doctor,LIME,Rules,True,0.7030332124487368,0.5810061923172612,0.1220270201314756,0.05305599105049719
16313,patient,LIME,Rules,True,0.5858063924536726,0.37766539163579826,0.20814100081787434,0.09725386830501648
16313,auditor,LIME,SHAP,True,0.7327818946918536,0.6328518394370329,0.09993005525482068,0.016831947999941033
15594,doctor,SHAP,SHAP,False,0.5352268566586121,0.5352268566586121,0.0,0.13522685665861217
15594,patient,SHAP,Rules,True,0.6777777777777777,0.3733554500438936,0.3044223277338841,0.20694127274716984
15594,auditor,SHAP,SHAP,False,0.6476572090461026,0.6476572090461026,0.0,0.2571619378563846
5701,doctor,SHAP,SHAP,False,0.4828438466011643,0.4828438466011643,0.0,0.06711799083218745
5701,patient,SHAP,Counterfactual,True,0.5135332492756582,0.3947266941944935,0.11880655508116472,0.11880655508116472
5701,auditor,SHAP,SHAP,False,0.5127616905740269,0.5127616905740269,0.0,0.1393926239906913
16331,doctor,SHAP,SHAP,False,0.5701944893622506,0.5701944893622506,0.0,0.17350515242131131
16331,patient,SHAP,Counterfactual,True,0.3855037803067673,0.3035763668249894,0.0819274134817779,0.003685598488585462
16331,auditor,SHAP,SHAP,False,0.7958522928215641,0.7958522928215641,0.0,0.39753963631305966
6130,doctor,SHAP,Counterfactual,True,0.7385880466153809,0.6681568334666761,0.07043121314870482,0.07043121314870482
6130,patient,SHAP,Counterfactual,True,0.7684182377606825,0.4808561458613916,0.28756209189929094,0.1482698588981748
6130,auditor,SHAP,SHAP,False,0.8,0.8,0.0,0.1540777668957798
12204,doctor,SHAP,Rules,True,0.7494432486213047,0.7073593346037187,0.042083914017586044,0.042083914017586044
12204,patient,SHAP,Counterfactual,True,0.7536213489580456,0.4256782805373133,0.32794306842073223,0.15760810234158718
12204,auditor,SHAP,SHAP,False,0.7948957690540028,0.7948957690540028,0.0,0.06450909436795016
1611,doctor,Rules,Rules,False,0.7339928186461321,0.7339928186461321,0.0,0.014233502847201818
1611,patient,Rules,Rules,False,0.5678965961143674,0.5678965961143674,0.0,0.05720011530826985
1611,auditor,Rules,SHAP,True,0.7865163046701873,0.7810515567937263,0.005464747876461007,0.005464747876461007
17231,doctor,Rules,SHAP,True,0.5938278456822168,0.5498242015837848,0.04400364409843205,0.04400364409843205
17231,patient,Rules,Rules,False,0.427719178305706,0.427719178305706,0.0,0.04571052420087607
17231,auditor,Rules,SHAP,True,0.7994098128854901,0.7939756486678705,0.005434164217619553,0.005434164217619553
20422,doctor,Rules,Rules,False,0.7947515580126548,0.7947515580126548,0.0,0.3305843111063249
20422,patient,Rules,Rules,False,0.8093616304486627,0.8093616304486627,0.0,0.27659553151307126
20422,auditor,Rules,Rules,False,0.6471152658115242,0.6471152658115242,0.0,0.02326022388276261
16950,doctor,Rules,Rules,False,0.8250110891777164,0.8250110891777164,0.0,0.08703896018264434
16950,patient,Rules,Counterfactual,True,0.7682129318872462,0.6527814741703499,0.11543145771689622,0.11543145771689622
16950,auditor,Rules,Rules,False,0.7666962378072438,0.7666962378072438,0.0,0.07637470629036425
17474,doctor,SHAP,Counterfactual,True,0.7929649386550063,0.7213534651126565,0.07161147354234976,0.07161147354234976
17474,patient,SHAP,Counterfactual,True,0.5551458045801273,0.49756005030011896,0.05758575428000834,0.05758575428000834
17474,auditor,SHAP,SHAP,False,0.7895101574872245,0.7895101574872245,0.0,0.06146213015596924
18508,doctor,SHAP,SHAP,False,0.5873999114206906,0.5873999114206906,0.0,0.029189941302842026
18508,patient,SHAP,Counterfactual,True,0.5941328304372004,0.4573827909477805,0.13675003948941994,0.13675003948941994
18508,auditor,SHAP,SHAP,False,0.7651739122326912,0.7651739122326912,0.0,0.30750920603615245
16611,doctor,SHAP,Counterfactual,True,0.7495020931181879,0.6827216866434995,0.06678040647468841,0.06678040647468841
16611,patient,SHAP,Counterfactual,True,0.7720562532616182,0.5069315736664135,0.2651246795952047,0.01998467095740375
16611,auditor,SHAP,SHAP,False,0.8,0.8,0.0,0.2346610850181653
12491,doctor,SHAP,SHAP,False,0.5026686506326101,0.5026686506326101,0.0,0.050064281496530916
12491,patient,SHAP,Rules,True,0.6953125674898042,0.38434095165053284,0.31097161583927135,0.050868123045359814
12491,auditor,SHAP,SHAP,False,0.6217309750634767,0.6217309750634767,0.0,0.2929565287816055
16419,doctor,Counterfactual,Counterfactual,False,0.8139160764650856,0.8139160764650856,0.0,0.08053250826361003
16419,patient,Counterfactual,Counterfactual,False,0.7935275810439174,0.7935275810439174,0.0,0.1129552805323144
16419,auditor,Counterfactual,SHAP,True,0.7877409935655545,0.7371095372402284,0.05063145632532606,0.035785911787917124
8107,doctor,Counterfactual,Counterfactual,False,0.8166666666666667,0.8166666666666667,0.0,0.10340534844629823
8107,patient,Counterfactual,Counterfactual,False,0.7944444444444444,0.7944444444444444,0.0,0.12119355203876103
8107,auditor,Counterfactual,SHAP,True,0.7880907676751513,0.7444444444444445,0.04364632323070683,0.04364632323070683
13103,doctor,SHAP,SHAP,False,0.47839277748600906,0.47839277748600906,0.0,0.07042884293360197
13103,patient,SHAP,Counterfactual,True,0.47922000446034935,0.3653405397814301,0.11387946467891924,0.11387946467891924
13103,auditor,SHAP,SHAP,False,0.5279577486029879,0.5279577486029879,0.0,0.15704546497203442
17661,doctor,SHAP,Rules,True,0.8251060763220196,0.687102225530093,0.13800385079192656,0.13800385079192656
17661,patient,SHAP,Counterfactual,True,0.6874299148183023,0.43547495380306034,0.25195496101524195,0.03461677826651799
17661,auditor,SHAP,SHAP,False,0.792194488664365,0.792194488664365,0.0,0.02524495180564601
5282,doctor,SHAP,SHAP,False,0.5759242503190192,0.5759242503190192,0.0,0.18733018853298933
5282,patient,SHAP,Counterfactual,True,0.4857993981101456,0.34109293074363395,0.14470646736651166,0.14470646736651166
5282,auditor,SHAP,SHAP,False,0.7667341310176954,0.7667341310176954,0.0,0.4191811330044038
8935,doctor,SHAP,Counterfactual,True,0.47396627035311234,0.4660113189157147,0.007954951437397662,0.007954951437397662
8935,patient,SHAP,Rules,True,0.6777777777777777,0.36933626705957423,0.30844151071820347,0.10004459280455746
8935,auditor,SHAP,SHAP,False,0.5828020467234216,0.5828020467234216,0.0,0.10392014704296271
13154,doctor,SHAP,SHAP,False,0.5271714862805421,0.5271714862805421,0.0,0.2648422915986316
13154,patient,SHAP,Counterfactual,True,0.5240943456985075,0.3711883602969396,0.15290598540156797,0.15290598540156797
13154,auditor,SHAP,SHAP,False,0.6601236486049087,0.6601236486049087,0.0,0.6043527672576076
9406,doctor,SHAP,SHAP,False,0.595498028934179,0.595498028934179,0.0,0.1181821939596685
9406,patient,SHAP,Counterfactual,True,0.5492323673662453,0.42801891102933853,0.12121345633690672,0.12121345633690672
9406,auditor,SHAP,SHAP,False,0.7785335490022876,0.7785335490022876,0.0,0.2908740206171956
14065,doctor,SHAP,SHAP,False,0.6440907878317784,0.6440907878317784,0.0,0.03146084623994139
14065,patient,SHAP,Counterfactual,True,0.5917246407751333,0.42653155004981336,0.16519309072531996,0.16519309072531996
14065,auditor,SHAP,SHAP,False,0.7802812330266717,0.7802812330266717,0.0,0.22374432817071477
3608,doctor,SHAP,Rules,True,0.8148749240072233,0.6002711876948447,0.2146037363123786,0.033333333333333326
3608,patient,SHAP,Rules,True,0.8160694191135188,0.42786776174955377,0.38820165736396506,0.033333333333333326
3608,auditor,SHAP,SHAP,False,0.7535793933718817,0.7535793933718817,0.0,0.052801818241508314
14627,doctor,SHAP,Counterfactual,True,0.5040549230454515,0.4752937760150415,0.028761147030409995,0.028761147030409995
14627,patient,SHAP,Counterfactual,True,0.5594471367885346,0.3068655287735012,0.25258160801503343,0.21876009913583389
14627,auditor,SHAP,SHAP,False,0.6212297626925015,0.6212297626925015,0.0,0.18515594268636276
7839,doctor,SHAP,SHAP,False,0.5602485892724489,0.5602485892724489,0.0,0.1906459827650679
7839,patient,SHAP,Rules,True,0.6521962971348602,0.3020351637945725,0.35016113334028764,0.27908744228900195
7839,auditor,SHAP,SHAP,False,0.7881953863112414,0.7881953863112414,0.0,0.4061163379074879
6067,doctor,LIME,LIME,False,0.4952562460157724,0.4952562460157724,0.0,0.0379453843454976
6067,patient,LIME,LIME,False,0.3586618557385515,0.3586618557385515,0.0,0.01130428972347075
6067,auditor,LIME,SHAP,True,0.5344466464563397,0.5274190876719274,0.007027558784412302,0.007027558784412302
7149,doctor,SHAP,Counterfactual,True,0.728328502446425,0.6704934084172203,0.057835094029204726,0.007344624638540576
7149,patient,SHAP,Counterfactual,True,0.7649983897043638,0.4731800312589439,0.2918183584454199,0.08855931932395789
7149,auditor,SHAP,SHAP,False,0.8,0.8,0.0,0.11070965917897468
7987,doctor,Rules,Rules,False,0.8333333333333333,0.8333333333333333,0.0,0.04496899145731659
7987,patient,Rules,Counterfactual,True,0.7850103361808944,0.6555555555555556,0.12945478062533888,0.12945478062533888
7987,auditor,Rules,Rules,False,0.788888888888889,0.788888888888889,0.0,0.020988923739983067
111,doctor,SHAP,Rules,True,0.7503841185765072,0.6989605563999833,0.051423562176523885,0.051423562176523885
111,patient,SHAP,Rules,True,0.6862391506366136,0.47349484205266423,0.21274430858394933,0.21274430858394933
111,auditor,SHAP,SHAP,False,0.7934008699345408,0.7934008699345408,0.0,0.025709887063854686
9407,doctor,LIME,Counterfactual,True,0.7999999999999999,0.6332605459116705,0.16673945408832946,0.16673945408832946
9407,patient,LIME,Counterfactual,True,0.6553428754375442,0.46060465915020793,0.19473821628733629,0.19473821628733629
9407,auditor,LIME,Counterfactual,True,0.7388888888888889,0.6666666666666667,0.07222222222222219,0.07222222222222219
17019,doctor,SHAP,Rules,True,0.8079736939970855,0.5694761980494683,0.23849749594761727,0.033333333333333326
17019,patient,SHAP,Rules,True,0.8137690091101396,0.40450874849764157,0.40926026061249804,0.033333333333333326
17019,auditor,SHAP,SHAP,False,0.7759780459204426,0.7759780459204426,0.0,0.09360375081710326
1121,doctor,Counterfactual,Counterfactual,False,0.8166666666666667,0.8166666666666667,0.0,0.3228286166786708
1121,patient,Counterfactual,Counterfactual,False,0.7944444444444444,0.7944444444444444,0.0,0.3900632784198026
1121,auditor,Counterfactual,Counterfactual,False,0.7444444444444445,0.7444444444444445,0.0,0.2509261268430065
18646,doctor,SHAP,Counterfactual,True,0.7807928350841815,0.7104099785777335,0.07038285650644804,0.03746225882382648
18646,patient,SHAP,Counterfactual,True,0.782486500583616,0.49694271809718155,0.28554378248643447,0.18324765352607075
18646,auditor,SHAP,SHAP,False,0.7942517113373039,0.7942517113373039,0.0,0.03231194445985974
20646,doctor,Counterfactual,Counterfactual,False,0.7276436247691213,0.7276436247691213,0.0,0.04622904348260204
20646,patient,Counterfactual,Counterfactual,False,0.7555555555555555,0.7555555555555555,0.0,0.21431103788451022
20646,auditor,Counterfactual,SHAP,True,0.7632406110836712,0.7388888888888889,0.02435172219478232,0.02435172219478232
19071,doctor,SHAP,SHAP,False,0.5119543313941888,0.5119543313941888,0.0,0.027235847922041534
19071,patient,SHAP,Counterfactual,True,0.545705372805125,0.3581202239824212,0.18758514882270377,0.1638731250631385
19071,auditor,SHAP,SHAP,False,0.6885692590861259,0.6885692590861259,0.0,0.210317143766032
17287,doctor,SHAP,SHAP,False,0.5417564399778036,0.5417564399778036,0.0,0.14175643997780368
17287,patient,SHAP,Rules,True,0.6777777777777777,0.3762579092465564,0.3015198685312213,0.2884755376660298
17287,auditor,SHAP,SHAP,False,0.6376925104802499,0.6376925104802499,0.0,0.6432480660358054
11398,doctor,Counterfactual,Counterfactual,False,0.8166666666666667,0.8166666666666667,0.0,0.08326990831445558
11398,patient,Counterfactual,Counterfactual,False,0.7944444444444444,0.7944444444444444,0.0,0.005571645036729023
11398,auditor,Counterfactual,SHAP,True,0.7970462798925096,0.7444444444444445,0.05260183544806518,0.008221748928314954
4245,doctor,SHAP,SHAP,False,0.7206650297387128,0.7206650297387128,0.0,0.10643604072783974
4245,patient,SHAP,Counterfactual,True,0.6088865647596423,0.422604685299526,0.18628187946011632,0.18628187946011632
4245,auditor,SHAP,SHAP,False,0.8,0.8,0.0,0.1333333333333333
12675,doctor,SHAP,SHAP,False,0.6950945929866273,0.6950945929866273,0.0,0.04582098937732326
12675,patient,SHAP,Counterfactual,True,0.7242318366951875,0.5053841700892348,0.21884766660595278,0.10145809580954646
12675,auditor,SHAP,SHAP,False,0.7916297960296949,0.7916297960296949,0.0,0.0879630544001917
20813,doctor,SHAP,Rules,True,0.8333333333333333,0.6573577676368038,0.1759755656965295,0.06266757663957201
20813,patient,SHAP,Counterfactual,True,0.7791108077868093,0.4679650071544354,0.3111458006323739,0.12355525223125374
20813,auditor,SHAP,SHAP,False,0.8,0.8,0.0,0.011111111111111072
1276,doctor,SHAP,Counterfactual,True,0.7876615218688403,0.7348930792031863,0.05276844266565406,0.05276844266565406
1276,patient,SHAP,Counterfactual,True,0.784776062845169,0.5068302221164178,0.27794584072875117,0.27794584072875117
1276,auditor,SHAP,SHAP,False,0.8,0.8,0.0,0.1329026083497592
3557,doctor,LIME,SHAP,True,0.6702576782927452,0.6174669101313924,0.05279076816135275,0.05279076816135275
3557,patient,LIME,Rules,True,0.5462765951973583,0.38416912010718385,0.16210747509017442,0.16210747509017442
3557,auditor,LIME,SHAP,True,0.7580748976145899,0.6290789742610684,0.1289959233535215,0.1289959233535215
17728,doctor,SHAP,SHAP,False,0.6725449075050163,0.6725449075050163,0.0,0.16740300812822473
17728,patient,SHAP,Rules,True,0.47277044224303644,0.448604389409509,0.024166052833527463,0.024166052833527463
17728,auditor,SHAP,SHAP,False,0.794058053080221,0.794058053080221,0.0,0.19633157843028193
14649,doctor,Rules,Rules,False,0.8495408768227236,0.8495408768227236,0.0,0.20475037515281092
14649,patient,Rules,Rules,False,0.8276247367186856,0.8276247367186856,0.0,0.37519559572615807
14649,auditor,Rules,Rules,False,0.7932201159717076,0.7932201159717076,0.0,0.035875193104629055
8027,doctor,Counterfactual,Counterfactual,False,0.7943976573745777,0.7943976573745777,0.0,0.08913666944839305
8027,patient,Counterfactual,Counterfactual,False,0.6501246258988891,0.6501246258988891,0.0,0.09180530669117093
8027,auditor,Counterfactual,SHAP,True,0.7691841545621088,0.7314190987216592,0.037765055840449535,0.03393496758368453
19050,doctor,SHAP,Counterfactual,True,0.7629522581235512,0.6888987294584419,0.07405352866510928,0.07241586716892034
19050,patient,SHAP,Counterfactual,True,0.7765396415967393,0.4899169285415032,0.28662271305523607,0.21144020969122745
19050,auditor,SHAP,SHAP,False,0.8,0.8,0.0,0.10045199797357385
17074,doctor,LIME,Rules,True,0.8206014870560652,0.5419638737311253,0.27863761332493986,0.09398536725282436
17074,patient,LIME,Rules,True,0.8179782734631328,0.3697055924843175,0.4482726809788153,0.17846468217123412
17074,auditor,LIME,Rules,True,0.7160484099272851,0.6082210488429447,0.10782736108434043,0.05796052772262905
7864,doctor,LIME,SHAP,True,0.5722786718752589,0.5400615402275712,0.03221713164768769,0.03221713164768769
7864,patient,LIME,LIME,False,0.5400356232740092,0.5400356232740092,0.0,0.08324152548682823
7864,auditor,LIME,SHAP,True,0.6697661359580476,0.6071716673420232,0.06259446861602436,0.06259446861602436
18266,doctor,SHAP,SHAP,False,0.5428963872237165,0.5428963872237165,0.0,0.1428963872237165
18266,patient,SHAP,Rules,True,0.6777777777777777,0.37159037248936755,0.30618740528841015,0.30618740528841015
18266,auditor,SHAP,SHAP,False,0.6666666666666667,0.6666666666666667,0.0,0.35948311980571
13311,doctor,Counterfactual,Rules,True,0.85,0.8166666666666667,0.033333333333333326,0.033333333333333326
13311,patient,Counterfactual,Rules,True,0.8277777777777777,0.7944444444444444,0.033333333333333326,0.033333333333333326
13311,auditor,Counterfactual,Rules,True,0.7944444444444445,0.7444444444444445,0.050000000000000044,0.050000000000000044
13188,doctor,SHAP,Rules,True,0.7956450465962273,0.6049516052484365,0.19069344134779076,0.19069344134779076
13188,patient,SHAP,Rules,True,0.8096594599765202,0.4059318831049296,0.4037275768715906,0.08502133843456317
13188,auditor,SHAP,SHAP,False,0.7396484477642029,0.7396484477642029,0.0,0.09015054572981906
6795,doctor,SHAP,Counterfactual,True,0.7904375357993824,0.7326816994243814,0.057755836375000924,0.057755836375000924
6795,patient,SHAP,Counterfactual,True,0.7857014008220163,0.5035659899612125,0.28213541086080385,0.23505016322148853
6795,auditor,SHAP,SHAP,False,0.8,0.8,0.0,0.09401664319281278
2932,doctor,LIME,LIME,False,0.5702381674095897,0.5702381674095897,0.0,0.08569614198990555
2932,patient,LIME,Rules,True,0.600481644028153,0.39769402544576504,0.20278761858238792,0.20278761858238792
2932,auditor,LIME,LIME,False,0.5954219694032742,0.5954219694032742,0.0,0.010518821224837605
16953,doctor,SHAP,SHAP,False,0.487283991715775,0.487283991715775,0.0,0.007521162296710571
16953,patient,SHAP,Counterfactual,True,0.6821431653619103,0.31357718722805183,0.3685659781338585,0.1514792933943122
16953,auditor,SHAP,SHAP,False,0.7466694184955979,0.7466694184955979,0.0,0.31968084237016986
19637,doctor,SHAP,SHAP,False,0.5085112513575747,0.5085112513575747,0.0,0.10851125135757472
19637,patient,SHAP,Counterfactual,True,0.4298976696510613,0.4283394235848039,0.0015582460662573738,0.0015582460662573738
19637,auditor,SHAP,SHAP,False,0.6035226312851756,0.6035226312851756,0.0,0.23509464897592114
2082,doctor,SHAP,SHAP,False,0.5460804247167826,0.5460804247167826,0.0,0.16274709138344934
2082,patient,SHAP,Counterfactual,True,0.38896369502138844,0.3586789103619551,0.03028478465943335,0.016741472799166268
2082,auditor,SHAP,SHAP,False,0.6663210900841596,0.6663210900841596,0.0,0.6774322011952707
6628,doctor,LIME,Counterfactual,True,0.7751273861666633,0.6280760102005041,0.14705137596615925,0.13339678230850627
6628,patient,LIME,Counterfactual,True,0.5556762966748849,0.4250835785930748,0.13059271808181017,0.08709296957994161
6628,auditor,LIME,SHAP,True,0.7224264075186079,0.645152254012369,0.0772741535062389,0.016701003740834386
11624,doctor,SHAP,SHAP,False,0.6802241491616673,0.6802241491616673,0.0,0.10524303830981685
11624,patient,SHAP,Counterfactual,True,0.46220665623383594,0.44303893029122016,0.019167725942615788,0.019167725942615788
11624,auditor,SHAP,SHAP,False,0.7951448634994656,0.7951448634994656,0.0,0.21295577010958844
985,doctor,SHAP,SHAP,False,0.4959020563658022,0.4959020563658022,0.0,0.09747468747893162
985,patient,SHAP,Counterfactual,True,0.6444444444444444,0.41937754832915314,0.22506689611529124,0.10957486045368059
985,auditor,SHAP,SHAP,False,0.6179192498540587,0.6179192498540587,0.0,0.293839321957044
12992,doctor,Counterfactual,Rules,True,0.85,0.8166666666666667,0.033333333333333326,0.033333333333333326
12992,patient,Counterfactual,Rules,True,0.8277777777777777,0.7944444444444444,0.033333333333333326,0.033333333333333326
12992,auditor,Counterfactual,SHAP,True,0.7989082442555646,0.7444444444444445,0.05446379981112015,0.004463799811120106
18886,doctor,SHAP,Counterfactual,True,0.7422593700154232,0.7043806438494594,0.03787872616596377,0.03787872616596377
18886,patient,SHAP,Counterfactual,True,0.7696420122273633,0.4097530451629889,0.3598889670643744,0.04644287965613669
18886,auditor,SHAP,SHAP,False,0.7817324727343764,0.7817324727343764,0.0,0.1333333333333333
17007,doctor,SHAP,Counterfactual,True,0.710780135904941,0.675537456397919,0.03524267950702209,0.03524267950702209
17007,patient,SHAP,Counterfactual,True,0.5467166857594156,0.4615646535173325,0.08515203224208306,0.08515203224208306
17007,auditor,SHAP,SHAP,False,0.7587193644287977,0.7587193644287977,0.0,0.1333333333333333
11993,doctor,SHAP,SHAP,False,0.536068375343331,0.536068375343331,0.0,0.15457022759549566
11993,patient,SHAP,SHAP,False,0.3961709792177609,0.3961709792177609,0.0,0.05320087246646438
11993,auditor,SHAP,SHAP,False,0.6121638520600192,0.6121638520600192,0.0,0.3016377853111191
2565,doctor,SHAP,SHAP,False,0.5748652491435745,0.5748652491435745,0.0,0.1429984430896446
2565,patient,SHAP,Rules,True,0.6777777777777777,0.39483389323679785,0.28294388454097985,0.28294388454097985
2565,auditor,SHAP,SHAP,False,0.6666666666666667,0.6666666666666667,0.0,0.2666666666666667
19065,doctor,SHAP,SHAP,False,0.7019089922071675,0.7019089922071675,0.0,0.0042417289606718755
19065,patient,SHAP,Counterfactual,True,0.7547779766377207,0.39340244869928276,0.36137552793843797,0.1975948755374719
19065,auditor,SHAP,SHAP,False,0.7680765481408176,0.7680765481408176,0.0,0.037799398590754874
11927,doctor,LIME,Rules,True,0.704676021357776,0.5829133745396267,0.1217626468181493,0.01240638251769055
11927,patient,LIME,Rules,True,0.5581243303515819,0.38970632338928385,0.16841800696229808,0.06603472424533674
11927,auditor,LIME,SHAP,True,0.7649989979640905,0.6348021616087426,0.13019683635534796,0.027124565236737674
2489,doctor,Rules,Rules,False,0.7423601991290345,0.7423601991290345,0.0,0.18944730921892317
2489,patient,Rules,Rules,False,0.6835645108207893,0.6835645108207893,0.0,0.16564033425004887
2489,auditor,Rules,Rules,False,0.7462938643440922,0.7462938643440922,0.0,0.07921763114252522
14069,doctor,SHAP,SHAP,False,0.5545644228783038,0.5545644228783038,0.0,0.11548263343221604
14069,patient,SHAP,Counterfactual,True,0.5121391050799529,0.3589213862625056,0.15321771881744728,0.13378145269316027
14069,auditor,SHAP,SHAP,False,0.7302177013467097,0.7302177013467097,0.0,0.27745834833863775
8591,doctor,Rules,Rules,False,0.85,0.85,0.0,0.05874580427689746
8591,patient,Rules,Rules,False,0.8277777777777777,0.8277777777777777,0.0,0.16951971683871447
8591,auditor,Rules,Rules,False,0.7944444444444445,0.7944444444444445,0.0,0.03030680486867765
2173,doctor,SHAP,SHAP,False,0.6306975129436502,0.6306975129436502,0.0,0.09445389889412126
2173,patient,SHAP,Counterfactual,True,0.5693782035267366,0.4053746359240845,0.1640035676026521,0.1640035676026521
2173,auditor,SHAP,SHAP,False,0.7611887233969452,0.7611887233969452,0.0,0.2472262288587862
11207,doctor,SHAP,Rules,True,0.5910322791645276,0.5399768429480958,0.051055436216431827,0.051055436216431827
11207,patient,SHAP,Counterfactual,True,0.6196823334295485,0.34179079471710416,0.2778915387124443,0.1115604625969282
11207,auditor,SHAP,SHAP,False,0.7760670002876671,0.7760670002876671,0.0,0.06297432431704342
8562,doctor,SHAP,Counterfactual,True,0.7473871857434983,0.6589640853048819,0.08842310043861634,0.08842310043861634
8562,patient,SHAP,Counterfactual,True,0.7713512841367216,0.4437899333051581,0.3275613508315635,0.16449927170877143
8562,auditor,SHAP,SHAP,False,0.7851429673878085,0.7851429673878085,0.0,0.058580946463126504
2704,doctor,Counterfactual,Rules,True,0.85,0.8166666666666667,0.033333333333333326,0.033333333333333326
2704,patient,Counterfactual,Rules,True,0.8277777777777777,0.7944444444444444,0.033333333333333326,0.033333333333333326
2704,auditor,Counterfactual,SHAP,True,0.7957129533296327,0.7444444444444445,0.05126850888518819,0.0012685088851881465
14312,doctor,LIME,Rules,True,0.6764064923223476,0.43884977438029654,0.23755671794205108,0.05196988964814775
14312,patient,LIME,Rules,True,0.7699132752185603,0.34993641336891124,0.4199768618496491,0.26521433250989757
14312,auditor,LIME,SHAP,True,0.5789941518516519,0.4507907200564528,0.1282034317951991,0.01600771764407727
18777,doctor,LIME,Rules,True,0.7683048110333661,0.49815615780771344,0.2701486532256527,0.2701486532256527
18777,patient,LIME,Rules,True,0.8005460481222331,0.34365395379366764,0.4568920943285654,0.10418716201196854
18777,auditor,LIME,SHAP,True,0.5972868195630895,0.5735117923402011,0.02377502722288838,0.02069621236300212
2103,doctor,SHAP,SHAP,False,0.38956692788618386,0.38956692788618386,0.0,0.03956692788618388
2103,patient,SHAP,Counterfactual,True,0.38855201083341645,0.36155053354492384,0.027001477288492615,0.027001477288492615
2103,auditor,SHAP,SHAP,False,0.5154911230754677,0.5154911230754677,0.0,0.45509893774781074
8284,doctor,LIME,Counterfactual,True,0.6913881268593326,0.6087498993305921,0.0826382275287405,0.06397344850193176
8284,patient,LIME,Counterfactual,True,0.7526849311753331,0.40680630931018935,0.34587862186514373,0.15056194378238508
8284,auditor,LIME,SHAP,True,0.713068968129187,0.6666666666666667,0.046402301462520223,0.046402301462520223
5025,doctor,SHAP,SHAP,False,0.5395153714773786,0.5395153714773786,0.0,0.13951537147737864
5025,patient,SHAP,Rules,True,0.6777777777777777,0.41868707151490026,0.25909070626287745,0.033333333333333326
5025,auditor,SHAP,SHAP,False,0.6666666666666667,0.6666666666666667,0.0,0.3175672128623045
14346,doctor,SHAP,SHAP,False,0.6851405421080861,0.6851405421080861,0.0,0.08207375458328203
14346,patient,SHAP,Rules,True,0.3957703552779283,0.3390765757387108,0.056693779539217504,0.012168647024080437
14346,auditor,SHAP,SHAP,False,0.7986501926147946,0.7986501926147946,0.0,0.2107151834218305
17096,doctor,SHAP,Counterfactual,True,0.7444406664384381,0.6177452033782882,0.1266954630601499,0.1266954630601499
17096,patient,SHAP,Rules,True,0.37878964243453844,0.26000211151115676,0.11878753092338168,0.00842053139950355
17096,auditor,SHAP,SHAP,False,0.7767831296627951,0.7767831296627951,0.0,0.13449460333304553
10219,doctor,Counterfactual,Counterfactual,False,0.8166666666666667,0.8166666666666667,0.0,0.0815597499983487
10219,patient,Counterfactual,Counterfactual,False,0.7944444444444444,0.7944444444444444,0.0,0.11329769444389393
10219,auditor,Counterfactual,SHAP,True,0.7947632822088305,0.7444444444444445,0.05031883776438606,0.04385086090794854
2342,doctor,SHAP,SHAP,False,0.5603999532786953,0.5603999532786953,0.0,0.1176657381397026
2342,patient,SHAP,Counterfactual,True,0.38804209370579407,0.3713290486040469,0.016713045101747148,0.016713045101747148
2342,auditor,SHAP,SHAP,False,0.6666666666666667,0.6666666666666667,0.0,0.2666666666666667
20776,doctor,SHAP,Counterfactual,True,0.6948717527139083,0.5862937103488148,0.1085780423650935,0.1085780423650935
20776,patient,SHAP,Counterfactual,True,0.753846139793525,0.3584449776730215,0.39540116212050347,0.11576808903897251
20776,auditor,SHAP,SHAP,False,0.774513498426378,0.774513498426378,0.0,0.1333333333333333
10627,doctor,SHAP,SHAP,False,0.5755682660125861,0.5755682660125861,0.0,0.12937433969919587
10627,patient,SHAP,SHAP,False,0.39453862323482414,0.39453862323482414,0.0,0.0056481013950465675
10627,auditor,SHAP,SHAP,False,0.6666666666666667,0.6666666666666667,0.0,0.2666666666666667
17013,doctor,SHAP,SHAP,False,0.532574088542071,0.532574088542071,0.0,0.0739616268716844
17013,patient,SHAP,Counterfactual,True,0.6512435564880932,0.32262285065123486,0.3286207058368583,0.006380095215129944
17013,auditor,SHAP,SHAP,False,0.7513139745587558,0.7513139745587558,0.0,0.2746558225673632
3327,doctor,SHAP,Counterfactual,True,0.7245793981420076,0.6698730214292279,0.05470637671277967,0.05470637671277967
3327,patient,SHAP,Counterfactual,True,0.7637486882695581,0.38476795512122675,0.37898073314833136,0.2562469561741979
3327,auditor,SHAP,SHAP,False,0.7593150111554466,0.7593150111554466,0.0,0.20864752623208016
1940,doctor,SHAP,SHAP,False,0.5738685955091956,0.5738685955091956,0.0,0.09734701753305341
1940,patient,SHAP,Counterfactual,True,0.5299566637926726,0.3469629109028898,0.1829937528897828,0.16599257433196468
1940,auditor,SHAP,SHAP,False,0.72771186774377,0.72771186774377,0.0,0.25851548464264096
4913,doctor,Counterfactual,Counterfactual,False,0.7989598457314114,0.7989598457314114,0.0,0.11611745973865883
4913,patient,Counterfactual,Rules,True,0.640322791990291,0.630481542122861,0.009841249867429958,0.009841249867429958
4913,auditor,Counterfactual,Rules,True,0.7809881376581335,0.737502016530771,0.0434861211273625,0.00775489884912306
17958,doctor,SHAP,SHAP,False,0.5886252013942818,0.5886252013942818,0.0,0.18703315045244634
17958,patient,SHAP,Rules,True,0.5272727272727273,0.3176790567815209,0.20959367049120642,0.0690816988350127
17958,auditor,SHAP,SHAP,False,0.8,0.8,0.0,0.4
14372,doctor,SHAP,SHAP,False,0.4848041015561543,0.4848041015561543,0.0,0.064048842561578
14372,patient,SHAP,Rules,True,0.6777777777777777,0.380096871121954,0.2976809066558237,0.19950720240953373
14372,auditor,SHAP,SHAP,False,0.5911811180095352,0.5911811180095352,0.0,0.2289238923381009
4479,doctor,SHAP,SHAP,False,0.6120066927443445,0.6120066927443445,0.0,0.05590875656293681
4479,patient,SHAP,Counterfactual,True,0.5144698104494612,0.4625852901704588,0.051884520279002366,0.051884520279002366
4479,auditor,SHAP,SHAP,False,0.7836234057496748,0.7836234057496748,0.0,0.27342050619721237
14549,doctor,SHAP,Counterfactual,True,0.8008833874616966,0.7276634455243688,0.07321994193732784,0.07321994193732784
14549,patient,SHAP,Counterfactual,True,0.7891833513761211,0.5283588683428375,0.26082448303328354,0.0134451088496792
14549,auditor,SHAP,SHAP,False,0.7999031475910802,0.7999031475910802,0.0,0.08913018974619069
13319,doctor,SHAP,SHAP,False,0.5261006799690487,0.5261006799690487,0.0,0.011842968187934177
13319,patient,SHAP,Rules,True,0.6777777777777777,0.35158237735121967,0.32619540042655804,0.2927211501469609
13319,auditor,SHAP,SHAP,False,0.6659972622984125,0.6659972622984125,0.0,0.13333333333333341
17594,doctor,LIME,Rules,True,0.7227389738684946,0.584812638992843,0.13792633487565165,0.047165645772729636
17594,patient,LIME,Rules,True,0.6520241024006094,0.3685934438360374,0.28343065856457195,0.14945815553618746
17594,auditor,LIME,Rules,True,0.7747630762691041,0.6566832085633884,0.11807986770571577,0.0029381493999173225
19824,doctor,SHAP,SHAP,False,0.41352844671120237,0.41352844671120237,0.0,0.06352844671120239
19824,patient,SHAP,Counterfactual,True,0.5177545197061889,0.3805717930407381,0.13718272666545078,0.13718272666545078
19824,auditor,SHAP,SHAP,False,0.4,0.4,0.0,0.4
4211,doctor,SHAP,SHAP,False,0.5898584250645319,0.5898584250645319,0.0,0.17688736257873605
4211,patient,SHAP,Counterfactual,True,0.47998614963574915,0.33642509647288343,0.14356105316286571,0.13811524977233053
4211,auditor,SHAP,SHAP,False,0.7947240321723859,0.7947240321723859,0.0,0.3964826881149239
13014,doctor,SHAP,Counterfactual,True,0.7937431231656924,0.7118035558907182,0.0819395672749742,0.0741559915588319
13014,patient,SHAP,Counterfactual,True,0.786803263277453,0.511266228829249,0.275537034448204,0.110829774964055
13014,auditor,SHAP,SHAP,False,0.7791289139217945,0.7791289139217945,0.0,0.07050764271093946
18146,doctor,LIME,Rules,True,0.7336450363157275,0.5501031014473247,0.18354193486840287,0.021051323814909262
18146,patient,LIME,Counterfactual,True,0.759753459722495,0.3724167164659502,0.38733674325654477,0.19197279105159581
18146,auditor,LIME,SHAP,True,0.7873588209068396,0.6666666666666667,0.12069215424017288,0.007234683660858887
6208,doctor,LIME,Rules,True,0.6996809500950062,0.6017478839210578,0.09793306617394837,0.05553676631217974
6208,patient,LIME,Rules,True,0.5846889716690957,0.3451897526388109,0.23949921903028482,0.13465568524732757
6208,auditor,LIME,SHAP,True,0.7311249828109232,0.6295518899570295,0.10157309285389371,0.022457490514695255
1050,doctor,SHAP,Counterfactual,True,0.7740008979168768,0.7250512244084968,0.048949673508379976,0.048949673508379976
1050,patient,SHAP,Counterfactual,True,0.7802225215278478,0.5044918422570634,0.2757306792707843,0.01838874643113797
1050,auditor,SHAP,SHAP,False,0.8,0.8,0.0,0.14987091236516548
8605,doctor,LIME,LIME,False,0.5315964821994644,0.5315964821994644,0.0,0.010928927122416221
8605,patient,LIME,SHAP,True,0.38388275387328974,0.37941900962683867,0.0044637442464510735,0.0044637442464510735
8605,auditor,LIME,SHAP,True,0.5979968220556788,0.5656650776945061,0.0323317443611727,0.0323317443611727
2682,doctor,SHAP,Counterfactual,True,0.7951054405967739,0.7101342300078146,0.08497121058895929,0.08497121058895929
2682,patient,SHAP,Counterfactual,True,0.7872573690878135,0.5196051374785857,0.2676522316092278,0.2259380367730197
2682,auditor,SHAP,SHAP,False,0.8,0.8,0.0,0.11305215840860294
19597,doctor,LIME,Rules,True,0.7126136843559462,0.5890880981045066,0.12352558625143961,0.062118992327128586
19597,patient,LIME,Rules,True,0.6486490058964265,0.38120556211018675,0.26744344378623974,0.02355798133234488
19597,auditor,LIME,Rules,True,0.7612626902523727,0.6624752983117147,0.098787391940658,0.01114816919439654
7025,doctor,Counterfactual,Rules,True,0.85,0.8166666666666667,0.033333333333333326,0.033333333333333326
7025,patient,Counterfactual,Rules,True,0.8277777777777777,0.7944444444444444,0.033333333333333326,0.033333333333333326
7025,auditor,Counterfactual,Rules,True,0.7944444444444445,0.7444444444444445,0.050000000000000044,0.0006352688450909083
18312,doctor,SHAP,Counterfactual,True,0.7999999999999999,0.7304397191803784,0.06956028081962151,0.06956028081962151
18312,patient,SHAP,Counterfactual,True,0.5600005220641452,0.5009092574753959,0.05909126458874925,0.05909126458874925
18312,auditor,SHAP,SHAP,False,0.8,0.8,0.0,0.061111111111111116
14236,doctor,LIME,LIME,False,0.5569196160830341,0.5569196160830341,0.0,0.10920096909756077
14236,patient,LIME,LIME,False,0.42470611920513285,0.42470611920513285,0.0,0.022081449448770885
14236,auditor,LIME,LIME,False,0.5418843106883597,0.5418843106883597,0.0,0.01421462429175746
232,doctor,SHAP,SHAP,False,0.529639970761953,0.529639970761953,0.0,0.10929864769837683
232,patient,SHAP,Rules,True,0.6777777777777777,0.373023388794154,0.3047543889836237,0.16245191356518385
232,auditor,SHAP,SHAP,False,0.6426691151043298,0.6426691151043298,0.0,0.2903547866638821
18378,doctor,SHAP,Rules,True,0.8333333333333333,0.6444238385466319,0.18890949478670138,0.06449791249732229
18378,patient,SHAP,Counterfactual,True,0.7785006958342259,0.4282383535549007,0.3502623422793252,0.12294514027867032
18378,auditor,SHAP,SHAP,False,0.8,0.8,0.0,0.011111111111111072
14476,doctor,SHAP,SHAP,False,0.5795509012113977,0.5795509012113977,0.0,0.17955090121139777
14476,patient,SHAP,Rules,True,0.6777777777777777,0.32043853431281105,0.35733924346496665,0.2857739190733988
14476,auditor,SHAP,SHAP,False,0.7839183617271951,0.7839183617271951,0.0,0.4163384759207682
5732,doctor,SHAP,SHAP,False,0.7279540154253593,0.7279540154253593,0.0,0.0228332243898125
5732,patient,SHAP,Counterfactual,True,0.7572624859007379,0.40525450450679656,0.3520079813939413,0.10591299317690972
5732,auditor,SHAP,SHAP,False,0.8,0.8,0.0,0.16645395549610897
15086,doctor,Counterfactual,Counterfactual,False,0.7297935422082187,0.7297935422082187,0.0,0.20482674793181332
15086,patient,Counterfactual,Counterfactual,False,0.5406242132355412,0.5406242132355412,0.0,0.10995253928265114
15086,auditor,Counterfactual,Counterfactual,False,0.6452802784998471,0.6452802784998471,0.0,0.012591466016651065
1325,doctor,Rules,Rules,False,0.7333333333333333,0.7333333333333333,0.0,0.2637868883479074
1325,patient,Rules,Counterfactual,True,0.6722253908102473,0.6555555555555556,0.01666983525469179,0.01666983525469179
1325,auditor,Rules,Rules,False,0.788888888888889,0.788888888888889,0.0,0.1065010066943688
16844,doctor,LIME,SHAP,True,0.607633839435667,0.5762613632780119,0.03137247615765504,0.03137247615765504
16844,patient,LIME,Counterfactual,True,0.7045800810483196,0.4127258535707499,0.29185422747756967,0.25661397871569336
16844,auditor,LIME,SHAP,True,0.6795335015267729,0.623105989063592,0.056427512463180896,0.056427512463180896
15530,doctor,SHAP,Rules,True,0.5833333333333333,0.5216644122129949,0.061668921120338394,0.061668921120338394
15530,patient,SHAP,Counterfactual,True,0.6055555555555555,0.34020454769962416,0.26535100785593135,0.0
15530,auditor,SHAP,SHAP,False,0.6666666666666667,0.6666666666666667,0.0,0.07777777777777783
7803,doctor,SHAP,SHAP,False,0.6329708062966468,0.6329708062966468,0.0,0.1312357680602364
7803,patient,SHAP,Counterfactual,True,0.6444444444444444,0.24025206266380067,0.4041923817806437,0.2306404361772747
7803,auditor,SHAP,SHAP,False,0.7988541549805543,0.7988541549805543,0.0,0.2957474882446617
16452,doctor,Rules,Rules,False,0.7347572265253268,0.7347572265253268,0.0,0.002781232715669879
16452,patient,Rules,Rules,False,0.5681513987407656,0.5681513987407656,0.0,0.04562252130573985
16452,auditor,Rules,SHAP,True,0.791008672677715,0.7831389809730652,0.007869691704649795,0.007869691704649795
20288,doctor,SHAP,Rules,True,0.7979745103814048,0.6021537150608043,0.19582079532060048,0.19582079532060048
20288,patient,SHAP,Rules,True,0.8104359479049127,0.41607203543409954,0.39436391247081315,0.39436391247081315
20288,auditor,SHAP,SHAP,False,0.7337372895531099,0.7337372895531099,0.0,0.07802748409158589
5380,doctor,SHAP,SHAP,False,0.50748357785639,0.50748357785639,0.0,0.10748357785639001
5380,patient,SHAP,Rules,True,0.6777777777777777,0.3884706215502268,0.2893071562275509,0.2893071562275509
5380,auditor,SHAP,SHAP,False,0.6494104655948323,0.6494104655948323,0.0,0.33969379870117494
9567,doctor,SHAP,SHAP,False,0.5495307226005732,0.5495307226005732,0.0,0.16619738926723993
9567,patient,SHAP,SHAP,False,0.38965661696057374,0.38965661696057374,0.0,4.663973379431807e-05
9567,auditor,SHAP,SHAP,False,0.6666666666666667,0.6666666666666667,0.0,0.6777777777777778
19673,doctor,Counterfactual,Counterfactual,False,0.7999999999999999,0.7999999999999999,0.0,0.2820818995489077
19673,patient,Counterfactual,Counterfactual,False,0.5652447762531241,0.5652447762531241,0.0,0.14816096499164894
19673,auditor,Counterfactual,Rules,True,0.7516685783792342,0.7388888888888889,0.012779689490345247,0.012779689490345247
1462,doctor,Counterfactual,Counterfactual,False,0.8166666666666667,0.8166666666666667,0.0,0.08180168332734472
1462,patient,Counterfactual,Counterfactual,False,0.7944444444444444,0.7944444444444444,0.0,0.11337833888689264
1462,auditor,Counterfactual,SHAP,True,0.7582784888995354,0.7444444444444445,0.013834044455090955,0.000680733335994943
13205,doctor,SHAP,SHAP,False,0.49359398593111736,0.49359398593111736,0.0,0.0935939859311174
13205,patient,SHAP,Rules,True,0.6777777777777777,0.3600826281240192,0.3176951496537585,0.1959655249871256
13205,auditor,SHAP,SHAP,False,0.6482784757598574,0.6482784757598574,0.0,0.44046983534878414
17702,doctor,SHAP,SHAP,False,0.5356049323563491,0.5356049323563491,0.0,0.12310952432048783
17702,patient,SHAP,Counterfactual,True,0.4260532936163075,0.3703367931494843,0.05571650046682319,0.05571650046682319
17702,auditor,SHAP,SHAP,False,0.6518795094952818,0.6518795094952818,0.0,0.2916466061542037
19406,doctor,SHAP,SHAP,False,0.6187007764573765,0.6187007764573765,0.0,0.14040960294005045
19406,patient,SHAP,SHAP,False,0.5049290413363374,0.5049290413363374,0.0,0.09187553963907441
19406,auditor,SHAP,SHAP,False,0.7842173745630104,0.7842173745630104,0.0,0.36358721106877845
16005,doctor,SHAP,SHAP,False,0.7155648557556655,0.7155648557556655,0.0,0.13183792700696773
16005,patient,SHAP,Counterfactual,True,0.7006446258667284,0.5159308462126961,0.18471377965403224,0.16114562699362422
16005,auditor,SHAP,SHAP,False,0.8,0.8,0.0,0.23996222320663174
398,doctor,SHAP,SHAP,False,0.5517692693431752,0.5517692693431752,0.0,0.11044980611667349
398,patient,SHAP,Rules,True,0.6915509321866117,0.40413789676637474,0.28741303542023694,0.22121469524224263
398,auditor,SHAP,SHAP,False,0.6789635075055733,0.6789635075055733,0.0,0.2930182826687673
16307,doctor,SHAP,SHAP,False,0.5362146014364311,0.5362146014364311,0.0,0.13095612423163128
16307,patient,SHAP,Rules,True,0.6777777777777777,0.3624546596861785,0.3153231180915992,0.1934848970185133
16307,auditor,SHAP,SHAP,False,0.6553423935551448,0.6553423935551448,0.0,0.28595438406140233
20573,doctor,SHAP,Counterfactual,True,0.6771453489958963,0.6275505627211185,0.04959478627477776,0.04959478627477776
20573,patient,SHAP,Counterfactual,True,0.6089018988755375,0.4714954863143287,0.13740641256120878,0.13740641256120878
20573,auditor,SHAP,SHAP,False,0.7438758574398867,0.7438758574398867,0.0,0.15416573797301436
5485,doctor,SHAP,SHAP,False,0.4879227903086902,0.4879227903086902,0.0,0.08792279030869021
5485,patient,SHAP,Rules,True,0.6777777777777777,0.3714761155726597,0.306301662205118,0.2895897385364266
5485,auditor,SHAP,SHAP,False,0.6262311783166231,0.6262311783166231,0.0,0.31246429657443153
12469,doctor,SHAP,SHAP,False,0.5728966415887284,0.5728966415887284,0.0,0.17289664158872847
12469,patient,SHAP,Rules,True,0.6777777777777777,0.418368687028549,0.2594090907492287,0.033333333333333326
12469,auditor,SHAP,SHAP,False,0.6523622593992194,0.6523622593992194,0.0,0.3565291091193664
12075,doctor,SHAP,SHAP,False,0.5439105197660662,0.5439105197660662,0.0,0.12650948362690173
12075,patient,SHAP,Counterfactual,True,0.410634964918251,0.3625962066807142,0.04803875823753684,0.043864509345116376
12075,auditor,SHAP,SHAP,False,0.6666666666666667,0.6666666666666667,0.0,0.2666666666666667
4281,doctor,LIME,SHAP,True,0.4930358601311244,0.4566412095683442,0.036394650562780184,0.036394650562780184
4281,patient,LIME,Counterfactual,True,0.6857225777520273,0.36871547122947634,0.31700710652255093,0.31700710652255093
4281,auditor,LIME,SHAP,True,0.5898337541396409,0.48225163252237413,0.10758212161726677,0.10758212161726677
13347,doctor,SHAP,Counterfactual,True,0.7563143101809587,0.6757706601746252,0.08054365000633357,0.05753873228647677
13347,patient,SHAP,Counterfactual,True,0.7743269922825418,0.448189123809782,0.3261378684727598,0.11099244292590149
13347,auditor,SHAP,SHAP,False,0.796297692518946,0.796297692518946,0.0,0.02890144632512115
13396,doctor,SHAP,SHAP,False,0.5235908905318226,0.5235908905318226,0.0,0.17359089053182264
13396,patient,SHAP,Counterfactual,True,0.38651158320002044,0.3806053857868933,0.0059061974131271455,0.0059061974131271455
13396,auditor,SHAP,SHAP,False,0.6107517833436442,0.6107517833436442,0.0,0.6107517833436442
18114,doctor,LIME,SHAP,True,0.6727617630493513,0.5879951353006443,0.08476662774870702,0.08476662774870702
18114,patient,LIME,Rules,True,0.3870793300028035,0.3337800685573597,0.05329926144544378,0.05329926144544378
18114,auditor,LIME,SHAP,True,0.752291753087234,0.6666666666666667,0.08562508642056721,0.08562508642056721
4809,doctor,SHAP,Rules,True,0.5833333333333333,0.5785235553686802,0.004809777964653095,0.004809777964653095
4809,patient,SHAP,Rules,True,0.6055555555555555,0.3144619901765046,0.2910935653790509,0.12042273739112364
4809,auditor,SHAP,SHAP,False,0.8,0.8,0.0,0.21111111111111114
10697,doctor,SHAP,SHAP,False,0.41386248185555113,0.41386248185555113,0.0,0.007038572634761875
10697,patient,SHAP,Rules,True,0.6777777777777777,0.33632474960121894,0.34145302817655876,0.033333333333333326
10697,auditor,SHAP,SHAP,False,0.5611822452182136,0.5611822452182136,0.0,0.16118224521821356
16306,doctor,SHAP,SHAP,False,0.4467638515959287,0.4467638515959287,0.0,0.00799335015368724
16306,patient,SHAP,Rules,True,0.6777777777777777,0.35338510227985614,0.32439267549792156,0.3235380683678149
16306,auditor,SHAP,SHAP,False,0.5601954645590153,0.5601954645590153,0.0,0.16019546455901523
11259,doctor,SHAP,SHAP,False,0.45536943945514563,0.45536943945514563,0.0,0.014211567412161119
11259,patient,SHAP,Rules,True,0.6777777777777777,0.3498712219050259,0.3279065558727518,0.3141495658677434
11259,auditor,SHAP,SHAP,False,0.5725406303914904,0.5725406303914904,0.0,0.17508101562204575
11697,doctor,SHAP,Counterfactual,True,0.7177400887326368,0.6757435260463954,0.04199656268624141,0.04199656268624141
11697,patient,SHAP,Rules,True,0.5806635770410982,0.35394958746955163,0.22671398957154654,0.14668184956037905
11697,auditor,SHAP,SHAP,False,0.8,0.8,0.0,0.1537391083980294
11443,doctor,SHAP,SHAP,False,0.5119319077216958,0.5119319077216958,0.0,0.04681840107978913
11443,patient,SHAP,Counterfactual,True,0.6772600577695245,0.32853041678951067,0.3487296409800138,0.036582305838101625
11443,auditor,SHAP,SHAP,False,0.71055924210138,0.71055924210138,0.0,0.32530886841559986
3413,doctor,SHAP,SHAP,False,0.5348060063995773,0.5348060063995773,0.0,0.006771654210677158
3413,patient,SHAP,Rules,True,0.6871225618407445,0.33057207243880815,0.35655048940193634,0.22492787758859917
3413,auditor,SHAP,SHAP,False,0.7224022019835058,0.7224022019835058,0.0,0.2980289617678097
12357,doctor,Counterfactual,Counterfactual,False,0.7999999999999999,0.7999999999999999,0.0,0.07672356053058993
12357,patient,Counterfactual,Rules,True,0.6522032576009145,0.5640215564717769,0.08818170112913759,0.08818170112913759
12357,auditor,Counterfactual,Rules,True,0.7754796970703245,0.7388888888888889,0.03659080818143556,0.0011631413345905006
1725,doctor,Counterfactual,Counterfactual,False,0.8166666666666667,0.8166666666666667,0.0,0.08724479556659781
1725,patient,Counterfactual,Counterfactual,False,0.7944444444444444,0.7944444444444444,0.0,0.1151927096333103
1725,auditor,Counterfactual,SHAP,True,0.7597861619484438,0.7444444444444445,0.015341717503999375,0.015341717503999375
8923,doctor,SHAP,Rules,True,0.7053055058848469,0.6308978504232381,0.07440765546160877,0.07440765546160877
8923,patient,SHAP,Rules,True,0.6462129464060601,0.4113076887174544,0.2349052576886057,0.2349052576886057
8923,auditor,SHAP,SHAP,False,0.7531025887416942,0.7531025887416942,0.0,0.012096930832845465
16872,doctor,SHAP,SHAP,False,0.6563428450064573,0.6563428450064573,0.0,0.03798860166483087
16872,patient,SHAP,Counterfactual,True,0.6797524495363635,0.5010332134248624,0.1787192361115011,0.022172380118394397
16872,auditor,SHAP,SHAP,False,0.7377448406147358,0.7377448406147358,0.0,0.12443245112440338
1602,doctor,Counterfactual,Counterfactual,False,0.7976072619260838,0.7976072619260838,0.0,0.22518278729147967
1602,patient,Counterfactual,Counterfactual,False,0.5687724974300289,0.5687724974300289,0.0,0.10886661386379415
1602,auditor,Counterfactual,Counterfactual,False,0.7356985714570007,0.7356985714570007,0.0,0.09434020893414974
8615,doctor,SHAP,Counterfactual,True,0.6369342475419105,0.5899148579746569,0.0470193895672536,0.0470193895672536
8615,patient,SHAP,Rules,True,0.6777777777777777,0.42243078472419454,0.25534699305358316,0.10225462700181076
8615,auditor,SHAP,SHAP,False,0.6563192159253013,0.6563192159253013,0.0,0.1465354850134457
9864,doctor,SHAP,SHAP,False,0.5975020038823244,0.5975020038823244,0.0,0.17626311471318357
9864,patient,SHAP,Counterfactual,True,0.4804088562884686,0.34481379747596774,0.13559505881250083,0.11942556923780989
9864,auditor,SHAP,SHAP,False,0.8,0.8,0.0,0.4
4543,doctor,SHAP,SHAP,False,0.47768788499834147,0.47768788499834147,0.0,0.0776878849983415
4543,patient,SHAP,Rules,True,0.6777777777777777,0.3389215511827055,0.3388562265950722,0.20855759130453622
4543,auditor,SHAP,SHAP,False,0.625621479426314,0.625621479426314,0.0,0.2988965613471266
19476,doctor,SHAP,SHAP,False,0.4777540583147209,0.4777540583147209,0.0,0.07775405831472093
19476,patient,SHAP,Rules,True,0.6777777777777777,0.3902748734939938,0.2875029042837839,0.15742454460472
19476,auditor,SHAP,SHAP,False,0.6130274284892163,0.6130274284892163,0.0,0.27878341758016223
17314,doctor,SHAP,SHAP,False,0.6611831551785435,0.6611831551785435,0.0,0.08202318723741386
17314,patient,SHAP,SHAP,False,0.5143913532964591,0.5143913532964591,0.0,0.04981487051292788
17314,auditor,SHAP,SHAP,False,0.8,0.8,0.0,0.18546193933694877
6457,doctor,SHAP,SHAP,False,0.6400343266552946,0.6400343266552946,0.0,0.13067366970538485
6457,patient,SHAP,Rules,True,0.4053088652104717,0.3326404841648846,0.0726683810455871,0.024122031802714883
6457,auditor,SHAP,SHAP,False,0.7492932626827775,0.7492932626827775,0.0,0.26195662411126697
713,doctor,SHAP,SHAP,False,0.5924088843768744,0.5924088843768744,0.0,0.08947652841836762
713,patient,SHAP,Counterfactual,True,0.5536031372263552,0.3813385361113784,0.17226460111497682,0.16610301696785745
713,auditor,SHAP,SHAP,False,0.7499376187662741,0.7499376187662741,0.0,0.24342128833549315
4486,doctor,SHAP,Rules,True,0.6251485456968838,0.5633792769503797,0.061769268746504125,0.061769268746504125
4486,patient,SHAP,Counterfactual,True,0.5014424485764482,0.34675222822220997,0.15469022035423818,0.05164545859667874
4486,auditor,SHAP,SHAP,False,0.7628243235554412,0.7628243235554412,0.0,0.016666666666666607
16479,doctor,SHAP,SHAP,False,0.5539872554287774,0.5539872554287774,0.0,0.1539872554287774
16479,patient,SHAP,Rules,True,0.6777777777777777,0.43671760894421285,0.24106016883356485,0.033333333333333326
16479,auditor,SHAP,SHAP,False,0.6666666666666667,0.6666666666666667,0.0,0.2839957462137906
15984,doctor,SHAP,SHAP,False,0.49760621389634996,0.49760621389634996,0.0,0.010569453048942523
15984,patient,SHAP,Rules,True,0.6777777777777777,0.44750594351414963,0.23027183426362807,0.21533834494822773
15984,auditor,SHAP,SHAP,False,0.6344396638170526,0.6344396638170526,0.0,0.25055316524185967
13042,doctor,SHAP,Counterfactual,True,0.6862155497906964,0.6525376434188037,0.03367790637189272,0.03367790637189272
13042,patient,SHAP,Counterfactual,True,0.7509607388191211,0.37826459040998306,0.372696148409138,0.3506035749561433
13042,auditor,SHAP,SHAP,False,0.8,0.8,0.0,0.1333333333333333
407,doctor,Rules,Rules,False,0.85,0.85,0.0,0.07320540035091516
407,patient,Rules,Rules,False,0.8277777777777777,0.8277777777777777,0.0,0.18146282215854637
407,auditor,Rules,Rules,False,0.7944444444444445,0.7944444444444445,0.0,0.016000704390216947
14345,doctor,Counterfactual,Counterfactual,False,0.8166666666666667,0.8166666666666667,0.0,0.07205263000281747
14345,patient,Counterfactual,Counterfactual,False,0.7944444444444444,0.7944444444444444,0.0,0.09512865444538354
14345,auditor,Counterfactual,SHAP,True,0.7745440451018324,0.7444444444444445,0.030099600657387926,0.030099600657387926
779,doctor,Counterfactual,Rules,True,0.85,0.6533147291412026,0.1966852708587974,0.16537640034478263
779,patient,Counterfactual,Rules,True,0.8277777777777777,0.7555555555555555,0.07222222222222219,0.07222222222222219
779,auditor,Counterfactual,Rules,True,0.7944444444444445,0.7388888888888889,0.05555555555555558,0.0023546765860129604
751,doctor,SHAP,SHAP,False,0.4819414317457071,0.4819414317457071,0.0,0.07028801965772952
751,patient,SHAP,Rules,True,0.6777777777777777,0.3777992101765634,0.2999785676012143,0.033333333333333326
751,auditor,SHAP,SHAP,False,0.5261912511054512,0.5261912511054512,0.0,0.13519128864752333
8672,doctor,SHAP,Counterfactual,True,0.8013760304622589,0.6795787930734589,0.1217972373888,0.1217972373888
8672,patient,SHAP,Counterfactual,True,0.7893475657096418,0.5059959489728286,0.2833516167368132,0.062450692420127685
8672,auditor,SHAP,SHAP,False,0.7629665860060423,0.7629665860060423,0.0,0.05929717144001845
5285,doctor,SHAP,SHAP,False,0.48214377869025415,0.48214377869025415,0.0,0.06510548832799296
5285,patient,SHAP,Rules,True,0.6777777777777777,0.3730112413327402,0.3047665364450375,0.019044971757702256
5285,auditor,SHAP,SHAP,False,0.5333333333333334,0.5333333333333334,0.0,0.13333333333333336
9228,doctor,Counterfactual,Counterfactual,False,0.8166666666666667,0.8166666666666667,0.0,0.22155766277744815
9228,patient,Counterfactual,Counterfactual,False,0.7944444444444444,0.7944444444444444,0.0,0.21256397620961587
9228,auditor,Counterfactual,Counterfactual,False,0.7444444444444445,0.7444444444444445,0.0,0.05228313848222044
10529,doctor,SHAP,Counterfactual,True,0.7726376176309087,0.7097789460318729,0.0628586715990358,0.0628586715990358
10529,patient,SHAP,Counterfactual,True,0.7797680947658584,0.48712025647944435,0.29264783828641405,0.2423942408764912
10529,auditor,SHAP,SHAP,False,0.8,0.8,0.0,0.16688255662823115
19678,doctor,SHAP,SHAP,False,0.5673654576693635,0.5673654576693635,0.0,0.21063252831490398
19678,patient,SHAP,SHAP,False,0.4408420909659958,0.4408420909659958,0.0,0.05254771140371489
19678,auditor,SHAP,SHAP,False,0.6666666666666667,0.6666666666666667,0.0,0.3619490030260333
2135,doctor,SHAP,Counterfactual,True,0.7317593108744208,0.6696974847270734,0.062061826147347454,0.062061826147347454
2135,patient,SHAP,Counterfactual,True,0.7661419925136959,0.5046465735248035,0.2614954189888924,0.08133216885257888
2135,auditor,SHAP,SHAP,False,0.7829481878194007,0.7829481878194007,0.0,0.18628761780883574
18964,doctor,SHAP,SHAP,False,0.5020683561872945,0.5020683561872945,0.0,0.10206835618729454
18964,patient,SHAP,Rules,True,0.6777777777777777,0.3962428110481847,0.281534966729593,0.281534966729593
18964,auditor,SHAP,SHAP,False,0.6023603816437113,0.6023603816437113,0.0,0.30808864832743926
3144,doctor,Rules,Rules,False,0.85,0.85,0.0,0.3255955767777221
3144,patient,Rules,Rules,False,0.8277777777777777,0.8277777777777777,0.0,0.21557511579646427
3144,auditor,Rules,Rules,False,0.7944444444444445,0.7944444444444445,0.0,0.09589726497538564
9146,doctor,SHAP,Counterfactual,True,0.7895707678989816,0.714223879049906,0.07534688884907559,0.07534688884907559
9146,patient,SHAP,Counterfactual,True,0.7854124781885494,0.5209874170374168,0.2644250611511326,0.12603010689202654
9146,auditor,SHAP,SHAP,False,0.7743715904492492,0.7743715904492492,0.0,0.01666666666666672
14235,doctor,Rules,Rules,False,0.85,0.85,0.0,0.26361199433901517
14235,patient,Rules,Rules,False,0.8277777777777777,0.8277777777777777,0.0,0.3426177587994859
14235,auditor,Rules,Rules,False,0.7944444444444445,0.7944444444444445,0.0,0.06791937708244067
12397,doctor,SHAP,Counterfactual,True,0.7873184571935088,0.7149365496847804,0.07238190750872842,0.07238190750872842
12397,patient,SHAP,Counterfactual,True,0.7846617079533919,0.4931048284763573,0.29155687947703457,0.16920384291931123
12397,auditor,SHAP,SHAP,False,0.7880125023184884,0.7880125023184884,0.0,0.11503086871016477
5425,doctor,SHAP,SHAP,False,0.47965758822457205,0.47965758822457205,0.0,0.08885654535093401
5425,patient,SHAP,Counterfactual,True,0.6215189605464876,0.33788441833224747,0.2836345422142401,0.2666831997750918
5425,auditor,SHAP,SHAP,False,0.643955001456713,0.643955001456713,0.0,0.25531083406168986
11394,doctor,Counterfactual,Counterfactual,False,0.7999534441085021,0.7999534441085021,0.0,0.07995273099228895
11394,patient,Counterfactual,Counterfactual,False,0.6546310016663991,0.6546310016663991,0.0,0.09139844072867143
11394,auditor,Counterfactual,SHAP,True,0.7802763091374141,0.7388268143668919,0.04144949477052218,0.016813342894219097
13796,doctor,LIME,LIME,False,0.638219130211751,0.638219130211751,0.0,0.05452490932296816
13796,patient,LIME,LIME,False,0.44632113394725054,0.44632113394725054,0.0,0.02152000142160726
13796,auditor,LIME,SHAP,True,0.667156348942068,0.651867064669471,0.015289284272597015,0.015289284272597015
6320,doctor,SHAP,Counterfactual,True,0.7758499446855988,0.7198534326050239,0.05599651208057488,0.05599651208057488
6320,patient,SHAP,Counterfactual,True,0.7808388704507552,0.509814480266544,0.2710243901842112,0.06049747906670655
6320,auditor,SHAP,SHAP,False,0.7930422696009596,0.7930422696009596,0.0,0.15744241710602958
2973,doctor,SHAP,SHAP,False,0.5627665083732966,0.5627665083732966,0.0,0.10776859848979775
2973,patient,SHAP,Rules,True,0.6777777777777777,0.3996253049215707,0.278152472856207,0.278152472856207
2973,auditor,SHAP,SHAP,False,0.6652678694276811,0.6652678694276811,0.0,0.26596726804717385
17807,doctor,Counterfactual,Counterfactual,False,0.8166666666666667,0.8166666666666667,0.0,0.13885829656776882
17807,patient,Counterfactual,Counterfactual,False,0.7944444444444444,0.7944444444444444,0.0,0.14193905153539121
17807,auditor,Counterfactual,SHAP,True,0.7496432814734387,0.7444444444444445,0.005198837028994263,0.005198837028994263
6730,doctor,SHAP,SHAP,False,0.4758975349340894,0.4758975349340894,0.0,0.10623094791792104
6730,patient,SHAP,Counterfactual,True,0.4804932329043458,0.3933045751443125,0.08718865776003332,0.08718865776003332
6730,auditor,SHAP,SHAP,False,0.5896040427786107,0.5896040427786107,0.0,0.23536007564361627
529,doctor,LIME,SHAP,True,0.6894845180741067,0.597263548511547,0.09222096956255976,0.028385875169488206
529,patient,LIME,Rules,True,0.540810658745984,0.3643157067526001,0.1764949519933839,0.04548531441170112
529,auditor,LIME,SHAP,True,0.7651969270128808,0.6485297811403742,0.1166671458725066,0.03501969516900094
15001,doctor,Rules,Rules,False,0.85,0.85,0.0,0.05118989977842936
15001,patient,Rules,Rules,False,0.8277777777777777,0.8277777777777777,0.0,0.2258736670038335
15001,auditor,Rules,Rules,False,0.7944444444444445,0.7944444444444445,0.0,0.05714208859346137
15073,doctor,SHAP,SHAP,False,0.46908394586588337,0.46908394586588337,0.0,0.045382151156137585
15073,patient,SHAP,Rules,True,0.6777777777777777,0.4142010100459543,0.2635767677318234,0.02087370719577908
15073,auditor,SHAP,SHAP,False,0.5371033524707565,0.5371033524707565,0.0,0.19251865050114314
6373,doctor,SHAP,Counterfactual,True,0.7670750727359648,0.7004288184354798,0.06664625430048499,0.06664625430048499
6373,patient,SHAP,Counterfactual,True,0.7779139131342104,0.504722792425583,0.2731911207086274,0.1238492621888968
6373,auditor,SHAP,SHAP,False,0.7826298701151222,0.7826298701151222,0.0,0.13974826956433528
894,doctor,SHAP,Counterfactual,True,0.8139309842765353,0.722683940847261,0.09124704342927437,0.09124704342927437
894,patient,SHAP,Counterfactual,True,0.7935325503144006,0.5271903331381635,0.2663422171762371,0.2663422171762371
894,auditor,SHAP,SHAP,False,0.8,0.8,0.0,0.0628507085959058
9004,doctor,SHAP,SHAP,False,0.49328138245147757,0.49328138245147757,0.0,0.07414919406974063
9004,patient,SHAP,Counterfactual,True,0.391048831268946,0.319680393900744,0.07136843736820203,0.03404248084949962
9004,auditor,SHAP,SHAP,False,0.6533503630578923,0.6533503630578923,0.0,0.2600085148622795
15345,doctor,SHAP,SHAP,False,0.5406951386369713,0.5406951386369713,0.0,0.14961321126067578
15345,patient,SHAP,Counterfactual,True,0.6182714590897859,0.3219170064587493,0.29635445263103655,0.2636931183908178
15345,auditor,SHAP,SHAP,False,0.7691883822155985,0.7691883822155985,0.0,0.3897294607385329
5118,doctor,SHAP,SHAP,False,0.713843422068871,0.713843422068871,0.0,0.06781059719241322
5118,patient,SHAP,Counterfactual,True,0.6970547935315055,0.4494243862562573,0.24763040727524815,0.16736934396609882
5118,auditor,SHAP,SHAP,False,0.77878207235235,0.77878207235235,0.0,0.1797873732503199
931,doctor,LIME,SHAP,True,0.6487035131302388,0.6116314538187567,0.03707205931148205,0.03707205931148205
931,patient,LIME,Counterfactual,True,0.6823448830644326,0.412465927201623,0.26987895586280963,0.17071387387311066
931,auditor,LIME,SHAP,True,0.7593965488199673,0.6468305525426216,0.11256599627734576,0.11256599627734576
6784,doctor,SHAP,SHAP,False,0.6745341694839093,0.6745341694839093,0.0,0.13917698309255067
6784,patient,SHAP,SHAP,False,0.4474096194467201,0.4474096194467201,0.0,0.03323218411261536
6784,auditor,SHAP,SHAP,False,0.7920527354879726,0.7920527354879726,0.0,0.25437870058238243
14443,doctor,SHAP,Counterfactual,True,0.8035533987789436,0.6876840607146069,0.11586933806433675,0.08870766562454935
14443,patient,SHAP,Counterfactual,True,0.7900733551485367,0.4865224232048655,0.3035509319436712,0.22855912086474872
14443,auditor,SHAP,SHAP,False,0.7875512148615601,0.7875512148615601,0.0,0.030888217120347505
13,doctor,Counterfactual,Counterfactual,False,0.7999018337092096,0.7999018337092096,0.0,0.09382627939037202
13,patient,Counterfactual,Counterfactual,False,0.6462603864588087,0.6462603864588087,0.0,0.09999843716035095
13,auditor,Counterfactual,SHAP,True,0.7806033527493863,0.7387580005011686,0.041845352248217726,0.022222222222222143
14333,doctor,SHAP,SHAP,False,0.5499387528972326,0.5499387528972326,0.0,0.1129080099699249
14333,patient,SHAP,Counterfactual,True,0.5388273387940088,0.38540267129175915,0.15342466750224965,0.1495106854070068
14333,auditor,SHAP,SHAP,False,0.7500695079383463,0.7500695079383463,0.0,0.30200700703286265
623,doctor,SHAP,SHAP,False,0.5407761240320658,0.5407761240320658,0.0,0.1407761240320658
623,patient,SHAP,Rules,True,0.6777777777777777,0.3281580052532137,0.349619772524564,0.28874810811844487
623,auditor,SHAP,SHAP,False,0.7439734818538469,0.7439734818538469,0.0,0.3626489879025646
20129,doctor,SHAP,SHAP,False,0.6853903952771745,0.6853903952771745,0.0,0.05028698774805074
20129,patient,SHAP,Counterfactual,True,0.5129570222286098,0.4453841108670713,0.06757291136153853,0.06757291136153853
20129,auditor,SHAP,SHAP,False,0.8,0.8,0.0,0.28555928095354366
18917,doctor,Counterfactual,Counterfactual,False,0.6618845190896055,0.6618845190896055,0.0,0.03627004468385098
18917,patient,Counterfactual,Counterfactual,False,0.6556979048864356,0.6556979048864356,0.0,0.1924571805253461
18917,auditor,Counterfactual,Counterfactual,False,0.7333333333333334,0.7333333333333334,0.0,0.07780620020380669
6018,doctor,SHAP,SHAP,False,0.5443026441729444,0.5443026441729444,0.0,0.14430264417294442
6018,patient,SHAP,Rules,True,0.6777777777777777,0.35733829996926025,0.32043947780851745,0.2906623528187226
6018,auditor,SHAP,SHAP,False,0.6666666666666667,0.6666666666666667,0.0,0.6722222222222223
450,doctor,SHAP,Rules,True,0.5755623295102299,0.5294205398708308,0.04614178963939908,0.04614178963939908
450,patient,SHAP,Rules,True,0.6029652209478544,0.34406944952112883,0.2588957714267256,0.22006263568861295
450,auditor,SHAP,SHAP,False,0.66053827023135,0.66053827023135,0.0,0.08898886561172492
7185,doctor,SHAP,SHAP,False,0.5287847917327317,0.5287847917327317,0.0,0.12878479173273177
7185,patient,SHAP,Rules,True,0.6777777777777777,0.31253899330122203,0.36523878447655567,0.2911781712836503
7185,auditor,SHAP,SHAP,False,0.7634020514338653,0.7634020514338653,0.0,0.391329146984545
12520,doctor,SHAP,Rules,True,0.5833333333333333,0.5695783634936658,0.013754969839667508,0.013754969839667508
12520,patient,SHAP,Rules,True,0.6055555555555555,0.2971617989692517,0.3083937565863038,0.12848528364979872
12520,auditor,SHAP,SHAP,False,0.8,0.8,0.0,0.21111111111111114
17729,doctor,LIME,Rules,True,0.6788925775139514,0.49417340801332754,0.18471916950062384,0.17368023956405598
17729,patient,LIME,Rules,True,0.540438939979398,0.3148330273292907,0.22560591265010727,0.12972989981751876
17729,auditor,LIME,Rules,True,0.6723618205236525,0.5556951538569858,0.1166666666666667,0.1166666666666667
18539,doctor,Rules,Rules,False,0.5499999999999999,0.5499999999999999,0.0,0.06587956702918529
18539,patient,Rules,Rules,False,0.42777777777777776,0.42777777777777776,0.0,0.037817070965823374
18539,auditor,Rules,Rules,False,0.7944444444444445,0.7944444444444445,0.0,0.1493773320586036
17441,doctor,SHAP,SHAP,False,0.4487033546516065,0.4487033546516065,0.0,0.04870335465160652
17441,patient,SHAP,Rules,True,0.6777777777777777,0.3594770028294807,0.318300774948297,0.18975957602775873
17441,auditor,SHAP,SHAP,False,0.5377912372557205,0.5377912372557205,0.0,0.3452539513439225
17956,doctor,SHAP,SHAP,False,0.688448598283007,0.688448598283007,0.0,0.13429075312118488
17956,patient,SHAP,Counterfactual,True,0.7016060057381254,0.448817856068493,0.25278814966963237,0.25278814966963237
17956,auditor,SHAP,SHAP,False,0.7956608288100684,0.7956608288100684,0.0,0.22158623621578932
19245,doctor,Rules,Rules,False,0.6324851584956122,0.6324851584956122,0.0,0.10137295915074851
19245,patient,Rules,Rules,False,0.5219394972763152,0.5219394972763152,0.0,0.13464263247522734
19245,auditor,Rules,Rules,False,0.787366565070364,0.787366565070364,0.0,0.12135680537470239
5192,doctor,SHAP,SHAP,False,0.46239519105527643,0.46239519105527643,0.0,0.09878201106935436
5192,patient,SHAP,Counterfactual,True,0.46278658623831537,0.40398537812373747,0.058801208114577896,0.058801208114577896
5192,auditor,SHAP,SHAP,False,0.5377237762575698,0.5377237762575698,0.0,0.1934062928228788
16873,doctor,SHAP,Counterfactual,True,0.7693506143145878,0.7144393880091622,0.054911226305425664,0.054911226305425664
16873,patient,SHAP,Counterfactual,True,0.7786724269937515,0.49773516249307864,0.28093726450067286,0.015193322634857287
16873,auditor,SHAP,SHAP,False,0.7931493936665537,0.7931493936665537,0.0,0.15986206987604
19960,doctor,SHAP,SHAP,False,0.5222273648446131,0.5222273648446131,0.0,0.1222273648446131
19960,patient,SHAP,Rules,True,0.6777777777777777,0.32402904410179506,0.35374873367598264,0.07222222222222219
19960,auditor,SHAP,SHAP,False,0.7518363921615221,0.7518363921615221,0.0,0.38808090767115777
12702,doctor,SHAP,SHAP,False,0.5712387254701426,0.5712387254701426,0.0,0.09253335642129984
12702,patient,SHAP,Rules,True,0.5861941595744546,0.30404121174826415,0.2821529478261905,0.2647000767114066
12702,auditor,SHAP,SHAP,False,0.7931716208275852,0.7931716208275852,0.0,0.25831048993907313
18267,doctor,SHAP,SHAP,False,0.6215557551034654,0.6215557551034654,0.0,0.10291209008351188
18267,patient,SHAP,LIME,True,0.38110850595501833,0.32253062073708033,0.058577885217938,0.03274991543166267
18267,auditor,SHAP,SHAP,False,0.7350131739930604,0.7350131739930604,0.0,0.23442865433291815
13076,doctor,SHAP,Rules,True,0.5830206146872301,0.4824379070617311,0.10058270762549898,0.10058270762549898
13076,patient,SHAP,Rules,True,0.7387846493401878,0.3991109995287838,0.339673649811404,0.2596418276126996
13076,auditor,SHAP,SHAP,False,0.6014366249513526,0.6014366249513526,0.0,0.2284545580614007
4976,doctor,LIME,SHAP,True,0.6229091072602644,0.5513051108116475,0.07160399644861692,0.07160399644861692
4976,patient,LIME,Rules,True,0.4192417369187834,0.34727361729796397,0.07196811962081945,0.042787069054126936
4976,auditor,LIME,SHAP,True,0.7099889527674289,0.6411033505770163,0.06888560219041262,0.06888560219041262
20353,doctor,SHAP,SHAP,False,0.6583363287018696,0.6583363287018696,0.0,0.11263316431503823
20353,patient,SHAP,Counterfactual,True,0.676615666722194,0.42672056552770776,0.2498951011944862,0.2498951011944862
20353,auditor,SHAP,SHAP,False,0.7860685898658339,0.7860685898658339,0.0,0.21993292038410228
17849,doctor,SHAP,Rules,True,0.5831860595028164,0.5813166734858015,0.001869386017014918,0.001869386017014918
17849,patient,SHAP,Rules,True,0.6055064642787166,0.32541614186037493,0.28009032241834164,0.21449402275882773
17849,auditor,SHAP,SHAP,False,0.7994765310321181,0.7994765310321181,0.0,0.210784007250585
11392,doctor,SHAP,Rules,True,0.8100156633616354,0.5899180888313821,0.22009757453025336,0.06358964587172
11392,patient,SHAP,Counterfactual,True,0.7710308947188607,0.4057645981715913,0.3652662965472694,0.12324789582053775
11392,auditor,SHAP,SHAP,False,0.7969485425877258,0.7969485425877258,0.0,0.07024010695669791
6983,doctor,Rules,Rules,False,0.5499999999999999,0.5499999999999999,0.0,0.04824409902479665
6983,patient,Rules,Rules,False,0.42777777777777776,0.42777777777777776,0.0,0.04549489115070232
6983,auditor,Rules,Rules,False,0.7944444444444445,0.7944444444444445,0.0,0.15993209391351282
18376,doctor,SHAP,SHAP,False,0.5363036826019956,0.5363036826019956,0.0,0.27445821517706315
18376,patient,SHAP,SHAP,False,0.417014119137733,0.417014119137733,0.0,0.08770252831686848
18376,auditor,SHAP,SHAP,False,0.6445851746425013,0.6445851746425013,0.0,0.6040020402401514
10635,doctor,SHAP,SHAP,False,0.6844670302803558,0.6844670302803558,0.0,0.11801632147217422
10635,patient,SHAP,Counterfactual,True,0.6079096404805285,0.45174399380068975,0.1561656466798388,0.1561656466798388
10635,auditor,SHAP,SHAP,False,0.7946134601528754,0.7946134601528754,0.0,0.20389364150236622
19873,doctor,SHAP,Rules,True,0.6980727689009221,0.6570538129454002,0.04101895595552185,0.04101895595552185
19873,patient,SHAP,Counterfactual,True,0.6820647197275848,0.47390664970054797,0.2081580700270368,0.03826268564949964
19873,auditor,SHAP,SHAP,False,0.7838415643911771,0.7838415643911771,0.0,0.08898084732205136
18789,doctor,LIME,LIME,False,0.5300166411337208,0.5300166411337208,0.0,0.04342242624046605
18789,patient,LIME,LIME,False,0.3645936359333519,0.3645936359333519,0.0,0.027678291050798443
18789,auditor,LIME,SHAP,True,0.601104116077012,0.5456586343407556,0.05544548173625641,0.05544548173625641
4950,doctor,Counterfactual,Counterfactual,False,0.6738242266826954,0.6738242266826954,0.0,0.22157431272273514
4950,patient,Counterfactual,Counterfactual,False,0.7467262115179725,0.7467262115179725,0.0,0.37815458669677887
4950,auditor,Counterfactual,Counterfactual,False,0.7035715127385568,0.7035715127385568,0.0,0.1404780323750766
7129,doctor,SHAP,Counterfactual,True,0.7895379023950823,0.7099941077101118,0.07954379468497041,0.07954379468497041
7129,patient,SHAP,Counterfactual,True,0.785401523020583,0.5057337766037177,0.2796677464168653,0.056812658115310444
7129,auditor,SHAP,SHAP,False,0.7831794008826841,0.7831794008826841,0.0,0.11107832782913118
14309,doctor,Rules,Rules,False,0.8423502270573542,0.8423502270573542,0.0,0.07894265087013508
14309,patient,Rules,Rules,False,0.8252278534635625,0.8252278534635625,0.0,0.17974928093310494
14309,auditor,Rules,Rules,False,0.7740450499307224,0.7740450499307224,0.0,0.06322003590221326
2365,doctor,SHAP,SHAP,False,0.6380371953368644,0.6380371953368644,0.0,0.1550084751363125
2365,patient,SHAP,Counterfactual,True,0.6444444444444444,0.2604923358715523,0.3839521085728921,0.25941560255315854
2365,auditor,SHAP,SHAP,False,0.8,0.8,0.0,0.2885167846157467
757,doctor,SHAP,Counterfactual,True,0.7932323844335052,0.7266804218554502,0.06655196257805496,0.06155784016934429
757,patient,SHAP,Counterfactual,True,0.7866330170333906,0.5076167997450205,0.2790162172883701,0.09163039116755911
757,auditor,SHAP,SHAP,False,0.8,0.8,0.0,0.09687449448875018
17637,doctor,SHAP,SHAP,False,0.528544216276954,0.528544216276954,0.0,0.10573546336736406
17637,patient,SHAP,Counterfactual,True,0.5254007235174345,0.35834036422356086,0.16706035929387364,0.1499803032332384
17637,auditor,SHAP,SHAP,False,0.6956629146568767,0.6956629146568767,0.0,0.2912901197797723
945,doctor,SHAP,SHAP,False,0.5501976949722516,0.5501976949722516,0.0,0.1501976949722516
945,patient,SHAP,Rules,True,0.6777777777777777,0.34205452150088306,0.33572325627689464,0.19701507872498636
945,auditor,SHAP,SHAP,False,0.7626493800445396,0.7626493800445396,0.0,0.38754979334817985
4627,doctor,SHAP,SHAP,False,0.5455073430291022,0.5455073430291022,0.0,0.13098542557548498
4627,patient,SHAP,Counterfactual,True,0.391309892240872,0.3721636664116139,0.019146225829258068,0.019146225829258068
4627,auditor,SHAP,SHAP,False,0.6575517029184211,0.6575517029184211,0.0,0.26210918479254386
20053,doctor,SHAP,Counterfactual,True,0.785701596747362,0.6950723528099522,0.09062924393740979,0.09062924393740979
20053,patient,SHAP,Counterfactual,True,0.7841227544713428,0.5075005535069176,0.27662220096442525,0.04826206899546459
20053,auditor,SHAP,SHAP,False,0.7659177299565382,0.7659177299565382,0.0,0.06161664277271717
18943,doctor,Rules,Rules,False,0.85,0.85,0.0,0.19999999999999996
18943,patient,Rules,Rules,False,0.8277777777777777,0.8277777777777777,0.0,0.3754588306384898
18943,auditor,Rules,Rules,False,0.7944444444444445,0.7944444444444445,0.0,0.08068676281720688
137,doctor,SHAP,SHAP,False,0.5630288378241833,0.5630288378241833,0.0,0.038934414892712765
137,patient,SHAP,Counterfactual,True,0.6976991918013643,0.44063218375520635,0.25706700804615795,0.25706700804615795
137,auditor,SHAP,SHAP,False,0.7256515631872129,0.7256515631872129,0.0,0.068188129315089
17015,doctor,SHAP,SHAP,False,0.6707462933593772,0.6707462933593772,0.0,0.06461368008084323
17015,patient,SHAP,Rules,True,0.49089244767996226,0.3873977268614176,0.10349472081854466,0.10349472081854466
17015,auditor,SHAP,SHAP,False,0.8,0.8,0.0,0.1333333333333333
5853,doctor,SHAP,SHAP,False,0.5956578140775304,0.5956578140775304,0.0,0.08807333741509182
5853,patient,SHAP,Counterfactual,True,0.6444444444444444,0.2950676137391298,0.34937683070531456,0.2653337613086297
5853,auditor,SHAP,SHAP,False,0.7123368172180142,0.7123368172180142,0.0,0.23347785693040413
13718,doctor,LIME,LIME,False,0.41484543377887073,0.41484543377887073,0.0,0.0028774242677683803
13718,patient,LIME,Counterfactual,True,0.3890517736965224,0.36416313572188463,0.02488863797463775,0.011154689688425257
13718,auditor,LIME,SHAP,True,0.4,0.33468811057566195,0.06531188942433808,0.06531188942433808
8632,doctor,SHAP,SHAP,False,0.5711353837454078,0.5711353837454078,0.0,0.12890246949815598
8632,patient,SHAP,LIME,True,0.388635719171227,0.3869455077831248,0.001690211388102214,0.001690211388102214
8632,auditor,SHAP,SHAP,False,0.7720586613711423,0.7720586613711423,0.0,0.31432228367384324
12658,doctor,SHAP,SHAP,False,0.5568842685323027,0.5568842685323027,0.0,0.13338188938977058
12658,patient,SHAP,Rules,True,0.6777777777777777,0.45483100615997296,0.22294677161780474,0.20397533699276998
12658,auditor,SHAP,SHAP,False,0.6666666666666667,0.6666666666666667,0.0,0.26666666666666666
8993,doctor,SHAP,SHAP,False,0.624761649816335,0.624761649816335,0.0,0.14375791701619306
8993,patient,SHAP,Counterfactual,True,0.6540539959945507,0.27030845773405543,0.3837455382604953,0.33528111187718496
8993,auditor,SHAP,SHAP,False,0.7194660340534971,0.7194660340534971,0.0,0.24160079260320666
15262,doctor,SHAP,Counterfactual,True,0.7264530423237614,0.6226689271845639,0.1037841151391975,0.1037841151391975
15262,patient,SHAP,Counterfactual,True,0.7643732363301426,0.4517815864089232,0.31259164992121946,0.08136471013662894
15262,auditor,SHAP,SHAP,False,0.7704732078342892,0.7704732078342892,0.0,0.21230751809370196
17632,doctor,SHAP,SHAP,False,0.47264647500556717,0.47264647500556717,0.0,0.0726464750055672
17632,patient,SHAP,Rules,True,0.6777777777777777,0.3553993726188778,0.32237840515889993,0.2867877472108133
17632,auditor,SHAP,SHAP,False,0.5961754155955942,0.5961754155955942,0.0,0.2819264131842938
8094,doctor,SHAP,SHAP,False,0.5722431258848003,0.5722431258848003,0.0,0.1553640635548949
8094,patient,SHAP,Rules,True,0.6777777777777777,0.45066085643485687,0.22711692134292083,0.22711692134292083
8094,auditor,SHAP,SHAP,False,0.6574822216352247,0.6574822216352247,0.0,0.282389601510305
7433,doctor,SHAP,SHAP,False,0.48602345561754945,0.48602345561754945,0.0,0.13602345561754947
7433,patient,SHAP,Counterfactual,True,0.3865977169290182,0.3811094620611826,0.005488254867835551,0.005488254867835551
7433,auditor,SHAP,SHAP,False,0.6088108792663693,0.6088108792663693,0.0,0.46887380194835826
7145,doctor,SHAP,Counterfactual,True,0.8072718938276369,0.7194957606165437,0.08777613321109312,0.08777613321109312
7145,patient,SHAP,Counterfactual,True,0.7913128534981011,0.5254167716741073,0.2658960818239938,0.144318258572671
7145,auditor,SHAP,SHAP,False,0.7948652508676524,0.7948652508676524,0.0,0.07547353399395407
16123,doctor,SHAP,Counterfactual,True,0.7998769923859019,0.7003773489144398,0.09949964347146212,0.09949964347146212
16123,patient,SHAP,Counterfactual,True,0.7888478863508561,0.5055141286347132,0.2833337577161429,0.18954586416097463
16123,auditor,SHAP,SHAP,False,0.799180704123523,0.799180704123523,0.0,0.08596726375692343
11409,doctor,SHAP,SHAP,False,0.5408200482046625,0.5408200482046625,0.0,0.007905960490266262
11409,patient,SHAP,Rules,True,0.42208247368257645,0.33034127696929494,0.09174119671328151,0.03969472960303927
11409,auditor,SHAP,SHAP,False,0.7734875392989266,0.7734875392989266,0.0,0.024605527616092138
12176,doctor,SHAP,Rules,True,0.707965253940577,0.7040739914937432,0.0038912624468337986,0.0038912624468337986
12176,patient,SHAP,Counterfactual,True,0.7530489465698393,0.39806995496922637,0.35497899160061297,0.1077038034434481
12176,auditor,SHAP,SHAP,False,0.78168508043307,0.78168508043307,0.0,0.1278418066536463
835,doctor,SHAP,SHAP,False,0.5518460844151991,0.5518460844151991,0.0,0.15184608441519915
835,patient,SHAP,Rules,True,0.6777777777777777,0.3680606602330204,0.3097171175447573,0.23246433941412747
835,auditor,SHAP,SHAP,False,0.6666666666666667,0.6666666666666667,0.0,0.4
4287,doctor,SHAP,SHAP,False,0.7096781950781892,0.7096781950781892,0.0,0.012653647639111809
4287,patient,SHAP,Counterfactual,True,0.754563738035248,0.3815340777078384,0.3730296603274096,0.16093627210517458
4287,auditor,SHAP,SHAP,False,0.8,0.8,0.0,0.16196449934222934
5681,doctor,LIME,SHAP,True,0.4180286631568235,0.3954638880652015,0.022564775091622025,0.022564775091622025
5681,patient,LIME,Counterfactual,True,0.6444444444444444,0.36245493279516494,0.28198951164927943,0.265562325550202
5681,auditor,LIME,SHAP,True,0.4,0.31668695630111315,0.08331304369888687,0.08331304369888687
1577,doctor,SHAP,SHAP,False,0.5577079487965865,0.5577079487965865,0.0,0.12327369653895037
1577,patient,SHAP,Rules,True,0.6777777777777777,0.3679458044565196,0.3098319733212581,0.2913732541774171
1577,auditor,SHAP,SHAP,False,0.6666666666666667,0.6666666666666667,0.0,0.2666666666666667
19335,doctor,SHAP,SHAP,False,0.6039362884625344,0.6039362884625344,0.0,0.19036135696341777
19335,patient,SHAP,Counterfactual,True,0.48336178894050824,0.33393080110070317,0.14943098783980507,0.13392963913000527
19335,auditor,SHAP,SHAP,False,0.8,0.8,0.0,0.4
5753,doctor,SHAP,SHAP,False,0.5177820450694112,0.5177820450694112,0.0,0.1177820450694112
5753,patient,SHAP,Rules,True,0.6777777777777777,0.3118901134645866,0.3658876643131911,0.07107244956763559
5753,auditor,SHAP,SHAP,False,0.7561607575627163,0.7561607575627163,0.0,0.3810915878559919
11922,doctor,SHAP,Counterfactual,True,0.7915678041014865,0.7285809489827716,0.06298685511871494,0.06298685511871494
11922,patient,SHAP,Counterfactual,True,0.7860781569227178,0.5127619813361695,0.2733161755865483,0.055512748370577625
11922,auditor,SHAP,SHAP,False,0.7992006421186253,0.7992006421186253,0.0,0.12168649784799446
16567,doctor,SHAP,SHAP,False,0.5180930914769843,0.5180930914769843,0.0,0.03200221091578542
16567,patient,SHAP,Rules,True,0.6777777777777777,0.42423806970139,0.2535397080763877,0.2535397080763877
16567,auditor,SHAP,SHAP,False,0.5918972818378244,0.5918972818378244,0.0,0.2717991255151485
13799,doctor,SHAP,SHAP,False,0.4505475897884433,0.4505475897884433,0.0,0.050547589788443315
13799,patient,SHAP,Rules,True,0.6777777777777777,0.3428309427632165,0.3349468350145612,0.033333333333333326
13799,auditor,SHAP,SHAP,False,0.5356958771687932,0.5356958771687932,0.0,0.5412514327243487
20068,doctor,SHAP,SHAP,False,0.524406542916882,0.524406542916882,0.0,0.10793176881874461
20068,patient,SHAP,Rules,True,0.6777777777777777,0.32881822309832615,0.34895955467945156,0.2080577035200647
20068,auditor,SHAP,SHAP,False,0.6666666666666667,0.6666666666666667,0.0,0.26666666666666666
13489,doctor,SHAP,Counterfactual,True,0.736413167523761,0.7281671198813081,0.008246047642452847,0.008246047642452847
13489,patient,SHAP,Counterfactual,True,0.7676932780634759,0.4188303663048358,0.3488629117586401,0.23070007514253266
13489,auditor,SHAP,SHAP,False,0.7919538559862648,0.7919538559862648,0.0,0.2221073233158044
1126,doctor,Counterfactual,Counterfactual,False,0.8166666666666667,0.8166666666666667,0.0,0.23202167739506618
1126,patient,Counterfactual,Counterfactual,False,0.7944444444444444,0.7944444444444444,0.0,0.37245738179521143
1126,auditor,Counterfactual,Counterfactual,False,0.7444444444444445,0.7444444444444445,0.0,0.13042016873779072
2226,doctor,SHAP,Rules,True,0.572900715526496,0.5549775772377299,0.017923138288766127,0.017923138288766127
2226,patient,SHAP,Rules,True,0.7354113496199431,0.39454551091731427,0.3408658387026289,0.04629568990826105
2226,auditor,SHAP,SHAP,False,0.7058187378002767,0.7058187378002767,0.0,0.23268943228688155
17097,doctor,SHAP,SHAP,False,0.7151554890352547,0.7151554890352547,0.0,0.08144574405893812
17097,patient,SHAP,Counterfactual,True,0.6897380816092816,0.27791388460783556,0.41182419700144607,0.16754871401561966
17097,auditor,SHAP,SHAP,False,0.7886936041949655,0.7886936041949655,0.0,0.14822358499986743
5094,doctor,SHAP,SHAP,False,0.5696589047911984,0.5696589047911984,0.0,0.21965890479119843
5094,patient,SHAP,Counterfactual,True,0.4852737190559798,0.4552464267574569,0.030027292298522912,0.030027292298522912
5094,auditor,SHAP,SHAP,False,0.6571389769637872,0.6571389769637872,0.0,0.4106404731339317
18718,doctor,SHAP,Counterfactual,True,0.7715073438828588,0.7001293215098748,0.07137802237298396,0.028918884070531226
18718,patient,SHAP,Counterfactual,True,0.7793913368498419,0.4946502419404441,0.28474109490939775,0.09575073913462151
18718,auditor,SHAP,SHAP,False,0.8,0.8,0.0,0.053097440500459614
2967,doctor,SHAP,Rules,True,0.7996255607514492,0.649060284914948,0.15056527583650114,0.15056527583650114
2967,patient,SHAP,Counterfactual,True,0.7281789001886578,0.4308315957909873,0.29734730439767054,0.08385926882706363
2967,auditor,SHAP,SHAP,False,0.7872386899835065,0.7872386899835065,0.0,0.08823719464630864
3805,doctor,Counterfactual,Counterfactual,False,0.6571763376960209,0.6571763376960209,0.0,0.16095413709740658
3805,patient,Counterfactual,Counterfactual,False,0.7412810014542291,0.7412810014542291,0.0,0.3651832655231124
3805,auditor,Counterfactual,SHAP,True,0.5690552182125073,0.5317906724835836,0.03726454572892368,0.03726454572892368
2933,doctor,LIME,SHAP,True,0.5742414580775349,0.5706424893236326,0.0035989687539023096,0.0035989687539023096
2933,patient,LIME,LIME,False,0.46875425917901187,0.46875425917901187,0.0,0.019536370201344466
2933,auditor,LIME,SHAP,True,0.7171259766192244,0.6002293690292565,0.1168966075899679,0.1168966075899679
17135,doctor,Counterfactual,Counterfactual,False,0.5326701579364179,0.5326701579364179,0.0,0.047863009179848426
17135,patient,Counterfactual,Counterfactual,False,0.6971677084093664,0.6971677084093664,0.0,0.01938993063158867
17135,auditor,Counterfactual,SHAP,True,0.5333333333333334,0.5053375003041319,0.0279958330292015,0.0279958330292015
15440,doctor,SHAP,Counterfactual,True,0.7514633123766551,0.6648091708035004,0.08665414157315465,0.06430738467306019
15440,patient,SHAP,Counterfactual,True,0.7727099930144405,0.44658785134872436,0.3261221416657162,0.113248660388096
15440,auditor,SHAP,SHAP,False,0.7898492235124467,0.7898492235124467,0.0,0.04699024215448799
17895,doctor,SHAP,SHAP,False,0.40641695658461285,0.40641695658461285,0.0,0.006416956584612887
17895,patient,SHAP,Rules,True,0.6777777777777777,0.37403917870710557,0.30373859907067213,0.29740138661226867
17895,auditor,SHAP,SHAP,False,0.4,0.4,0.0,0.40555555555555556
7226,doctor,Rules,Rules,False,0.5497291565755464,0.5497291565755464,0.0,0.02346717258643194
7226,patient,Rules,Rules,False,0.42768749663629324,0.42768749663629324,0.0,0.04284579783978276
7226,auditor,Rules,Rules,False,0.7937221953125684,0.7937221953125684,0.0,0.12766160936438697
2861,doctor,SHAP,Counterfactual,True,0.7519278703180312,0.6818503891727848,0.07007748114524637,0.07007748114524637
2861,patient,SHAP,Counterfactual,True,0.7728648456615659,0.4563216117373751,0.31654323392419076,0.03182746898354816
2861,auditor,SHAP,SHAP,False,0.7989792991051163,0.7989792991051163,0.0,0.2024116693181538
271,doctor,Rules,Rules,False,0.85,0.85,0.0,0.26752009170595425
271,patient,Rules,Rules,False,0.8277777777777777,0.8277777777777777,0.0,0.23175532929444964
271,auditor,Rules,Rules,False,0.7944444444444445,0.7944444444444445,0.0,0.06524308831613301
13276,doctor,SHAP,SHAP,False,0.5027925633188552,0.5027925633188552,0.0,0.10279256331885528
13276,patient,SHAP,Rules,True,0.6777777777777777,0.36573784247291075,0.31203993530486696,0.19708220202635174
13276,auditor,SHAP,SHAP,False,0.6448094674597266,0.6448094674597266,0.0,0.37814280079305984
14599,doctor,SHAP,SHAP,False,0.5935315564343986,0.5935315564343986,0.0,0.14493003064811544
14599,patient,SHAP,Counterfactual,True,0.5201871892060446,0.35724343312653367,0.1629437560795109,0.14850766262221132
14599,auditor,SHAP,SHAP,False,0.8,0.8,0.0,0.34553552274892435
12634,doctor,SHAP,Counterfactual,True,0.7729828625386856,0.7023418027525372,0.07064105978614843,0.054966725505014136
12634,patient,SHAP,Counterfactual,True,0.7798831764017841,0.5082296886904761,0.27165348771130793,0.12592458101629111
12634,auditor,SHAP,SHAP,False,0.795566344982298,0.795566344982298,0.0,0.08619480055116424
1359,doctor,SHAP,Rules,True,0.808816160894173,0.6440476105482883,0.16476855034588467,0.16476855034588467
1359,patient,SHAP,Rules,True,0.8140498314091688,0.37144005149061954,0.4426097799185492,0.3824512461847957
1359,auditor,SHAP,SHAP,False,0.759612413869122,0.759612413869122,0.0,0.07499154037354949
16356,doctor,Counterfactual,Counterfactual,False,0.7999999999999999,0.7999999999999999,0.0,0.13635758970323308
16356,patient,Counterfactual,Counterfactual,False,0.5581448666492692,0.5581448666492692,0.0,0.07123818039533686
16356,auditor,Counterfactual,SHAP,True,0.7445958748489476,0.7388888888888889,0.005706985960058697,0.005706985960058697
783,doctor,SHAP,SHAP,False,0.5213221146711318,0.5213221146711318,0.0,0.1213221146711318
783,patient,SHAP,Rules,True,0.6777777777777777,0.35477261790501957,0.32300515987275813,0.29358953863549764
783,auditor,SHAP,SHAP,False,0.636621931342716,0.636621931342716,0.0,0.38415570621852413
9179,doctor,Counterfactual,Counterfactual,False,0.6322204059690507,0.6322204059690507,0.0,0.2093399067588319
9179,patient,Counterfactual,Rules,True,0.6777777777777777,0.6540046123948646,0.023773165382913075,0.023773165382913075
9179,auditor,Counterfactual,Counterfactual,False,0.7333333333333334,0.7333333333333334,0.0,0.16816527588359864
196,doctor,SHAP,Counterfactual,True,0.7926265309791886,0.7315062018753391,0.06112032910384946,0.06112032910384946
196,patient,SHAP,Counterfactual,True,0.7864310658819518,0.5208601300243036,0.2655709358576481,0.054080576880546904
196,auditor,SHAP,SHAP,False,0.7921271548015054,0.7921271548015054,0.0,0.1117897388570025
9980,doctor,SHAP,SHAP,False,0.5137309022333107,0.5137309022333107,0.0,0.11373090223331078
9980,patient,SHAP,Rules,True,0.6777777777777777,0.38328329205563216,0.29449448572214554,0.2085919342768005
9980,auditor,SHAP,SHAP,False,0.6518021146130151,0.6518021146130151,0.0,0.3483186247841104
2100,doctor,Counterfactual,Counterfactual,False,0.6729472365525102,0.6729472365525102,0.0,0.11843382243823086
2100,patient,Counterfactual,Rules,True,0.6777777777777777,0.5802830332042247,0.097494744573553,0.097494744573553
2100,auditor,Counterfactual,Counterfactual,False,0.7333333333333334,0.7333333333333334,0.0,0.06666666666666665
15570,doctor,Counterfactual,Counterfactual,False,0.7785834028597073,0.7785834028597073,0.0,0.19616926420151948
15570,patient,Counterfactual,Counterfactual,False,0.7817500231754579,0.7817500231754579,0.0,0.3576982183248905
15570,auditor,Counterfactual,SHAP,True,0.7358801722358564,0.6936667593684988,0.04221341286735769,0.04221341286735769
17278,doctor,SHAP,Counterfactual,True,0.724756323313869,0.6813492775715011,0.04340704574236787,0.022171400093799254
17278,patient,SHAP,Counterfactual,True,0.6246946502770753,0.5100271433049972,0.11466750697207806,0.03903768756629167
17278,auditor,SHAP,SHAP,False,0.7647134363160064,0.7647134363160064,0.0,0.08693075779832027
8778,doctor,SHAP,SHAP,False,0.5469213249043832,0.5469213249043832,0.0,0.1969213249043832
8778,patient,SHAP,Counterfactual,True,0.48083526803156607,0.4418629064255988,0.03897236160596729,0.03897236160596729
8778,auditor,SHAP,SHAP,False,0.6666666666666667,0.6666666666666667,0.0,0.37533227616650516
8978,doctor,SHAP,SHAP,False,0.5816755490894182,0.5816755490894182,0.0,0.15333112339562216
8978,patient,SHAP,Rules,True,0.6777777777777777,0.39455556820541415,0.28322220957236355,0.28322220957236355
8978,auditor,SHAP,SHAP,False,0.6666666666666667,0.6666666666666667,0.0,0.26666666666666666
18555,doctor,SHAP,Rules,True,0.7333333333333333,0.6208811236388423,0.11245220969449099,0.11245220969449099
18555,patient,SHAP,Counterfactual,True,0.7065201555132177,0.3293253655695395,0.37719478994367817,0.050964599957662116
18555,auditor,SHAP,SHAP,False,0.8,0.8,0.0,0.011111111111111072
10058,doctor,SHAP,SHAP,False,0.471089798750702,0.471089798750702,0.0,0.05565837219969744
10058,patient,SHAP,Counterfactual,True,0.4279980677388216,0.368862839745687,0.05913522799313459,0.057675538742513965
10058,auditor,SHAP,SHAP,False,0.6174595357160777,0.6174595357160777,0.0,0.3867255717027278
10551,doctor,LIME,Counterfactual,True,0.7384957541895261,0.5657532154376111,0.17274253875191492,0.10502930748064143
10551,patient,LIME,Counterfactual,True,0.6397391149271824,0.3957033114622486,0.2440358034649338,0.2213388718915485
10551,auditor,LIME,SHAP,True,0.7868098884767946,0.6666666666666667,0.12014322181012782,0.06666666666666665
15920,doctor,SHAP,Counterfactual,True,0.7733432989700685,0.7183907445906448,0.0549525543794237,0.0549525543794237
15920,patient,SHAP,Counterfactual,True,0.7800033218789117,0.5040315312742863,0.2759717906046254,0.013823714677693388
15920,auditor,SHAP,SHAP,False,0.7925493486425716,0.7925493486425716,0.0,0.15069030607924316
16408,doctor,LIME,Rules,True,0.5656274640248788,0.48414258251851217,0.08148488150636668,0.08148488150636668
16408,patient,LIME,LIME,False,0.470757436676499,0.470757436676499,0.0,0.026753817750856113
16408,auditor,LIME,SHAP,True,0.5793308536009193,0.517823693904442,0.06150715969647724,0.06150715969647724
11978,doctor,SHAP,Rules,True,0.8117725442821243,0.6423910094043574,0.16938153487776686,0.16938153487776686
11978,patient,SHAP,Rules,True,0.8150352925384858,0.38255282460968953,0.4324824679287963,0.3892237250042477
11978,auditor,SHAP,SHAP,False,0.762118247027519,0.762118247027519,0.0,0.06961368449740946
8507,doctor,SHAP,SHAP,False,0.44396918515158806,0.44396918515158806,0.0,0.03890406082565062
8507,patient,SHAP,Counterfactual,True,0.6803966840899471,0.39061984585743803,0.2897768382325091,0.0026189063121694334
8507,auditor,SHAP,SHAP,False,0.5310244933413018,0.5310244933413018,0.0,0.17964068194753724
12226,doctor,SHAP,SHAP,False,0.5356230404957137,0.5356230404957137,0.0,0.13562304049571378
12226,patient,SHAP,Rules,True,0.6777777777777777,0.2956215582684525,0.3821562195093252,0.033333333333333326
12226,auditor,SHAP,SHAP,False,0.7912420774337089,0.7912420774337089,0.0,0.42035625832598456
7310,doctor,SHAP,Counterfactual,True,0.4929859236672016,0.4740509576786738,0.01893496598852784,0.01893496598852784
7310,patient,SHAP,Counterfactual,True,0.6823158795293629,0.4378887484934345,0.2444271310359284,0.0045381017515852
7310,auditor,SHAP,SHAP,False,0.6059039545545082,0.6059039545545082,0.0,0.21668882744925366
18604,doctor,Rules,Rules,False,0.85,0.85,0.0,0.17638850503654602
18604,patient,Rules,Rules,False,0.8277777777777777,0.8277777777777777,0.0,0.08718186126279259
18604,auditor,Rules,Rules,False,0.7944444444444445,0.7944444444444445,0.0,0.1153941117178372
12150,doctor,SHAP,Counterfactual,True,0.7757934584221546,0.6974898675391017,0.07830359088305294,0.07830359088305294
12150,patient,SHAP,Counterfactual,True,0.7808200416962737,0.48538951529970786,0.29543052639656586,0.066417646587277
12150,auditor,SHAP,SHAP,False,0.7975758928444725,0.7975758928444725,0.0,0.16212667038539352
7488,doctor,SHAP,Counterfactual,True,0.7497949841573275,0.6947801610482677,0.05501482310905981,0.05501482310905981
7488,patient,SHAP,Counterfactual,True,0.772153883607998,0.46928254186624574,0.30287134174175223,0.14310194075900273
7488,auditor,SHAP,SHAP,False,0.8,0.8,0.0,0.20530351960171922
17372,doctor,LIME,LIME,False,0.6151207267298006,0.6151207267298006,0.0,0.026837342500825923
17372,patient,LIME,Counterfactual,True,0.6880964007465208,0.36096763457588965,0.32712876617063114,0.1406284760797326
17372,auditor,LIME,SHAP,True,0.6913856124007333,0.6444242742757212,0.04696133812501202,0.04696133812501202
10640,doctor,SHAP,SHAP,False,0.49520131808142787,0.49520131808142787,0.0,0.08281344959332876
10640,patient,SHAP,Counterfactual,True,0.6444444444444444,0.3862687110118653,0.2581757334325791,0.2581757334325791
10640,auditor,SHAP,SHAP,False,0.5328488304042823,0.5328488304042823,0.0,0.1355096424086073
17137,doctor,SHAP,Rules,True,0.7260106531806733,0.6958085403571219,0.03020211282355134,0.03020211282355134
17137,patient,SHAP,Rules,True,0.5561449652016386,0.5074911003872583,0.04865386481438028,0.04865386481438028
17137,auditor,SHAP,SHAP,False,0.771226575505486,0.771226575505486,0.0,0.05509341931948186
16620,doctor,Rules,Rules,False,0.7891923412770422,0.7891923412770422,0.0,0.34969638634138656
16620,patient,Rules,Rules,False,0.8075085582034585,0.8075085582034585,0.0,0.2868908725856475
16620,auditor,Rules,Rules,False,0.6322906878498905,0.6322906878498905,0.0,0.06458867921924794
19736,doctor,SHAP,Rules,True,0.5833333333333333,0.5823242723647104,0.0010090609686228547,0.0010090609686228547
19736,patient,SHAP,Rules,True,0.6055555555555555,0.32135202540469454,0.284203530150861,0.11809182191683071
19736,auditor,SHAP,SHAP,False,0.8,0.8,0.0,0.21111111111111114
10711,doctor,SHAP,SHAP,False,0.6035171495223709,0.6035171495223709,0.0,0.12352786915007147
10711,patient,SHAP,Rules,True,0.38938476587764437,0.29822904516301857,0.0911557207146258,0.05637266883027414
10711,auditor,SHAP,SHAP,False,0.7171649774733456,0.7171649774733456,0.0,0.2199444452019811
7822,doctor,SHAP,Rules,True,0.5036679787359737,0.48040281416273267,0.023265164573241015,0.023265164573241015
7822,patient,SHAP,Counterfactual,True,0.6444444444444444,0.39963854797163684,0.24480589647280754,0.09877734042134201
7822,auditor,SHAP,SHAP,False,0.6169106421256799,0.6169106421256799,0.0,0.2375477264995045
16743,doctor,SHAP,SHAP,False,0.5890332950712431,0.5890332950712431,0.0,0.07911977080761334
16743,patient,SHAP,Rules,True,0.391324645772595,0.29710819955726064,0.09421644621533437,0.043480042001151464
16743,auditor,SHAP,SHAP,False,0.6743051094265764,0.6743051094265764,0.0,0.24681532810571233
10522,doctor,SHAP,Rules,True,0.8400111723552094,0.586715436676331,0.2532957356788784,0.09491347131855721
10522,patient,SHAP,Rules,True,0.8244481685628475,0.4114778613348587,0.41297030722798883,0.240402410775302
10522,auditor,SHAP,SHAP,False,0.7983485952632611,0.7983485952632611,0.0,0.030541024538258243
5912,doctor,SHAP,SHAP,False,0.5083218600137884,0.5083218600137884,0.0,0.10832186001378846
5912,patient,SHAP,Rules,True,0.6777777777777777,0.3873114281483381,0.2904663496294396,0.28976354547468286
5912,auditor,SHAP,SHAP,False,0.6209014773856288,0.6209014773856288,0.0,0.30901236891538003
5956,doctor,SHAP,Counterfactual,True,0.7701731816808877,0.7089457837672557,0.061227397913631965,0.019842130077769027
5956,patient,SHAP,Counterfactual,True,0.7789466161158515,0.5011655954979938,0.2777810206178577,0.017725154470367488
5956,auditor,SHAP,SHAP,False,0.7870901983073219,0.7870901983073219,0.0,0.14079613100729615
2725,doctor,LIME,Counterfactual,True,0.7137131178719325,0.591538410611303,0.12217470726062951,0.12217470726062951
2725,patient,LIME,Counterfactual,True,0.6265521904759375,0.5197041043726113,0.10684808610332619,0.10684808610332619
2725,auditor,LIME,Counterfactual,True,0.6238397127181322,0.6140486505681976,0.009791062149934637,0.009791062149934637
3185,doctor,SHAP,SHAP,False,0.46384307886207143,0.46384307886207143,0.0,0.06384307886207147
3185,patient,SHAP,Rules,True,0.6777777777777777,0.3830534854339787,0.294724292343799,0.033333333333333326
3185,auditor,SHAP,SHAP,False,0.5609699888512859,0.5609699888512859,0.0,0.2138183277589763
5460,doctor,SHAP,SHAP,False,0.47907507408475974,0.47907507408475974,0.0,0.10238870533714722
5460,patient,SHAP,Rules,True,0.650710645063311,0.36443970770321343,0.28627093736009757,0.28627093736009757
5460,auditor,SHAP,SHAP,False,0.699074480049872,0.699074480049872,0.0,0.31848795971628635
18324,doctor,SHAP,SHAP,False,0.46842523044549067,0.46842523044549067,0.0,0.1172964288774076
18324,patient,SHAP,SHAP,False,0.3925886689950777,0.3925886689950777,0.0,0.004815055624718401
18324,auditor,SHAP,SHAP,False,0.5025191613244816,0.5025191613244816,0.0,0.1909668508929493
13552,doctor,SHAP,Rules,True,0.5828229648637536,0.52501080281221,0.0578121620515436,0.0578121620515436
13552,patient,SHAP,Rules,True,0.6053854327323623,0.3378519193336928,0.26753351339866954,0.21995033686908533
13552,auditor,SHAP,SHAP,False,0.6660793461480421,0.6660793461480421,0.0,0.07822089004796196
15471,doctor,LIME,Counterfactual,True,0.760489929671225,0.5933446090699808,0.1671453206012442,0.138142336139922
15471,patient,LIME,Counterfactual,True,0.5474604611069425,0.46081368742003775,0.08664677368690471,0.08169624442782997
15471,auditor,LIME,SHAP,True,0.7490155245726151,0.6330235400400848,0.11599198453253035,0.06280672945542609
13642,doctor,SHAP,SHAP,False,0.5259400496111706,0.5259400496111706,0.0,0.10914961363279513
13642,patient,SHAP,Rules,True,0.6777777777777777,0.3634058489527257,0.314371928825052,0.033333333333333326
13642,auditor,SHAP,SHAP,False,0.6629077643345025,0.6629077643345025,0.0,0.26478721550058454
14678,doctor,Rules,Rules,False,0.7333333333333333,0.7333333333333333,0.0,0.2266830297409944
14678,patient,Rules,Rules,False,0.6555555555555556,0.6555555555555556,0.0,0.035554875604302816
14678,auditor,Rules,Rules,False,0.788888888888889,0.788888888888889,0.0,0.1239452498587853
20488,doctor,LIME,Counterfactual,True,0.7075768718522153,0.6453017339545875,0.06227513789762784,0.03557474632901769
20488,patient,LIME,Counterfactual,True,0.758081179506294,0.4221413723344917,0.3359398071718022,0.18384623843727266
20488,auditor,LIME,SHAP,True,0.7509277948251702,0.6666666666666667,0.0842611281585035,0.0842611281585035
17029,doctor,SHAP,Counterfactual,True,0.7977688872046176,0.7230762527825506,0.07469263442206697,0.07469263442206697
17029,patient,SHAP,Counterfactual,True,0.7881451846237614,0.5022384315256022,0.28590675309815916,0.13326757680128287
17029,auditor,SHAP,SHAP,False,0.7897781507574995,0.7897781507574995,0.0,0.09572778487851907
332,doctor,SHAP,SHAP,False,0.4996891731959934,0.4996891731959934,0.0,0.09968917319599341
332,patient,SHAP,Rules,True,0.6777777777777777,0.3350303569488452,0.3427474208289325,0.033333333333333326
332,auditor,SHAP,SHAP,False,0.73135131817097,0.73135131817097,0.0,0.3664943398167577
10193,doctor,SHAP,Rules,True,0.85,0.7043111352784418,0.14568886472155818,0.033333333333333326
10193,patient,SHAP,Rules,True,0.8277777777777777,0.43143939639889645,0.3963383813788813,0.033333333333333326
10193,auditor,SHAP,SHAP,False,0.8,0.8,0.0,0.005555555555555536
14022,doctor,SHAP,SHAP,False,0.498670313049102,0.498670313049102,0.0,0.07607527509819229
14022,patient,SHAP,Rules,True,0.6777777777777777,0.39417430121105074,0.28360347656672696,0.28360347656672696
14022,auditor,SHAP,SHAP,False,0.5323047952005897,0.5323047952005897,0.0,0.137943971615843
9714,doctor,SHAP,SHAP,False,0.517589549969991,0.517589549969991,0.0,0.11758954996999099
9714,patient,SHAP,Rules,True,0.6777777777777777,0.38675534898490355,0.29102242879287415,0.29102242879287415
9714,auditor,SHAP,SHAP,False,0.6444932157564531,0.6444932157564531,0.0,0.5247171525750002
8959,doctor,Counterfactual,Counterfactual,False,0.8128329206442122,0.8128329206442122,0.0,0.12782012765872497
8959,patient,Counterfactual,Counterfactual,False,0.7931665291036263,0.7931665291036263,0.0,0.09325396919033346
8959,auditor,Counterfactual,SHAP,True,0.7638279872544894,0.7342211217178993,0.029606865536590088,0.029606865536590088
6011,doctor,SHAP,SHAP,False,0.4803411973920406,0.4803411973920406,0.0,0.08034119739204065
6011,patient,SHAP,Rules,True,0.6777777777777777,0.31151852223167564,0.36625925554610206,0.19059227155139025
6011,auditor,SHAP,SHAP,False,0.6213942390338016,0.6213942390338016,0.0,0.24403045285023411
212,doctor,SHAP,SHAP,False,0.6822032928362782,0.6822032928362782,0.0,0.053815732947887995
212,patient,SHAP,Rules,True,0.47884692935491113,0.33473003630591724,0.1441168930489939,0.12246948676860486
212,auditor,SHAP,SHAP,False,0.8,0.8,0.0,0.1333333333333333
19367,doctor,SHAP,SHAP,False,0.5573783922393634,0.5573783922393634,0.0,0.1573783922393634
19367,patient,SHAP,Rules,True,0.6777777777777777,0.38737000453637777,0.29040777324139994,0.29040777324139994
19367,auditor,SHAP,SHAP,False,0.6666666666666667,0.6666666666666667,0.0,0.6722222222222223
7339,doctor,SHAP,Counterfactual,True,0.7484704843444712,0.6990462901080665,0.04942419423640465,0.04942419423640465
7339,patient,SHAP,Counterfactual,True,0.5453994020934153,0.48009448049982884,0.06530492159358647,0.06530492159358647
7339,auditor,SHAP,SHAP,False,0.7741394955019567,0.7741394955019567,0.0,0.13997668161605847
15938,doctor,SHAP,Rules,True,0.8327944696026135,0.716903526485324,0.11589094311728954,0.033333333333333326
15938,patient,SHAP,Rules,True,0.8220426009786489,0.5232315300975231,0.2988110708811258,0.033333333333333326
15938,auditor,SHAP,SHAP,False,0.8,0.8,0.0,0.051436969948586264
9923,doctor,SHAP,SHAP,False,0.6255898298261181,0.6255898298261181,0.0,0.11374817602695986
9923,patient,SHAP,SHAP,False,0.49149833875266413,0.49149833875266413,0.0,0.08918698014007675
9923,auditor,SHAP,SHAP,False,0.7648317984858913,0.7648317984858913,0.0,0.21365996971195134
4972,doctor,SHAP,Counterfactual,True,0.7589002121720059,0.69896165129396,0.05993856087804583,0.0276255727785929
4972,patient,SHAP,Rules,True,0.7798693242422488,0.5223461569464544,0.2575231672957944,0.004680364629357947
4972,auditor,SHAP,SHAP,False,0.8,0.8,0.0,0.08326762828423206
8573,doctor,SHAP,SHAP,False,0.555589358837167,0.555589358837167,0.0,0.13243948958958407
8573,patient,SHAP,Counterfactual,True,0.4823738857025655,0.36805417692036735,0.11431970878219816,0.11431970878219816
8573,auditor,SHAP,SHAP,False,0.6666666666666667,0.6666666666666667,0.0,0.26666666666666666
684,doctor,SHAP,Counterfactual,True,0.7081045497317001,0.6761879682739956,0.031916581457704485,0.031916581457704485
684,patient,SHAP,Counterfactual,True,0.5501282275088194,0.3904711225332632,0.15965710497555619,0.017716046455030887
684,auditor,SHAP,SHAP,False,0.8,0.8,0.0,0.17821049557327595
20486,doctor,SHAP,SHAP,False,0.5275543389966301,0.5275543389966301,0.0,0.1518339523796417
20486,patient,SHAP,SHAP,False,0.37352419416303595,0.37352419416303595,0.0,0.004291703975091432
20486,auditor,SHAP,SHAP,False,0.6312231252836513,0.6312231252836513,0.0,0.2845608581604658
12466,doctor,Rules,Counterfactual,True,0.7386732904292769,0.7320904328203415,0.0065828576089354,0.0065828576089354
12466,patient,Rules,Counterfactual,True,0.5699568786242617,0.5672624675057705,0.0026944111184912245,0.0026944111184912245
12466,auditor,Rules,SHAP,True,0.7865932532528852,0.7759785279249513,0.01061472532793395,0.01061472532793395
170,doctor,SHAP,SHAP,False,0.4230825155783473,0.4230825155783473,0.0,0.02308251557834734
170,patient,SHAP,Rules,True,0.6777777777777777,0.39253234097352696,0.28524543680425074,0.28524543680425074
170,auditor,SHAP,SHAP,False,0.5401842976055393,0.5401842976055393,0.0,0.48431138688556646
13875,doctor,SHAP,SHAP,False,0.42901664963923436,0.42901664963923436,0.0,0.029016649639234393
13875,patient,SHAP,Rules,True,0.6777777777777777,0.38570427336615387,0.29207350441162383,0.033333333333333326
13875,auditor,SHAP,SHAP,False,0.4788254822242231,0.4788254822242231,0.0,0.1469199276151043
10659,doctor,SHAP,Rules,True,0.5008312691657417,0.4844499526555567,0.01638131651018504,0.01638131651018504
10659,patient,SHAP,Counterfactual,True,0.6444444444444444,0.3436023538379789,0.3008420906064655,0.06638957694475267
10659,auditor,SHAP,SHAP,False,0.6480674894202495,0.6480674894202495,0.0,0.23971468715598226
14779,doctor,SHAP,SHAP,False,0.5304388957078494,0.5304388957078494,0.0,0.09657303183853339
14779,patient,SHAP,Counterfactual,True,0.609757849612621,0.43052539946810175,0.17923245014451927,0.17923245014451927
14779,auditor,SHAP,SHAP,False,0.6249492912755595,0.6249492912755595,0.0,0.24580797897111306
404,doctor,SHAP,SHAP,False,0.5494968537829715,0.5494968537829715,0.0,0.1273215027649821
404,patient,SHAP,Rules,True,0.6777777777777777,0.3610685720255753,0.3167092057522024,0.07222222222222219
404,auditor,SHAP,SHAP,False,0.6663623702265513,0.6663623702265513,0.0,0.26722083006391856
1678,doctor,Rules,Counterfactual,True,0.7401594106922685,0.6862266506263494,0.05393276006591918,0.04042056983477238
1678,patient,Rules,Counterfactual,True,0.6365120813541623,0.5491866613198942,0.08732542003426802,0.08732542003426802
1678,auditor,Rules,SHAP,True,0.7712608108851906,0.7656043463890712,0.005656464496119451,0.005656464496119451
18439,doctor,SHAP,SHAP,False,0.4336808278823192,0.4336808278823192,0.0,0.08368082788231923
18439,patient,SHAP,Counterfactual,True,0.3875901103637324,0.3699044381665038,0.017685672197228608,0.017685672197228608
18439,auditor,SHAP,SHAP,False,0.5106988205831492,0.5106988205831492,0.0,0.24403215391648247
7809,doctor,SHAP,SHAP,False,0.6554919631458359,0.6554919631458359,0.0,0.12881127537645864
7809,patient,SHAP,Rules,True,0.6777777777777777,0.2959680824233369,0.3818096953544408,0.06261016131976249
7809,auditor,SHAP,SHAP,False,0.7509480030796459,0.7509480030796459,0.0,0.2550508284521098
6749,doctor,SHAP,SHAP,False,0.6885962561929573,0.6885962561929573,0.0,0.13858149902804273
6749,patient,SHAP,Rules,True,0.5132533798753129,0.4492204419564761,0.06403293791883685,0.06403293791883685
6749,auditor,SHAP,SHAP,False,0.8,0.8,0.0,0.20799239684815762
18025,doctor,SHAP,SHAP,False,0.4980165921494775,0.4980165921494775,0.0,0.07954225511985497
18025,patient,SHAP,Rules,True,0.6777777777777777,0.4100030239011784,0.2677747538765993,0.2677747538765993
18025,auditor,SHAP,SHAP,False,0.5333333333333334,0.5333333333333334,0.0,0.13333333333333336
6878,doctor,SHAP,SHAP,False,0.6627032401179814,0.6627032401179814,0.0,0.08527483800641356
6878,patient,SHAP,Rules,True,0.40499732672501565,0.28440284455206183,0.12059448217295382,0.06017372547327732
6878,auditor,SHAP,SHAP,False,0.8,0.8,0.0,0.13844828629708006
3989,doctor,Counterfactual,Counterfactual,False,0.8166666666666667,0.8166666666666667,0.0,0.1584848460513194
3989,patient,Counterfactual,Counterfactual,False,0.7944444444444444,0.7944444444444444,0.0,0.16186710907951007
3989,auditor,Counterfactual,Rules,True,0.7500063111567069,0.7444444444444445,0.005561866712262442,0.0012283538663183657
3155,doctor,SHAP,SHAP,False,0.5204778913084408,0.5204778913084408,0.0,0.12047789130844083
3155,patient,SHAP,Rules,True,0.6777777777777777,0.38565173039564843,0.2921260473821293,0.2921260473821293
3155,auditor,SHAP,SHAP,False,0.6456121988063914,0.6456121988063914,0.0,0.3117035856897462
13502,doctor,SHAP,SHAP,False,0.7175127734174439,0.7175127734174439,0.0,0.02328278665614203
13502,patient,SHAP,Counterfactual,True,0.7536322178093229,0.3894337432417694,0.3641984745675535,0.15861709241768507
13502,auditor,SHAP,SHAP,False,0.8,0.8,0.0,0.1547556807687902
20213,doctor,SHAP,SHAP,False,0.720198446218559,0.720198446218559,0.0,0.02022218958743116
20213,patient,SHAP,Counterfactual,True,0.7555476410992648,0.42498966295503415,0.3305579781442306,0.2262483450360534
20213,auditor,SHAP,SHAP,False,0.8,0.8,0.0,0.13580958698239076
16764,doctor,SHAP,Counterfactual,True,0.6959149243424168,0.6872513473246838,0.008663577017732904,0.008663577017732904
16764,patient,SHAP,Counterfactual,True,0.7541938636696944,0.4026484014837415,0.35154546218595295,0.21729477892660187
16764,auditor,SHAP,SHAP,False,0.8,0.8,0.0,0.13588132060166902
17488,doctor,SHAP,SHAP,False,0.5510298680746076,0.5510298680746076,0.0,0.10916642474475136
17488,patient,SHAP,Rules,True,0.6777777777777777,0.3693232620377118,0.3084545157400659,0.2624612963030286
17488,auditor,SHAP,SHAP,False,0.666202941893635,0.666202941893635,0.0,0.26747727860477916
15730,doctor,SHAP,Rules,True,0.7213843115056368,0.6561302112575487,0.06525410024808809,0.004685734029897914
15730,patient,SHAP,Counterfactual,True,0.7611217480474685,0.4533708630514253,0.30775088499604314,0.08454919976781172
15730,auditor,SHAP,SHAP,False,0.8,0.8,0.0,0.10964183598496868
4907,doctor,SHAP,SHAP,False,0.6670850475145188,0.6670850475145188,0.0,0.1199841991632653
4907,patient,SHAP,Counterfactual,True,0.5232418060002003,0.43020670966412444,0.09303509633607587,0.09303509633607587
4907,auditor,SHAP,SHAP,False,0.79932074467506,0.79932074467506,0.0,0.2185868359162012
12865,doctor,LIME,Counterfactual,True,0.687882880020934,0.5100294148990345,0.17785346512189948,0.128166434345504
12865,patient,LIME,Counterfactual,True,0.7515165155625335,0.45843714204271,0.2930793735198235,0.2930793735198235
12865,auditor,LIME,SHAP,True,0.6414658557728962,0.5679741355710022,0.07349172020189398,0.06873312685609512
4860,doctor,Counterfactual,Counterfactual,False,0.7808265931060997,0.7808265931060997,0.0,0.12493765749270236
4860,patient,Counterfactual,Counterfactual,False,0.6457813756213615,0.6457813756213615,0.0,0.09223109549626085
4860,auditor,Counterfactual,SHAP,True,0.7474657301201666,0.7133243463636887,0.034141383756477905,0.034141383756477905
1665,doctor,SHAP,Counterfactual,True,0.6810957252472339,0.6638808674986298,0.017214857748604095,0.017214857748604095
1665,patient,SHAP,Counterfactual,True,0.7492541306379669,0.3595762850544202,0.3896778455835467,0.31682278550998016
1665,auditor,SHAP,SHAP,False,0.8,0.8,0.0,0.14465722040761853
2854,doctor,SHAP,SHAP,False,0.6299311937509795,0.6299311937509795,0.0,0.1748604359483601
2854,patient,SHAP,Rules,True,0.3992502968872284,0.2968633923506717,0.10238690453655669,0.06935733646438796
2854,auditor,SHAP,SHAP,False,0.7708219840681954,0.7708219840681954,0.0,0.30867772057650184
18481,doctor,SHAP,SHAP,False,0.6341485746092527,0.6341485746092527,0.0,0.10257020761635138
18481,patient,SHAP,Counterfactual,True,0.7123920060334226,0.45725250961901415,0.2551394964144084,0.2551394964144084
18481,auditor,SHAP,SHAP,False,0.7730255696071157,0.7730255696071157,0.0,0.20545240525206965
8545,doctor,SHAP,Rules,True,0.7973090275247315,0.6170007588706738,0.1803082686540577,0.1803082686540577
8545,patient,SHAP,Rules,True,0.8102141202860216,0.362697515419745,0.4475166048662766,0.37555330984551294
8545,auditor,SHAP,SHAP,False,0.745241217132466,0.745241217132466,0.0,0.09130603262207093
1626,doctor,SHAP,SHAP,False,0.6680495838726096,0.6680495838726096,0.0,0.06811807077834497
1626,patient,SHAP,Counterfactual,True,0.497511687481868,0.42965997955500507,0.06785170792686296,0.06785170792686296
1626,auditor,SHAP,SHAP,False,0.7939380072192143,0.7939380072192143,0.0,0.22338244675682684
18099,doctor,SHAP,SHAP,False,0.5201123246446449,0.5201123246446449,0.0,0.11880683191747715
18099,patient,SHAP,Rules,True,0.6777777777777777,0.3360903379623658,0.3416874398154119,0.19566072309276483
18099,auditor,SHAP,SHAP,False,0.6579139984879936,0.6579139984879936,0.0,0.2622903325773301
8655,doctor,LIME,Counterfactual,True,0.7193457195057169,0.556731142510956,0.1626145769947609,0.06060259792797584
8655,patient,LIME,Rules,True,0.6210957017001395,0.4140266666861403,0.2070690350139992,0.006442089702692
8655,auditor,LIME,SHAP,True,0.7493525229237101,0.638406399934402,0.11094612298930817,0.05573092499856447
9411,doctor,SHAP,SHAP,False,0.5228517882520145,0.5228517882520145,0.0,0.12285178825201454
9411,patient,SHAP,Rules,True,0.6777777777777777,0.34049336088189236,0.33728441689588534,0.19430814329035628
9411,auditor,SHAP,SHAP,False,0.745787268071555,0.745787268071555,0.0,0.381929089357185
138,doctor,SHAP,Rules,True,0.8366438032723937,0.7130936461405241,0.12355015713186968,0.033333333333333326
138,patient,SHAP,Rules,True,0.823325712201909,0.5178493293773077,0.3054763828246013,0.033333333333333326
138,auditor,SHAP,SHAP,False,0.8,0.8,0.0,0.04117208016250551
14465,doctor,SHAP,Counterfactual,True,0.7126026203708722,0.6639464952113203,0.048656125159551866,0.048656125159551866
14465,patient,SHAP,Rules,True,0.5774516308054799,0.3607483317009597,0.2167032991045202,0.09442936449971528
14465,auditor,SHAP,SHAP,False,0.8,0.8,0.0,0.1370098327113478
19516,doctor,SHAP,SHAP,False,0.5042091514488318,0.5042091514488318,0.0,0.08876783714970687
19516,patient,SHAP,Counterfactual,True,0.4836842632065361,0.4207639084168262,0.06292035478970992,0.06292035478970992
19516,auditor,SHAP,SHAP,False,0.5333333333333334,0.5333333333333334,0.0,0.13333333333333336
9592,doctor,Counterfactual,Counterfactual,False,0.7113260822844993,0.7113260822844993,0.0,0.24939831122254302
9592,patient,Counterfactual,Counterfactual,False,0.5328166720783196,0.5328166720783196,0.0,0.1386946838210678
9592,auditor,Counterfactual,Counterfactual,False,0.6206569986015548,0.6206569986015548,0.0,0.07264378181946196
8249,doctor,SHAP,SHAP,False,0.5374268595945273,0.5374268595945273,0.0,0.13742685959452733
8249,patient,SHAP,Rules,True,0.6777777777777777,0.4341192808286416,0.2436584969491361,0.2436584969491361
8249,auditor,SHAP,SHAP,False,0.6273614710098656,0.6273614710098656,0.0,0.39943586471259207
12991,doctor,LIME,SHAP,True,0.6875759053026698,0.6058624167285978,0.08171348857407201,0.08171348857407201
12991,patient,LIME,Rules,True,0.4244149974530458,0.35570803163041415,0.06870696582263164,0.06870696582263164
12991,auditor,LIME,SHAP,True,0.7547567684110355,0.6329941443669657,0.12176262404406979,0.12176262404406979
4731,doctor,SHAP,Counterfactual,True,0.7896760098528706,0.7200897998597187,0.0695862099931519,0.0695862099931519
4731,patient,SHAP,Counterfactual,True,0.7854475588398457,0.5093529785688078,0.27609458027103795,0.01639380309470473
4731,auditor,SHAP,SHAP,False,0.8,0.8,0.0,0.12753064039234518
3222,doctor,SHAP,Rules,True,0.39999999999999997,0.35476044662838335,0.045239553371616614,0.033333333333333326
3222,patient,SHAP,Rules,True,0.6777777777777777,0.25922865156511576,0.41854912621266194,0.033333333333333326
3222,auditor,SHAP,SHAP,False,0.44999786809665493,0.44999786809665493,0.0,0.3653393558870624
20640,doctor,SHAP,SHAP,False,0.4948620807305787,0.4948620807305787,0.0,0.08263955788176514
20640,patient,SHAP,Rules,True,0.6777777777777777,0.3914256025941174,0.2863521751836603,0.2863521751836603
20640,auditor,SHAP,SHAP,False,0.5838323306950639,0.5838323306950639,0.0,0.24504138545249404
5065,doctor,Rules,Rules,False,0.85,0.85,0.0,0.2001179591340494
5065,patient,Rules,Rules,False,0.8277777777777777,0.8277777777777777,0.0,0.37592083948910804
5065,auditor,Rules,Rules,False,0.7944444444444445,0.7944444444444445,0.0,0.13595213947998563
492,doctor,SHAP,SHAP,False,0.6230923430845993,0.6230923430845993,0.0,0.10049465842011462
492,patient,SHAP,Counterfactual,True,0.5578904184483893,0.39684022119271806,0.1610501972556712,0.1610501972556712
492,auditor,SHAP,SHAP,False,0.7533657845783657,0.7533657845783657,0.0,0.23950764226625154
12091,doctor,SHAP,Counterfactual,True,0.5117218156437868,0.4407469046886252,0.07097491095516162,0.07097491095516162
12091,patient,SHAP,Rules,True,0.6777777777777777,0.4018370407471759,0.2759407370306018,0.19014679872894502
12091,auditor,SHAP,SHAP,False,0.582647594496061,0.582647594496061,0.0,0.11598092782939423
11757,doctor,SHAP,Counterfactual,True,0.7727229772222713,0.6703233435372783,0.10239963368499305,0.09385565859775735
11757,patient,SHAP,Counterfactual,True,0.7797965479629794,0.4858966899638603,0.29389985799911905,0.23027511852248472
11757,auditor,SHAP,SHAP,False,0.8,0.8,0.0,0.10985944260429281
9573,doctor,LIME,Counterfactual,True,0.668565039293636,0.5862418045295175,0.08232323476411851,0.08232323476411851
9573,patient,LIME,Counterfactual,True,0.7330035115147988,0.484795367173903,0.24820814434089583,0.24820814434089583
9573,auditor,LIME,SHAP,True,0.7218974726791171,0.6666666666666667,0.05523080601245034,0.05523080601245034
13996,doctor,SHAP,SHAP,False,0.6195476798854664,0.6195476798854664,0.0,0.12870672976185288
13996,patient,SHAP,Counterfactual,True,0.6444444444444444,0.2675516210663452,0.37689282337809915,0.30538475033796575
13996,auditor,SHAP,SHAP,False,0.7431945036374948,0.7431945036374948,0.0,0.23773075371987296
9758,doctor,SHAP,SHAP,False,0.6528660442112537,0.6528660442112537,0.0,0.06919414776038646
9758,patient,SHAP,Counterfactual,True,0.6686196172303558,0.2441548303733468,0.424464786857009,0.24018203872566918
9758,auditor,SHAP,SHAP,False,0.8,0.8,0.0,0.1480961007472139
