instance_id,stakeholder,chosen,utility,runner_up,margin,U_SHAP,U_LIME,U_Counterfactual,U_Rules
9784,doctor,Counterfactual,0.6948403247116753,Rules,0.03625838292550354,0.5282536309087095,0.44210345709077303,0.6948403247116753,0.6585819417861718
9784,patient,Counterfactual,0.7538356637927807,Rules,0.22016693572264256,0.36643856073837505,0.42935389293516013,0.7538356637927807,0.5336687280701381
9784,auditor,SHAP,0.7839825079904547,Rules,0.19965734418214154,0.7839825079904547,0.5579092693877308,0.4195741992311344,0.5843251638083131
9784,model_centric,SHAP,0.9799781349880683,LIME,0.1159248815867382,0.9799781349880683,0.8640532534013301,0.5939121934833624,0.7512397880937247
5718,doctor,Counterfactual,0.808728566042205,SHAP,0.10848161525177613,0.7002469507904289,0.5825914606195145,0.808728566042205,0.4559976114792793
5718,patient,Counterfactual,0.7917984109029572,Rules,0.09059285787018156,0.5149317922287672,0.5213244485925432,0.7917984109029572,0.7012055530327757
5718,auditor,SHAP,0.771155986971713,Counterfactual,0.04787981085916604,0.771155986971713,0.6196485876272265,0.7232761761125469,0.5611008541035715
5718,model_centric,Counterfactual,0.973539664585128,SHAP,0.00959468087048676,0.9639449837146412,0.9412274012006998,0.973539664585128,0.7222094009627976
20699,doctor,Counterfactual,0.7596409646883022,Rules,0.07154572659306413,0.6859998757006204,0.5371457821806287,0.7596409646883022,0.6880952380952381
20699,patient,Counterfactual,0.775435877118323,Rules,0.13972159140403717,0.45464532713703537,0.3421349056760361,0.775435877118323,0.6357142857142858
20699,auditor,SHAP,0.8,Rules,0.016666666666666607,0.8,0.60802345246348,0.5923759058354726,0.7833333333333334
20699,model_centric,SHAP,1.0,Rules,0.0,1.0,0.9266959822460166,0.8099143267387852,1.0
16030,doctor,Counterfactual,0.8064010235603519,SHAP,0.1121893129370235,0.6942117106233284,0.5280334862224807,0.8064010235603519,0.6216520974242614
16030,patient,Counterfactual,0.7910225634090062,Rules,0.17745599125171263,0.5096542762705489,0.3599450069588883,0.7910225634090062,0.6135665721572936
16030,auditor,SHAP,0.7941249113824735,Counterfactual,0.07705551522153498,0.7941249113824735,0.6179119346069459,0.7170693961609386,0.6651764323746803
16030,model_centric,SHAP,0.9926561392280919,Counterfactual,0.026874949582474272,0.9926561392280919,0.939056584925349,0.9657811896456177,0.8523038738016836
4509,doctor,SHAP,0.5115225920761974,Rules,0.11152259207619747,0.5115225920761974,0.3710746023960396,0.35,0.39999999999999997
4509,patient,Rules,0.6777777777777777,Counterfactual,0.18927718185077946,0.456965699255032,0.36581351114325233,0.48850059592699824,0.6777777777777777
4509,auditor,SHAP,0.642257420941565,LIME,0.2910759123917682,0.642257420941565,0.3511815085497968,-0.0611111111111111,-0.00555555555555555
4509,model_centric,SHAP,0.8028217761769563,LIME,0.19717822382304373,0.8028217761769563,0.6056435523539125,0.0,0.0
2250,doctor,Counterfactual,0.7504014813977276,SHAP,0.07061939161761521,0.6797820897801123,0.5584779238682608,0.7504014813977276,0.3913776810371109
2250,patient,Counterfactual,0.7723560493547981,Rules,0.06411904456465001,0.4585964210475578,0.41656492026007896,0.7723560493547981,0.7082370047901481
2250,auditor,SHAP,0.799889371102735,LIME,0.20249964789581498,0.799889371102735,0.59738972320692,0.5677372837272736,0.38532827018736787
2250,model_centric,SHAP,0.9998617138784187,LIME,0.08645789320310215,0.9998617138784187,0.9134038206753166,0.7791160491035365,0.49554922662309875
16458,doctor,Counterfactual,0.7830288428667646,Rules,0.13452600124705139,0.6409397600660041,0.5180328947872843,0.7830288428667646,0.6485028416197132
16458,patient,Counterfactual,0.7832318365111437,Rules,0.15595311152679492,0.45901256058341555,0.46154216707061607,0.7832318365111437,0.6272787249843488
16458,auditor,SHAP,0.7319296281366743,Counterfactual,0.07718604715863531,0.7319296281366743,0.5801053364556862,0.654743580978039,0.6235298049636284
16458,model_centric,SHAP,0.9149120351708427,LIME,0.02311369793456841,0.9149120351708427,0.8917983372362743,0.8878739206669931,0.7933011450934244
17686,doctor,Rules,0.5405392011694723,SHAP,0.055806335184778566,0.48473286598469373,0.3704638564341932,0.35,0.5405392011694723
17686,patient,Rules,0.49129084483426855,Counterfactual,0.10490770255212706,0.3572102507507123,0.34024259719259,0.3863831422821415,0.49129084483426855
17686,auditor,SHAP,0.6518649959627028,Rules,0.0399051992345385,0.6518649959627028,0.3703966585920722,-0.0611111111111111,0.6119597967281643
17686,model_centric,SHAP,0.8148312449533784,Rules,0.035992610154284344,0.8148312449533784,0.6296624899067569,0.0,0.7788386347990941
14846,doctor,SHAP,0.6993624854485198,LIME,0.0931906184550213,0.6993624854485198,0.6061718669934985,0.34857933177717837,0.11666666666666667
14846,patient,Counterfactual,0.6504211113864671,SHAP,0.1386670826705778,0.5117540287158893,0.43240246919675207,0.6504211113864671,0.31666666666666665
14846,auditor,SHAP,0.8,LIME,0.16305588521855707,0.8,0.636944114781443,0.46790956945255857,6.938893903907228e-18
14846,model_centric,SHAP,1.0,LIME,0.0371531898565296,1.0,0.9628468101434704,0.6682202951490315,0.0
1716,doctor,SHAP,0.5476059006038543,Rules,0.1476059006038543,0.5476059006038543,0.33532138766145125,0.35,0.39999999999999997
1716,patient,Rules,0.6777777777777777,Counterfactual,0.2924367263501687,0.3752879774558152,0.35093452807419423,0.385341051427609,0.6777777777777777
1716,auditor,SHAP,0.6439633374050147,LIME,0.37729667073834794,0.6439633374050147,0.2666666666666667,-0.0611111111111111,-0.00555555555555555
1716,model_centric,SHAP,0.8049541717562683,LIME,0.30495417175626827,0.8049541717562683,0.5,0.0,0.0
10520,doctor,Rules,0.5833333333333333,SHAP,0.05568058812506527,0.527652745208268,0.40239032274483555,0.35,0.5833333333333333
10520,patient,Rules,0.6055555555555555,Counterfactual,0.12207801446147332,0.3351401685737723,0.32687365489105524,0.4834775410940822,0.6055555555555555
10520,auditor,SHAP,0.6666666666666667,Rules,0.07777777777777783,0.6666666666666667,0.4000000000000001,-0.0611111111111111,0.5888888888888889
10520,model_centric,SHAP,0.8333333333333334,Rules,0.08333333333333337,0.8333333333333334,0.6666666666666667,0.0,0.75
14316,doctor,Counterfactual,0.5513114855287164,SHAP,0.07860406509392998,0.4727074204347865,0.43328809949480745,0.5513114855287164,0.39999999999999997
14316,patient,Counterfactual,0.5722731114837118,LIME,0.22621027534104643,0.31718008558886795,0.3460628361426654,0.5722731114837118,0.27777777777777773
14316,auditor,SHAP,0.6175235597258746,LIME,0.16929351456392538,0.6175235597258746,0.4482300451619492,0.3301163197007759,-0.00555555555555555
14316,model_centric,SHAP,0.7719044496573432,LIME,0.0449502265382401,0.7719044496573432,0.7269542231191031,0.48903428851485864,0.0
3177,doctor,SHAP,0.49960935799978023,Counterfactual,0.1781895780930532,0.49960935799978023,0.24726625701240387,0.32141977990672704,0.11666666666666667
3177,patient,Counterfactual,0.5397254250295406,SHAP,0.13464102170842762,0.40508440332111295,0.33939929524422785,0.5397254250295406,0.31666666666666665
3177,auditor,SHAP,0.5333333333333333,Counterfactual,0.37474421289780924,0.5333333333333333,0.018542668942088683,0.1585891204355241,6.938893903907228e-18
3177,model_centric,SHAP,0.6666666666666666,Counterfactual,0.3850969327889282,0.6666666666666666,0.18984500284427752,0.2815697338777384,0.0
857,doctor,SHAP,0.5443660930932918,Rules,0.1443660930932918,0.5443660930932918,0.19068202586565386,0.35,0.39999999999999997
857,patient,Rules,0.6777777777777777,Counterfactual,0.29019385910690826,0.3593273467174014,0.323055699514186,0.38758391867086944,0.6777777777777777
857,auditor,SHAP,0.6666666666666667,Rules,0.6722222222222223,0.6666666666666667,-0.11693634668259884,-0.0611111111111111,-0.00555555555555555
857,model_centric,SHAP,0.8333333333333333,LIME,0.8128371000199152,0.8333333333333333,0.020496233313418117,0.0,0.0
15567,doctor,SHAP,0.5872934752721419,LIME,0.11563775951919636,0.5872934752721419,0.47165571575294557,0.08333333333333333,0.22323360371267226
15567,patient,Rules,0.43400716083351704,LIME,0.11793688606237523,0.2670967168114995,0.3160702747711418,0.2833333333333333,0.43400716083351704
15567,auditor,SHAP,0.6943678628578112,LIME,0.22030207254566297,0.6943678628578112,0.4740657903121482,-0.04999999999999999,0.26406557136115394
15567,model_centric,SHAP,0.8679598285722638,LIME,0.10871092401541205,0.8679598285722638,0.7592489045568518,0.0,0.3509152975347757
19360,doctor,SHAP,0.5841237751926239,LIME,0.08600306808975494,0.5841237751926239,0.498120707102869,0.49190924619504217,0.11666666666666667
19360,patient,Counterfactual,0.4573520063283351,LIME,0.07913240156012852,0.37759429485969126,0.3782196047682066,0.4573520063283351,0.31666666666666665
19360,auditor,SHAP,0.7437508707096292,LIME,0.2460655043084986,0.7437508707096292,0.4976853664011306,0.1772286485623373,6.938893903907228e-18
19360,model_centric,SHAP,0.9296885883870365,LIME,0.14091521371895666,0.9296885883870365,0.7887733746680798,0.2979246995918105,0.0
6153,doctor,Counterfactual,0.7494465132056038,SHAP,0.0700008351826591,0.6794456780229448,0.5241681643537951,0.7494465132056038,0.6290510541829043
6153,patient,Counterfactual,0.7720377266240901,Rules,0.15600483554724898,0.47684481823281,0.42852871850947505,0.7720377266240901,0.6160328910768411
6153,auditor,SHAP,0.7966742488300323,LIME,0.1333333333333333,0.7966742488300323,0.663340915496699,0.5651907018816102,0.652500650572296
6153,model_centric,SHAP,0.9958428110375404,LIME,0.0,0.9958428110375404,0.9958428110375404,0.7759328217964572,0.8364591465487033
6334,doctor,SHAP,0.5704036965824151,LIME,0.1649174944351351,0.5704036965824151,0.40548620214728,0.31505645635593477,0.39999999999999997
6334,patient,Rules,0.6777777777777777,Counterfactual,0.20536555702825537,0.33789462764521605,0.3619281400826839,0.4724122207495223,0.6777777777777777
6334,auditor,SHAP,0.7754653904043847,LIME,0.38364359360292305,0.7754653904043847,0.3918217968014616,-0.011764842916092894,-0.00555555555555555
6334,model_centric,SHAP,0.9693317380054809,LIME,0.31288782533698734,0.9693317380054809,0.6564439126684936,0.06862727968821719,0.0
11418,doctor,Counterfactual,0.8087875659868384,Rules,0.061823411992749544,0.7021864776575767,0.6144155774689444,0.8087875659868384,0.7469641539940889
11418,patient,Counterfactual,0.7918180775511684,Rules,0.011718915108694383,0.5095271921936254,0.43761300654825513,0.7918180775511684,0.780099162442474
11418,auditor,SHAP,0.7906919366218683,Rules,0.047467421091742956,0.7906919366218683,0.6505619059607886,0.7234335092982359,0.7432245155301254
11418,model_centric,SHAP,0.9883649207773353,LIME,0.008495871659683019,0.9883649207773353,0.9798690491176523,0.9737363310672393,0.9429195333015455
2692,doctor,SHAP,0.6741495514067622,LIME,0.050795902207452115,0.6741495514067622,0.6233536491993101,0.16102599728968112,0.47068080398979084
2692,patient,Counterfactual,0.6758975546521159,Rules,0.20255950887774116,0.425613844425157,0.38224459345452966,0.6758975546521159,0.4733380457743747
2692,auditor,SHAP,0.8,LIME,0.1333333333333333,0.8,0.6666666666666667,0.07602525964738668,0.41159325508388683
2692,model_centric,SHAP,1.0,LIME,0.0,1.0,1.0,0.16447601900367775,0.5422693466326363
11234,doctor,SHAP,0.5104498377412017,Rules,0.1104498377412017,0.5104498377412017,0.390155694821943,0.35,0.39999999999999997
11234,patient,Rules,0.6777777777777777,Counterfactual,0.29076169653602385,0.3358082083277935,0.30955255608505217,0.38701608124175385,0.6777777777777777
11234,auditor,SHAP,0.6419560625391341,LIME,0.29664853690605253,0.6419560625391341,0.34530752563308154,-0.0611111111111111,-0.00555555555555555
11234,model_centric,SHAP,0.8024450781739176,LIME,0.2041440044658991,0.8024450781739176,0.5983010737080185,0.0,0.0
11610,doctor,SHAP,0.6971956264717565,Counterfactual,0.02151694858153741,0.6971956264717565,0.5991350421513114,0.6756786778902191,0.11666666666666667
11610,patient,Counterfactual,0.5229988225718442,SHAP,0.061895507663597416,0.46110331490824674,0.4143172945772932,0.5229988225718442,0.31666666666666665
11610,auditor,SHAP,0.8,LIME,0.19103107766437621,0.8,0.6089689223356238,0.5006390838644706,6.938893903907228e-18
11610,model_centric,SHAP,1.0,LIME,0.07212218041380358,1.0,0.9278778195861964,0.7021877437194772,0.0
16805,doctor,SHAP,0.5585739318575197,LIME,0.10683534408531475,0.5585739318575197,0.45173858777220494,0.4310617422034239,0.11666666666666667
16805,patient,Counterfactual,0.4420575299152861,LIME,0.06652775963286522,0.349806386121049,0.37552977028242085,0.4420575299152861,0.31666666666666665
16805,auditor,SHAP,0.7193185211057487,LIME,0.25736468512183486,0.7193185211057487,0.4619538359839138,0.07782923339962997,6.938893903907228e-18
16805,model_centric,SHAP,0.8991481513821857,LIME,0.15503918973562691,0.8991481513821857,0.7441089616465588,0.17367543063842633,0.0
6873,doctor,SHAP,0.5942513650194062,LIME,0.13727810166892185,0.5942513650194062,0.4569732633504844,0.40668646196027913,0.11666666666666667
6873,patient,Counterfactual,0.5252288053060125,LIME,0.164596460641034,0.3456540389783853,0.36063234466497845,0.5252288053060125,0.31666666666666665
6873,auditor,SHAP,0.8,LIME,0.355250290916704,0.8,0.44474970908329603,0.03931753236303456,6.938893903907228e-18
6873,model_centric,SHAP,1.0,LIME,0.27739619697921336,1.0,0.7226038030207866,0.12553580434268208,0.0
10844,doctor,Counterfactual,0.8166666666666667,Rules,0.0877395138724143,0.6850921814502953,0.578427820398745,0.8166666666666667,0.7289271527942524
10844,patient,Counterfactual,0.7944444444444444,Rules,0.11535761573524916,0.4897589522725784,0.3487200370295992,0.7944444444444444,0.6790868287091952
10844,auditor,SHAP,0.7523427279816813,Rules,0.006013291876011517,0.7523427279816813,0.6335905068397213,0.7444444444444445,0.7463294361056698
10844,model_centric,Counterfactual,1.0,LIME,0.041345199783681785,0.9404284099771016,0.9586548002163182,1.0,0.9468006840209761
5128,doctor,SHAP,0.47820203382454385,Rules,0.07820203382454388,0.47820203382454385,0.3759634512141276,0.35,0.39999999999999997
5128,patient,Rules,0.6777777777777777,Counterfactual,0.1972778125768968,0.3380913592738279,0.32489290305040547,0.4804999652008809,0.6777777777777777
5128,auditor,SHAP,0.6122538918551511,LIME,0.34778866638942557,0.6122538918551511,0.26446522546572554,-0.0611111111111111,-0.00555555555555555
5128,model_centric,SHAP,0.7653173648189389,LIME,0.26806916632011535,0.7653173648189389,0.4972481984988235,0.0,0.0
2719,doctor,Counterfactual,0.6450215785122845,SHAP,0.062744199950586,0.5822773785616985,0.3101492732222136,0.6450215785122845,0.11666666666666667
2719,patient,Counterfactual,0.6515039470339868,SHAP,0.19286742730482576,0.4586365197291611,0.3463682083621477,0.6515039470339868,0.31666666666666665
2719,auditor,Counterfactual,0.7333333333333334,SHAP,0.06666666666666665,0.6666666666666667,0.2666666666666667,0.7333333333333334,6.938893903907228e-18
2719,model_centric,Counterfactual,1.0,SHAP,0.16666666666666663,0.8333333333333334,0.5,1.0,0.0
10160,doctor,SHAP,0.524142772761734,LIME,0.12762826963291019,0.524142772761734,0.39651450312882386,0.35,0.11666666666666667
10160,patient,SHAP,0.39759091670781077,Counterfactual,0.019771417266678193,0.39759091670781077,0.3705229938880404,0.3778194994411326,0.31666666666666665
10160,auditor,SHAP,0.6414468148617744,LIME,0.29188651847155894,0.6414468148617744,0.3495602963902154,-0.0611111111111111,6.938893903907228e-18
10160,model_centric,SHAP,0.8018085185772179,LIME,0.1981914814227821,0.8018085185772179,0.6036170371544358,0.0,0.0
12266,doctor,Rules,0.85,SHAP,0.20731693067092316,0.6426830693290768,0.4512626061931514,0.4821400714862235,0.85
12266,patient,Rules,0.8277777777777777,Counterfactual,0.12227489308076844,0.37482909992982105,0.3346907511924999,0.7055028846970093,0.8277777777777777
12266,auditor,Rules,0.7944444444444445,SHAP,0.032247637400221185,0.7621968070442233,0.49512659025704336,0.5386782054547039,0.7944444444444445
12266,model_centric,Rules,1.0,SHAP,0.04725399119472096,0.952746008805279,0.7855749044879707,0.7497366457072687,1.0
4612,doctor,Rules,0.506988800050144,SHAP,0.002624713601929063,0.504364086448215,0.3118119549561165,0.35,0.506988800050144
4612,patient,Rules,0.4801073777944925,Counterfactual,0.09260963184632337,0.3666968446817528,0.36299217297934877,0.3874977459481691,0.4801073777944925
4612,auditor,SHAP,0.6473979789500854,Rules,0.10250877650208101,0.6473979789500854,0.1163154215015503,-0.0611111111111111,0.5448892024480044
4612,model_centric,SHAP,0.8092474736876067,Rules,0.11424708173871245,0.8092474736876067,0.3120609435436045,0.0,0.6950003919488943
7331,doctor,Rules,0.5015581026230768,SHAP,0.013087749856558362,0.4884703527665184,0.42173765622557113,0.48703608638951884,0.5015581026230768
7331,patient,Rules,0.7116304786521367,Counterfactual,0.21245240262791365,0.3587628821044633,0.33974573615509607,0.49917807602422304,0.7116304786521367
7331,auditor,SHAP,0.6161762004521645,LIME,0.16956061325995664,0.6161762004521645,0.44661558719220784,0.4323902435925744,0.19942576737514056
7331,model_centric,SHAP,0.7702202505652055,LIME,0.045284099908279085,0.7702202505652055,0.7249361506569264,0.6238211378240512,0.2562266536633701
4324,doctor,SHAP,0.41406977407431944,Counterfactual,0.06406977407431946,0.41406977407431944,0.1764960462042538,0.35,0.11666666666666667
4324,patient,Counterfactual,0.3870523198555312,SHAP,0.008351655939810576,0.3787006639157206,0.2629408251392489,0.3870523198555312,0.31666666666666665
4324,auditor,SHAP,0.4,Rules,0.4,0.4,-0.13333333333333333,-0.0611111111111111,6.938893903907228e-18
4324,model_centric,SHAP,0.5,LIME,0.5,0.5,0.0,0.0,0.0
18736,doctor,SHAP,0.5763185006968219,LIME,0.10930451053308415,0.5763185006968219,0.46701399016373774,0.4606386620270191,0.11666666666666667
18736,patient,Counterfactual,0.45069469182477756,SHAP,0.07511940661487893,0.37557528520989863,0.36588839264990086,0.45069469182477756,0.31666666666666665
18736,auditor,SHAP,0.7258872881972065,LIME,0.24833929328791554,0.7258872881972065,0.47754799490929095,0.1267629236021655,6.938893903907228e-18
18736,model_centric,SHAP,0.9073591102465082,LIME,0.14375744994322792,0.9073591102465082,0.7636016603032802,0.23484254339159574,0.0
20059,doctor,Rules,0.8333333333333333,Counterfactual,0.2426651115238475,0.5134988788563626,0.48383870023910297,0.5906682218094857,0.8333333333333333
20059,patient,Counterfactual,0.7354903268768676,Rules,0.04660143798797867,0.43024843185791806,0.46952649735149776,0.7354903268768676,0.6888888888888889
20059,auditor,Rules,0.788888888888889,SHAP,0.11080885166260435,0.6780800372262846,0.5240352087043685,0.6216970800469838,0.788888888888889
20059,model_centric,Rules,1.0,Counterfactual,0.14648976105238143,0.8476000465328557,0.8217106775471272,0.8535102389476186,1.0
7991,doctor,Counterfactual,0.8166666666666667,Rules,0.04790043412433176,0.715182468789334,0.5899592254392746,0.8166666666666667,0.7687662325423349
7991,patient,Counterfactual,0.7944444444444444,Rules,0.007077922485888344,0.5090145901023148,0.34655161417294567,0.7944444444444444,0.787366521958556
7991,auditor,Rules,0.7827994211675577,SHAP,0.003876015295584123,0.7789234058719736,0.6355460821103037,0.7444444444444445,0.7827994211675577
7991,model_centric,Counterfactual,1.0,Rules,0.00761183465166404,0.9736542573399669,0.9610992693045464,1.0,0.992388165348336
17974,doctor,SHAP,0.706452812919649,LIME,0.16322357976719037,0.706452812919649,0.5432292331524586,0.08333333333333333,0.11666666666666667
17974,patient,LIME,0.38557184655430315,SHAP,0.04118340790698327,0.3443884386473199,0.38557184655430315,0.2833333333333333,0.31666666666666665
17974,auditor,SHAP,0.7867580344639032,LIME,0.25952921207861246,0.7867580344639032,0.5272288223852908,-0.04999999999999999,6.938893903907228e-18
17974,model_centric,SHAP,0.983447543079879,LIME,0.15774484843159886,0.983447543079879,0.8257026946482802,0.0,0.0
20526,doctor,Counterfactual,0.8166666666666667,Rules,0.10458596643816986,0.6214807419032382,0.5897100226442813,0.8166666666666667,0.7120807002284968
20526,patient,Counterfactual,0.7944444444444444,Rules,0.12097309992383432,0.46300755317579495,0.4218489368713522,0.7944444444444444,0.6734713445206101
20526,auditor,Counterfactual,0.7444444444444445,Rules,0.02619713361691267,0.7162573308259602,0.6126225888871074,0.7444444444444445,0.7182473108275318
20526,model_centric,Counterfactual,1.0,LIME,0.06755509722444908,0.8953216635324501,0.9324449027755509,1.0,0.9116980274233035
8635,doctor,SHAP,0.560545518864366,LIME,0.16689129869196284,0.560545518864366,0.39365422017240315,0.21910212642104057,0.28688576777827846
8635,patient,Rules,0.6400730337038706,Counterfactual,0.033333333333333326,0.2951213494926347,0.34248526061838014,0.6067397003705373,0.6400730337038706
8635,auditor,SHAP,0.7916243002013359,LIME,0.4068495770416448,0.7916243002013359,0.3847747231596911,-0.054024790001935656,-0.004024790001935661
8635,model_centric,SHAP,0.9895303752516698,LIME,0.3418953046353893,0.9895303752516698,0.6476350706162805,0.008857901386469306,0.008857901386469306
9185,doctor,Rules,0.85,Counterfactual,0.20378704132782843,0.5739534784551978,0.5904272692956799,0.6462129586721715,0.85
9185,patient,Rules,0.8277777777777777,Counterfactual,0.37571329496493977,0.3390926945343959,0.3959335672320255,0.45206448281283795,0.8277777777777777
9185,auditor,Rules,0.7944444444444445,SHAP,0.07370596875777446,0.72073847568667,0.6415604505473701,0.5338395004517843,0.7944444444444445
9185,model_centric,Rules,1.0,LIME,0.03138277014912083,0.9009230946083375,0.9686172298508792,0.7436882644536192,1.0
10665,doctor,SHAP,0.6496630357000368,Counterfactual,0.14775858694725774,0.6496630357000368,0.4929545270023956,0.5019044487527791,0.11666666666666667
10665,patient,Counterfactual,0.5258630862645681,SHAP,0.08717814374592436,0.43868494251864376,0.4075136003245534,0.5258630862645681,0.31666666666666665
10665,auditor,SHAP,0.78023550736371,LIME,0.27843369291476716,0.78023550736371,0.5018018144489428,0.3908257286145348,6.938893903907228e-18
10665,model_centric,SHAP,0.9752943842046374,LIME,0.1813754494767923,0.9752943842046374,0.7939189347278451,0.5718654941015018,0.0
15830,doctor,SHAP,0.4604721812362924,LIME,0.04853892787808556,0.4604721812362924,0.41193325335820685,0.36666666666666664,0.39999999999999997
15830,patient,Rules,0.6777777777777777,Counterfactual,0.033333333333333326,0.38306991148150293,0.34631501616785154,0.6444444444444444,0.6777777777777777
15830,auditor,SHAP,0.5358500982423655,LIME,0.14968984328167428,0.5358500982423655,0.38616025496069123,-0.055555555555555546,-0.00555555555555555
15830,model_centric,SHAP,0.6698126228029568,LIME,0.020445637435426156,0.6698126228029568,0.6493669853675307,0.0,0.0
5795,doctor,SHAP,0.7155276253626875,LIME,0.15282639566459089,0.7155276253626875,0.5627012296980967,0.07384245452243646,0.45557552360828624
5795,patient,Counterfactual,0.646836373729701,Rules,0.017200088082494513,0.5124979770641998,0.48158922208656335,0.646836373729701,0.6296362856472065
5795,auditor,SHAP,0.7637299268754003,LIME,0.14700423076765923,0.7637299268754003,0.6167256961077411,-0.04283301922992713,0.5793101130776654
5795,model_centric,SHAP,0.9546624085942503,LIME,0.017088621792907377,0.9546624085942503,0.937573786801343,0.015903170407035514,0.7449709746804151
20752,doctor,LIME,0.6313844250669498,SHAP,0.13565880700603372,0.4957256180609161,0.6313844250669498,0.08333333333333333,0.36622829140842067
20752,patient,LIME,0.45255798065776054,SHAP,0.04706524591081873,0.4054927347469418,0.45255798065776054,0.2833333333333333,0.3665205415805846
20752,auditor,LIME,0.6474234591983307,SHAP,0.04763600494933873,0.5997874542489919,0.6474234591983307,-0.04999999999999999,0.549415499655672
20752,model_centric,LIME,0.97594599066458,SHAP,0.2262116728533401,0.7497343178112399,0.97594599066458,0.0,0.6937138190140345
2106,doctor,Counterfactual,0.65,SHAP,0.06532648088100712,0.5846735191189929,0.5694649363340469,0.65,0.1
2106,patient,Counterfactual,0.449322766472693,SHAP,0.019878136761270482,0.4294446297114225,0.3786332232725599,0.449322766472693,0.27777777777777773
2106,auditor,SHAP,0.7577981357894563,LIME,0.11223240122806144,0.7577981357894563,0.6455657345613949,0.538888888888889,-0.00555555555555555
2106,model_centric,LIME,0.9736238348684103,SHAP,0.026376165131589913,0.9472476697368204,0.9736238348684103,0.75,0.0
6718,doctor,SHAP,0.5308570812513647,LIME,0.10810674973943957,0.5308570812513647,0.4227503315119251,0.35,0.39999999999999997
6718,patient,Rules,0.6777777777777777,Counterfactual,0.19315137987372183,0.33276029069650526,0.3438994160920791,0.4846263979040559,0.6777777777777777
6718,auditor,SHAP,0.6666666666666667,LIME,0.2666666666666667,0.6666666666666667,0.4,-0.0611111111111111,-0.00555555555555555
6718,model_centric,SHAP,0.8333333333333333,LIME,0.16666666666666663,0.8333333333333333,0.6666666666666666,0.0,0.0
17525,doctor,Rules,0.85,Counterfactual,0.18409147203328124,0.5691906476542298,0.5898078003654373,0.6659085279667187,0.85
17525,patient,Rules,0.8277777777777777,Counterfactual,0.17504076790854617,0.3579118796094918,0.3780579003835662,0.6527370098692316,0.8277777777777777
17525,auditor,Rules,0.7944444444444445,SHAP,0.06672153121629698,0.7277229132281475,0.6602719658437194,0.7205439316874389,0.7944444444444445
17525,model_centric,Rules,1.0,LIME,0.007993376028684107,0.9096536415351844,0.9920066239713159,0.9840132479426318,1.0
8400,doctor,SHAP,0.6757682112160524,LIME,0.1068139434020895,0.6757682112160524,0.5689542678139629,0.08333333333333333,0.2525703151744464
8400,patient,SHAP,0.4247423672164374,Rules,0.026410848016874433,0.4247423672164374,0.3598179084228932,0.2833333333333333,0.39833151919956294
8400,auditor,SHAP,0.7672300869401304,LIME,0.15256723599619848,0.7672300869401304,0.6146628509439319,-0.04999999999999999,0.06137696364470976
8400,model_centric,SHAP,0.9590376086751629,LIME,0.02404237832858136,0.9590376086751629,0.9349952303465815,0.0,0.09755453788922051
10132,doctor,Counterfactual,0.7406979784142363,SHAP,0.018529063904040854,0.7221689145101955,0.5823710820564663,0.7406979784142363,0.6799073184445898
10132,patient,Counterfactual,0.6376423116559687,Rules,0.07056209439666106,0.5046752719564326,0.37750453872967565,0.6376423116559687,0.5670802172593077
10132,auditor,SHAP,0.7999486338410747,Rules,0.02236664071879868,0.7999486338410747,0.5379631384961308,0.6222016287534027,0.777581993122276
10132,model_centric,SHAP,0.9999357923013434,Rules,0.00018052312072058818,0.9999357923013434,0.8391205897868301,0.8541409248306422,0.9997552691806229
5724,doctor,SHAP,0.47596068552001697,LIME,0.061111587555548075,0.47596068552001697,0.4148490979644689,0.35,0.39999999999999997
5724,patient,Rules,0.6777777777777777,Counterfactual,0.2949423058371349,0.37635329620589025,0.35581667926802163,0.3828354719406428,0.6777777777777777
5724,auditor,SHAP,0.5234595317896424,LIME,0.1359644358387581,0.5234595317896424,0.3874950959508843,-0.0611111111111111,-0.00555555555555555
5724,model_centric,SHAP,0.654324414737053,LIME,0.0032888781317810256,0.654324414737053,0.651035536605272,0.0,0.0
380,doctor,SHAP,0.46314824023242007,Rules,0.0631482402324201,0.46314824023242007,0.3775039056928987,0.08333333333333333,0.39999999999999997
380,patient,Rules,0.6777777777777777,SHAP,0.2691064004578713,0.4086713773199064,0.3507092691577037,0.2833333333333333,0.6777777777777777
380,auditor,SHAP,0.6390544735032476,LIME,0.2942788598300858,0.6390544735032476,0.34477561367316184,-0.04999999999999999,-0.00555555555555555
380,model_centric,SHAP,0.7988180918790595,LIME,0.2011819081209406,0.7988180918790595,0.5976361837581189,0.0,0.0
7749,doctor,SHAP,0.5904098723576218,LIME,0.11497531465842614,0.5904098723576218,0.4754345576991956,0.08333333333333333,0.11666666666666667
7749,patient,SHAP,0.39466710381563785,LIME,0.01641286943623471,0.39466710381563785,0.37825423437940314,0.2833333333333333,0.31666666666666665
7749,auditor,SHAP,0.7704496761730664,LIME,0.28183851017570094,0.7704496761730664,0.4886111659973654,-0.04999999999999999,6.938893903907228e-18
7749,model_centric,SHAP,0.9630620952163329,LIME,0.18563147105295952,0.9630620952163329,0.7774306241633734,0.0,0.0
5933,doctor,Counterfactual,0.7719038055617581,Rules,0.026163823033561462,0.6959032154305272,0.5861611457426623,0.7719038055617581,0.7457399825281966
5933,patient,Rules,0.7846911052871767,Counterfactual,0.005167614544368426,0.5151607694068455,0.4601856885948288,0.7795234907428082,0.7846911052871767
5933,auditor,SHAP,0.7871707117880073,Rules,0.03186409171281612,0.7871707117880073,0.5874829010635653,0.625076814831355,0.7553066200751912
5933,model_centric,SHAP,0.9839633897350091,Rules,0.025941225752131203,0.9839633897350091,0.9010202929961231,0.8507904629836383,0.9580221639828779
10771,doctor,Counterfactual,0.7396118170382143,SHAP,0.056750712628551025,0.6828611044096633,0.5141386048925939,0.7396118170382143,0.5519502205638012
10771,patient,Counterfactual,0.7687594945682936,Rules,0.16833164326924877,0.4608762062030899,0.42412268212004817,0.7687594945682936,0.6004278512990449
10771,auditor,SHAP,0.8,LIME,0.14336195884464442,0.8,0.6566380411553556,0.5389648454352383,0.517680564127605
10771,model_centric,SHAP,1.0,LIME,0.012535781889138953,1.0,0.987464218110861,0.7431505012384921,0.674878482937284
20597,doctor,SHAP,0.5735442543723855,LIME,0.11319104764446741,0.5735442543723855,0.46035320672791813,0.44110084004136335,0.11666666666666667
20597,patient,Counterfactual,0.5305718435905786,LIME,0.15197826528035774,0.3490220600580174,0.3785935783102209,0.5305718435905786,0.31666666666666665
20597,auditor,SHAP,0.728666616155466,LIME,0.2576592311965611,0.728666616155466,0.47100738495890493,0.09613341164764515,6.938893903907228e-18
20597,model_centric,SHAP,0.9108332701943325,LIME,0.15540737232903468,0.9108332701943325,0.7554258978652978,0.19655565344844528,0.0
7867,doctor,SHAP,0.6084777058217627,Counterfactual,0.004087906015666998,0.6084777058217627,0.4782211849251634,0.6043897998060958,0.11666666666666667
7867,patient,Counterfactual,0.7236854888242541,SHAP,0.3115532408586798,0.4121322479655743,0.3749486681438865,0.7236854888242541,0.31666666666666665
7867,auditor,SHAP,0.7327498519104045,LIME,0.2816610189621816,0.7327498519104045,0.45108883294822294,0.31870142747925945,6.938893903907228e-18
7867,model_centric,SHAP,0.9159373148880057,LIME,0.18540960703606046,0.9159373148880057,0.7305277078519452,0.46782122879351873,0.0
491,doctor,Counterfactual,0.7806679447918512,SHAP,0.055726808033329744,0.7249411367585215,0.5601604467563362,0.7806679447918512,0.6929741279031586
491,patient,Counterfactual,0.7824448704861726,Rules,0.015342383407341953,0.5117795204089656,0.5181319470399186,0.7824448704861726,0.7671024870788307
491,auditor,SHAP,0.7908575792279664,Rules,0.1404113397035942,0.7908575792279664,0.5430367946156732,0.64844785277827,0.6504462395243722
491,model_centric,SHAP,0.9885719740349579,Counterfactual,0.10856771361767603,0.9885719740349579,0.8454626599362582,0.8800042604172819,0.826946688294354
18869,doctor,Rules,0.5136170217146795,Counterfactual,0.03881555556830574,0.4402413536593587,0.3536894377407579,0.47480146614637375,0.5136170217146795
18869,patient,Counterfactual,0.5851895099728255,Rules,0.1028727249568212,0.4422462487346635,0.41380988384985096,0.5851895099728255,0.4823167850160043
18869,auditor,SHAP,0.6785735070362888,Rules,0.04930636697227164,0.6785735070362888,0.3678014306755889,0.5083455545448018,0.6292671400640172
18869,model_centric,SHAP,0.848216883795361,Rules,0.04774406982645063,0.848216883795361,0.6264184550111528,0.7187652765143355,0.8004728139689103
12133,doctor,Counterfactual,0.7882478134780264,SHAP,0.12043783245392414,0.6678099810241023,0.4741653163618439,0.7882478134780264,0.6490409975327296
12133,patient,Counterfactual,0.7849714933815644,Rules,0.2001800497595434,0.49008789059217006,0.47910795925700256,0.7849714933815644,0.584791443622021
12133,auditor,SHAP,0.744115027515063,Rules,0.025009617165068887,0.744115027515063,0.5314818133352854,0.6686608359414038,0.7191054103499941
12133,model_centric,SHAP,0.9301437843938286,Rules,0.003484243678558263,0.9301437843938286,0.8310189333357734,0.9052704893711991,0.9266595407152703
19557,doctor,Rules,0.496409981222038,LIME,0.07530118447291695,0.41107086960206285,0.42110879674912105,0.36666666666666664,0.496409981222038
19557,patient,Rules,0.543247771518457,LIME,0.2371953762345541,0.2522684881707069,0.30605239528390293,0.2444444444444444,0.543247771518457
19557,auditor,SHAP,0.6336120796331771,LIME,0.16340197555553043,0.6336120796331771,0.4702101040776467,-0.055555555555555546,0.1710611769013609
19557,model_centric,SHAP,0.7920150995414713,LIME,0.03758580277774637,0.7920150995414713,0.7544292967637249,0.0,0.22771536001559
4061,doctor,LIME,0.44750136051592615,SHAP,0.025163373560559643,0.4223379869553665,0.44750136051592615,0.36666666666666664,0.39999999999999997
4061,patient,Rules,0.6777777777777777,Counterfactual,0.033333333333333326,0.37767290731586123,0.3653885229233146,0.6444444444444444,0.6777777777777777
4061,auditor,SHAP,0.4,LIME,0.0,0.4,0.4,-0.055555555555555546,-0.00555555555555555
4061,model_centric,LIME,0.6666666666666666,SHAP,0.16666666666666663,0.5,0.6666666666666666,0.0,0.0
19605,doctor,Rules,0.5833333333333333,SHAP,0.09305922854076604,0.4902741047925672,0.3887549068803207,0.35,0.5833333333333333
19605,patient,Rules,0.6055555555555555,Counterfactual,0.22089302975184322,0.35442172024679414,0.34529207730510086,0.3846625258037123,0.6055555555555555
19605,auditor,SHAP,0.633237102577827,Rules,0.04434821368893804,0.633237102577827,0.38143917413540224,-0.0611111111111111,0.5888888888888889
19605,model_centric,SHAP,0.7915463782222837,Rules,0.041546378222283686,0.7915463782222837,0.6434656343359194,0.0,0.75
1645,doctor,SHAP,0.6774851790692011,LIME,0.12902144083932487,0.6774851790692011,0.5484637382298763,0.08333333333333333,0.3967257228981161
1645,patient,Rules,0.44638332177411955,SHAP,0.04615759520985313,0.4002257265642664,0.3296726532277446,0.2833333333333333,0.44638332177411955
1645,auditor,SHAP,0.8,LIME,0.1838218241607108,0.8,0.6161781758392892,-0.04999999999999999,0.3084616335846359
1645,model_centric,SHAP,1.0,LIME,0.06311061353422187,1.0,0.9368893864657781,0.0,0.40641037531412816
6474,doctor,Rules,0.6815009327165998,SHAP,0.07551025116796783,0.605990681548632,0.338924525430898,0.36666666666666664,0.6815009327165998
6474,patient,Counterfactual,0.6444444444444444,Rules,0.03949968909446666,0.39643657106075336,0.3830041594171447,0.6444444444444444,0.6049447553499777
6474,auditor,SHAP,0.6623985549443963,Rules,0.07595286687781855,0.6623985549443963,0.3050663465283582,-0.055555555555555546,0.5864456880665777
6474,model_centric,SHAP,0.8279981936804952,Rules,0.0810521947083842,0.8279981936804952,0.5479995998271143,0.0,0.746945998972111
19955,doctor,Rules,0.549653438238942,SHAP,0.008130233169223011,0.541523205069719,0.21727548480219047,0.35,0.549653438238942
19955,patient,Rules,0.4276622571907584,Counterfactual,0.04296730525633169,0.3613628992575936,0.3036517224695908,0.3846949519344267,0.4276622571907584
19955,auditor,Rules,0.7935202797482898,SHAP,0.127629031285852,0.6658912484624377,-0.11359361268729046,-0.0611111111111111,0.7935202797482898
19955,model_centric,Rules,0.9988447941298065,SHAP,0.1664807335517594,0.8323640605780471,0.024674650807553593,0.0,0.9988447941298065
7311,doctor,SHAP,0.6526106296007759,LIME,0.1813219508059548,0.6526106296007759,0.47128867879482106,0.36666666666666664,0.39999999999999997
7311,patient,Rules,0.6777777777777777,Counterfactual,0.033333333333333326,0.30759298710750077,0.3343244002010613,0.6444444444444444,0.6777777777777777
7311,auditor,SHAP,0.7713984492050734,LIME,0.29554675482933324,0.7713984492050734,0.47585169437574015,-0.055555555555555546,-0.00555555555555555
7311,model_centric,SHAP,0.9642480615063416,LIME,0.20276677686999978,0.9642480615063416,0.7614812846363418,0.0,0.0
19743,doctor,SHAP,0.5159964111598211,LIME,0.10561661464188826,0.5159964111598211,0.4103797965179328,0.35,0.39999999999999997
19743,patient,Rules,0.6777777777777777,SHAP,0.2897065864874335,0.3880711912903442,0.3587274482047906,0.3864160730592978,0.6777777777777777
19743,auditor,SHAP,0.6419216554836376,LIME,0.29457136216881574,0.6419216554836376,0.3473502933148218,-0.0611111111111111,-0.00555555555555555
19743,model_centric,SHAP,0.8024020693545468,LIME,0.20154753604435294,0.8024020693545468,0.6008545333101939,0.0,0.0
1548,doctor,Counterfactual,0.7697729695069855,Rules,0.015543122328291137,0.7194889275460179,0.580706496896909,0.7697729695069855,0.7542298471786943
1548,patient,Counterfactual,0.778813212057884,Rules,0.016292151887208117,0.4985893961994653,0.46072564315368164,0.778813212057884,0.7625210601706759
1548,auditor,SHAP,0.8,LIME,0.15424428074069996,0.8,0.6457557192593001,0.6193945853519616,0.6208926444697955
1548,model_centric,SHAP,1.0,LIME,0.02613868425920829,1.0,0.9738613157407917,0.8436876761343963,0.7900046944761332
11566,doctor,Counterfactual,0.8166666666666667,SHAP,0.07464074141209431,0.7420259252545723,0.625228137316759,0.8166666666666667,0.6637537637628891
11566,patient,Counterfactual,0.7944444444444444,Rules,0.15905177571540052,0.5304432690860451,0.4335655273501029,0.7944444444444444,0.6353926687290439
11566,auditor,SHAP,0.7999314697578638,Rules,0.038663825144718666,0.7999314697578638,0.655453358185661,0.7444444444444445,0.7612676446131451
11566,model_centric,Counterfactual,1.0,SHAP,8.566280267041648e-05,0.9999143371973296,0.9859833643987428,1.0,0.9724178890997646
10650,doctor,Counterfactual,0.8043171744217413,SHAP,0.10443306116904105,0.6998841132527003,0.5870111901825787,0.8043171744217413,0.6807366745236577
10650,patient,Counterfactual,0.7903279470294693,Rules,0.15230461107713889,0.5036782183393639,0.3757812846062333,0.7903279470294693,0.6380233359523304
10650,auditor,SHAP,0.7908363517178716,Counterfactual,0.07932388659322787,0.7908363517178716,0.6432435844697404,0.7115124651246437,0.6866348618520873
10650,model_centric,SHAP,0.9885454396473394,LIME,0.017824292393497254,0.9885454396473394,0.9707211472538422,0.958835025850249,0.872182466203998
18357,doctor,Counterfactual,0.7446363985453748,SHAP,0.040140414993666274,0.7044959835517085,0.5810877499186852,0.7446363985453748,0.6906726456124516
18357,patient,Counterfactual,0.6377248502810058,Rules,0.08705619063241077,0.49896577909462264,0.4023356490452116,0.6377248502810058,0.550668659648595
18357,auditor,Rules,0.7749730674812421,SHAP,0.0003073009234658697,0.7746657665577762,0.6146632922928701,0.62939452452043,0.7749730674812421
18357,model_centric,Rules,0.9964941121293303,SHAP,0.028161903932110044,0.9683322081972202,0.9349957820327544,0.8631320445394263,0.9964941121293303
10383,doctor,SHAP,0.6555645794797111,Counterfactual,0.05518031871383233,0.6555645794797111,0.5759680827395576,0.6003842607658788,0.11666666666666667
10383,patient,Counterfactual,0.6444870908286657,SHAP,0.14334815771740494,0.5011389331112608,0.4145369061621113,0.6444870908286657,0.31666666666666665
10383,auditor,SHAP,0.7857223196147872,Counterfactual,0.13457715827449823,0.7857223196147872,0.6040538831710621,0.651145161340289,6.938893903907228e-18
10383,model_centric,SHAP,0.982152899518484,LIME,0.06041887888798969,0.982152899518484,0.9217340206304943,0.8972647850086946,0.0
15722,doctor,Rules,0.7839807400030914,Counterfactual,0.27568789343605327,0.3046515379997917,0.40887687924836474,0.5082928465670381,0.7839807400030914
15722,patient,Rules,0.8057713577788082,Counterfactual,0.21566177666271336,0.3331457677894992,0.35746654157447655,0.5901095811160948,0.8057713577788082
15722,auditor,Rules,0.618393084452688,SHAP,0.17185336352959824,0.4465397209230898,0.3161520315501885,0.3982067691878897,0.618393084452688
15722,model_centric,Rules,0.7799358000103045,Counterfactual,0.19884400519210899,0.5581746511538622,0.5618567061044022,0.5810917948181955,0.7799358000103045
8848,doctor,Counterfactual,0.7818471128383614,SHAP,0.07300516030942739,0.708841952528934,0.49862658060801457,0.7818471128383614,0.7003680060323817
8848,patient,Counterfactual,0.782837926501676,Rules,0.22614960125855887,0.47900832084214007,0.43160179114629293,0.782837926501676,0.5566883252431172
8848,auditor,SHAP,0.7869119720217557,Rules,0.05432132859557526,0.7869119720217557,0.6008743635184195,0.6515923009022973,0.7325906434261804
8848,model_centric,SHAP,0.9836399650271945,Rules,0.04706832741113576,0.9836399650271945,0.917759621064691,0.883934820572316,0.9365716376160588
7183,doctor,SHAP,0.5438374610349477,Rules,0.1438374610349477,0.5438374610349477,0.3827842758440472,0.08333333333333333,0.39999999999999997
7183,patient,Rules,0.6777777777777777,SHAP,0.34639436097255283,0.3313834168052249,0.32732981447508863,0.2833333333333333,0.6777777777777777
7183,auditor,SHAP,0.7710170562212915,LIME,0.38977171689708234,0.7710170562212915,0.3812453393242091,-0.04999999999999999,-0.00555555555555555
7183,model_centric,SHAP,0.9637713202766143,LIME,0.32054797945468627,0.9637713202766143,0.643223340821928,0.0,0.0
5133,doctor,SHAP,0.645672309841994,LIME,0.15431896815776802,0.645672309841994,0.49135334168422595,0.36666666666666664,0.25808993761470894
5133,patient,Counterfactual,0.6444444444444444,Rules,0.23777954460462075,0.25105364757112913,0.3368378624597601,0.6444444444444444,0.4066648998398236
5133,auditor,SHAP,0.7947968522531244,LIME,0.2989321618150841,0.7947968522531244,0.49586469043804027,-0.055555555555555546,0.1661775903543155
5133,model_centric,SHAP,0.9934960653164053,LIME,0.2069985356021884,0.9934960653164053,0.7864975297142169,0.0,0.22855532127622769
463,doctor,SHAP,0.5310896838135688,Counterfactual,0.030907092030636796,0.5310896838135688,0.42443010904328055,0.500182591782932,0.47182856225865216
463,patient,Counterfactual,0.6889497528165328,Rules,0.1538957876192043,0.3108659634243852,0.32192820380072296,0.6889497528165328,0.5350539651973285
463,auditor,SHAP,0.8,LIME,0.33480737008075756,0.8,0.4651926299192425,0.14550601816501452,0.12992286768819694
463,model_centric,SHAP,1.0,LIME,0.25184254593428035,1.0,0.7481574540657197,0.2513269671507125,0.17629247349913507
944,doctor,SHAP,0.5846472371486986,LIME,0.11760470724888461,0.5846472371486986,0.467042529899814,0.45808863697512764,0.11666666666666667
944,patient,Counterfactual,0.45183579166413024,SHAP,0.06985395155618024,0.38198184010795,0.37929180110784905,0.45183579166413024,0.31666666666666665
944,auditor,SHAP,0.7413128330250969,LIME,0.26847440288290925,0.7413128330250969,0.4728384301421876,0.12103525056318616,6.938893903907228e-18
944,model_centric,SHAP,0.926641041281371,LIME,0.1689263369369699,0.926641041281371,0.7577147043444011,0.22768295209287157,0.0
16561,doctor,Rules,0.7262050687824941,Counterfactual,0.10801510980525941,0.534059069957668,0.4413057272140516,0.6181899589772347,0.7262050687824941
16561,patient,Rules,0.5653006794931547,Counterfactual,0.026332400580675652,0.3000697993466481,0.40169033762096396,0.538968278912479,0.5653006794931547
16561,auditor,SHAP,0.7658362789621613,Rules,0.005552055138136391,0.7658362789621613,0.5473462761482926,0.3808949346956886,0.7602842238240249
16561,model_centric,Rules,0.9711886131133645,SHAP,0.013893264410662853,0.9572953487027016,0.8508495118520323,0.5525075572584995,0.9711886131133645
12149,doctor,SHAP,0.5472875789166093,Rules,0.029548364643309677,0.5472875789166093,0.38877080108042433,0.36666666666666664,0.5177392142732996
12149,patient,Counterfactual,0.6444444444444444,Rules,0.22742026190890008,0.3286636569298788,0.3382184416013677,0.6444444444444444,0.4170241825355443
12149,auditor,SHAP,0.7691022054124534,Rules,0.060686522905876616,0.7691022054124534,0.37918068014979217,-0.055555555555555546,0.7084156825065768
12149,model_centric,SHAP,0.9613777567655667,Rules,0.0689137091879013,0.9613777567655667,0.6406425168539068,0.0,0.8924640475776654
18687,doctor,SHAP,0.5063032075507836,LIME,0.11694273875791872,0.5063032075507836,0.3893604687928649,0.35,0.11666666666666667
18687,patient,Counterfactual,0.4870268164370086,SHAP,0.10148805207037181,0.3855387643666368,0.3470216379071975,0.4870268164370086,0.31666666666666665
18687,auditor,SHAP,0.6100375520632921,LIME,0.23835210936497941,0.6100375520632921,0.3716854426983127,-0.0611111111111111,6.938893903907228e-18
18687,model_centric,SHAP,0.762546940079115,LIME,0.13127347003955758,0.762546940079115,0.6312734700395575,0.0,0.0
14087,doctor,Rules,0.85,Counterfactual,0.033333333333333326,0.5614600402974657,0.4058314991876431,0.8166666666666667,0.85
14087,patient,Rules,0.8277777777777777,Counterfactual,0.033333333333333326,0.40038932350729817,0.3030271529829957,0.7944444444444444,0.8277777777777777
14087,auditor,Rules,0.7944444444444445,Counterfactual,0.050000000000000044,0.7281910257838955,0.34624304793522714,0.7444444444444445,0.7944444444444445
14087,model_centric,Counterfactual,1.0,Rules,0.0,0.9102387822298692,0.5994704765857005,1.0,1.0
4968,doctor,SHAP,0.4441121932127055,Rules,0.04411219321270554,0.4441121932127055,0.38081450247977516,0.35,0.39999999999999997
4968,patient,Counterfactual,0.4784079689627552,LIME,0.11400763917362217,0.3612660427436376,0.36440032978913306,0.4784079689627552,0.27777777777777773
4968,auditor,SHAP,0.5616411665046883,LIME,0.18199550869257147,0.5616411665046883,0.37964565781211684,-0.0611111111111111,-0.00555555555555555
4968,model_centric,SHAP,0.7020514581308603,LIME,0.060827719199047614,0.7020514581308603,0.6412237389318127,0.0,0.0
13417,doctor,Counterfactual,0.7867707277432872,Rules,0.014522063769886517,0.7178471004527148,0.601508812769564,0.7867707277432872,0.7722486639734006
13417,patient,Counterfactual,0.7844791314699846,Rules,0.09595179903440654,0.5025466007107762,0.40797870354123933,0.7844791314699846,0.6885273324355781
13417,auditor,SHAP,0.7987426176544367,Rules,0.13116120647663054,0.7987426176544367,0.6332964040374779,0.664721940648766,0.6675814111778061
13417,model_centric,SHAP,0.9984282720680457,LIME,0.04014110035453178,0.9984282720680457,0.958287171713514,0.9003468702554018,0.8483656528611465
1837,doctor,Rules,0.6325130015914083,SHAP,0.10357124112395821,0.5289417604674501,0.41145013018067544,0.35,0.6325130015914083
1837,patient,Rules,0.5219487783082473,Counterfactual,0.14436343439779425,0.3435652890266703,0.3312516649118556,0.377585343910453,0.5219487783082473
1837,auditor,Rules,0.7874165376199704,SHAP,0.1213852256533301,0.6660313119666403,0.3989251714239499,-0.0611111111111111,0.7874165376199704
1837,model_centric,Rules,0.9981595609138518,SHAP,0.1656204209555514,0.8325391399583004,0.665323130946604,0.0,0.9981595609138518
14569,doctor,Counterfactual,0.8166666666666667,Rules,0.06735446659291922,0.7278987990415212,0.5974166834362374,0.8166666666666667,0.7493122000737474
14569,patient,Counterfactual,0.7944444444444444,Rules,0.1085625999754174,0.5128426355692005,0.35353897957765346,0.7944444444444444,0.685881844469027
14569,auditor,SHAP,0.7919812148803682,Rules,0.015120503670927099,0.7919812148803682,0.6586478815470348,0.7444444444444445,0.7768607112094411
14569,model_centric,Counterfactual,1.0,SHAP,0.010023481399539902,0.9899765186004601,0.9899765186004601,1.0,0.9849647779006903
14295,doctor,SHAP,0.6819911203632053,LIME,0.06822008669144197,0.6819911203632053,0.6137710336717633,0.08333333333333333,0.11666666666666667
14295,patient,SHAP,0.490569721570868,LIME,0.04464271914666251,0.490569721570868,0.44592700242420547,0.2833333333333333,0.31666666666666665
14295,auditor,SHAP,0.7453397290341729,LIME,0.08298246400553555,0.7453397290341729,0.6623572650286373,-0.04999999999999999,6.938893903907228e-18
14295,model_centric,LIME,0.9946132479524633,SHAP,0.06293858665974728,0.931674661292716,0.9946132479524633,0.0,0.0
16978,doctor,SHAP,0.662013521844381,LIME,0.14541373817288972,0.662013521844381,0.5165997836714913,0.08333333333333333,0.39999999999999997
16978,patient,Rules,0.6777777777777777,LIME,0.3165926367045099,0.31672159833357294,0.3611851410732678,0.2833333333333333,0.6777777777777777
16978,auditor,SHAP,0.7368489031969598,LIME,0.27918046843197875,0.7368489031969598,0.4576684347649811,-0.04999999999999999,-0.00555555555555555
16978,model_centric,SHAP,0.9210611289961999,LIME,0.1823089188733069,0.9210611289961999,0.7387522101228929,0.0,0.0
5821,doctor,SHAP,0.7026497648838754,Rules,0.007475699180392925,0.7026497648838754,0.44828201037121174,0.5894774858130614,0.6951740657034825
5821,patient,Rules,0.6621340452929737,SHAP,0.17435480292464933,0.4877792423683244,0.3315019298832342,0.38413857260784734,0.6621340452929737
5821,auditor,SHAP,0.7942794150776469,Rules,0.03446892395185486,0.7942794150776469,0.515833821644566,0.4042282986417224,0.759810491125792
5821,model_centric,SHAP,0.9928492688470585,Rules,0.02225282160648523,0.9928492688470585,0.8114589437223743,0.5816742621910419,0.9705964472405733
12398,doctor,Counterfactual,0.7598893832100151,SHAP,0.06786368121583009,0.692025701994185,0.5676303291959155,0.7598893832100151,0.6636815768099362
12398,patient,Counterfactual,0.7755186832922273,Rules,0.10282950271815494,0.46822068952180823,0.39997984826898986,0.7755186832922273,0.6726891805740723
12398,auditor,SHAP,0.8,Rules,0.07327836542300903,0.8,0.6088749224515314,0.5930383552267071,0.726721634576991
12398,model_centric,SHAP,1.0,Rules,0.070764623445428,1.0,0.9277603197310809,0.8107423884778283,0.929235376554572
17294,doctor,SHAP,0.7071374635645126,Counterfactual,0.02259044768030183,0.7071374635645126,0.6127659925281238,0.6845470158842107,0.10124337583851245
17294,patient,Counterfactual,0.6058988948836681,SHAP,0.09845237822485542,0.5074465166588127,0.4276884853416293,0.6058988948836681,0.30619223639061527
17294,auditor,SHAP,0.7800948490133782,Counterfactual,0.04819145999857666,0.7800948490133782,0.6355889812427088,0.7319033890148016,-0.015605035702939196
17294,model_centric,Counterfactual,0.9982125696018351,SHAP,0.023094008335112437,0.9751185612667227,0.9611528932200526,0.9982125696018351,0.008271483149103776
14386,doctor,Counterfactual,0.8060226282750039,SHAP,0.12156131713634111,0.6844613111386628,0.5599989584024095,0.8060226282750039,0.44175053662843666
14386,patient,Counterfactual,0.7908964316472236,Rules,0.16586847499330015,0.5041464001049151,0.492613768149961,0.7908964316472236,0.6250279566539234
14386,auditor,SHAP,0.7563495415546141,Counterfactual,0.040289199487936966,0.7563495415546141,0.6121038171591378,0.7160603420666771,0.5484715206117716
14386,model_centric,Counterfactual,0.9645198720277908,SHAP,0.01908294508452313,0.9454369269432676,0.9317964381155888,0.9645198720277908,0.7064227340980478
3245,doctor,Counterfactual,0.7816541728450485,SHAP,0.05920487640285199,0.7224492964421965,0.6004083430307706,0.7816541728450485,0.718895497730337
3245,patient,Counterfactual,0.7827736131705717,Rules,0.01203066948268161,0.5158308644108948,0.5023343323825468,0.7827736131705717,0.7707429436878901
3245,auditor,SHAP,0.7957982898745316,Rules,0.1261765068851286,0.7957982898745316,0.6392051187497164,0.6510777942534627,0.669621782989403
3245,model_centric,SHAP,0.9947478623431645,LIME,0.029074797239352357,0.9947478623431645,0.9656730651038121,0.8832916872612728,0.8509161176256426
8716,doctor,SHAP,0.5353455440542771,Rules,0.13534554405427718,0.5353455440542771,0.3238562747226301,0.35,0.39999999999999997
8716,patient,Rules,0.6777777777777777,Counterfactual,0.29040154711838445,0.3750217486147435,0.3475967780782825,0.38737623065939325,0.6777777777777777
8716,auditor,SHAP,0.6490104150681416,LIME,0.3710591336926499,0.6490104150681416,0.2779512813754917,-0.0611111111111111,-0.00555555555555555
8716,model_centric,SHAP,0.8112630188351769,LIME,0.29715725044914565,0.8112630188351769,0.5141057683860313,0.0,0.0
9607,doctor,Counterfactual,0.46470786397388314,SHAP,0.07548023366361117,0.38922763031027197,0.3600302547026764,0.46470786397388314,0.11666666666666667
9607,patient,Counterfactual,0.4397859619336268,SHAP,0.059175574450044954,0.38061038748358184,0.3709536807466152,0.4397859619336268,0.31666666666666665
9607,auditor,SHAP,0.4996901103763737,Counterfactual,0.1322690126741458,0.4996901103763737,0.3007544310355612,0.36742109770222786,6.938893903907228e-18
9607,model_centric,SHAP,0.6246126379704671,LIME,0.08200293250934898,0.6246126379704671,0.5426097054611181,0.5426097054611181,0.0
106,doctor,SHAP,0.5656558629083196,LIME,0.15317523241182984,0.5656558629083196,0.41248063049648975,0.35,0.2880115185498543
106,patient,Rules,0.6404482839610626,Counterfactual,0.15449322207613053,0.29288746643595104,0.322465037691777,0.48595506188493204,0.6404482839610626
106,auditor,SHAP,0.7998276027939492,LIME,0.3998850685292994,0.7998276027939492,0.39994253426464976,-0.0611111111111111,-0.0017552447172023934
106,model_centric,SHAP,0.9997845034924364,LIME,0.3331896689949576,0.9997845034924364,0.6665948344974788,0.0,0.011694832992385891
579,doctor,Counterfactual,0.6517093328296203,SHAP,0.14357011933099717,0.5081392134986231,0.4329939894768846,0.6517093328296203,0.39999999999999997
579,patient,Rules,0.6777777777777777,Counterfactual,0.03223011823819344,0.4181976186289856,0.39726625012096567,0.6455476595395843,0.6777777777777777
579,auditor,Counterfactual,0.7333333333333334,SHAP,0.20000000000000007,0.5333333333333333,0.4,0.7333333333333334,-0.00555555555555555
579,model_centric,Counterfactual,1.0,SHAP,0.33333333333333337,0.6666666666666666,0.6666666666666666,1.0,0.0
16630,doctor,SHAP,0.7063941352813988,Rules,0.026980876981620328,0.7063941352813988,0.5366906122654748,0.613485890372981,0.6794132582997785
16630,patient,Rules,0.6406125002413403,SHAP,0.14503589447331028,0.49557660576803003,0.3484797612789811,0.47009752518093645,0.6406125002413403
16630,auditor,SHAP,0.7988136373289976,Rules,0.016666666666666607,0.7988136373289976,0.6397124294077482,0.4615484234570052,0.782146970662331
16630,model_centric,SHAP,0.998517046661247,Rules,0.0,0.998517046661247,0.9663072034263518,0.6533244182101453,0.998517046661247
18576,doctor,Counterfactual,0.7811390812089587,Rules,0.00808715923335146,0.7180317761722116,0.547355084307346,0.7811390812089587,0.7730519219756072
18576,patient,Counterfactual,0.7826019159585418,Rules,0.013806830855561558,0.5155023311394151,0.49737198643253966,0.7826019159585418,0.7687950851029802
18576,auditor,SHAP,0.7986499470006527,Rules,0.14124331047176775,0.7986499470006527,0.5570077861811428,0.6497042165572232,0.657406636528885
18576,model_centric,SHAP,0.9983124337508158,Counterfactual,0.11673771860984239,0.9983124337508158,0.8629263993930951,0.8815747151409734,0.8356471845499951
14745,doctor,Counterfactual,0.7999999999999999,LIME,0.1650642459881414,0.5011149532778092,0.6349357540118585,0.7999999999999999,0.11666666666666667
14745,patient,Counterfactual,0.5650730695742899,LIME,0.10010829778344227,0.3809901376597922,0.46496477179084766,0.5650730695742899,0.31666666666666665
14745,auditor,Counterfactual,0.7388888888888889,LIME,0.07222222222222219,0.5588516984531923,0.6666666666666667,0.7388888888888889,6.938893903907228e-18
14745,model_centric,LIME,1.0,Counterfactual,0.0,0.6985646230664904,1.0,1.0,0.0
2003,doctor,SHAP,0.5069713839236527,LIME,0.07555356937523455,0.5069713839236527,0.43141781454841815,0.35,0.39999999999999997
2003,patient,Rules,0.6777777777777777,Counterfactual,0.16341480098027417,0.3927246905936469,0.3591239780158529,0.5143629767975035,0.6777777777777777
2003,auditor,SHAP,0.5333333333333333,LIME,0.1333333333333333,0.5333333333333333,0.4,-0.0611111111111111,-0.00555555555555555
2003,model_centric,SHAP,0.6666666666666666,LIME,0.0,0.6666666666666666,0.6666666666666666,0.0,0.0
16530,doctor,Counterfactual,0.7546642375787815,LIME,0.16686282996390112,0.4892927467297713,0.5878014076148804,0.7546642375787815,0.11666666666666667
16530,patient,Counterfactual,0.5445460471638219,LIME,0.08337656821404804,0.40464115069747897,0.4611694789497739,0.5445460471638219,0.31666666666666665
16530,auditor,Counterfactual,0.6784412056605977,LIME,0.05084933057094598,0.5946030793827816,0.6275918750896518,0.6784412056605977,6.938893903907228e-18
16530,model_centric,LIME,0.9511565105287313,Counterfactual,0.026716114564095284,0.7432538492284769,0.9511565105287313,0.924440395964636,0.0
20326,doctor,SHAP,0.44758235918921363,Counterfactual,0.021689217393103366,0.44758235918921363,0.40066511133173505,0.42589314179611026,0.39999999999999997
20326,patient,Rules,0.6777777777777777,Counterfactual,0.004057765010134218,0.34392408593884977,0.3601570884209433,0.6737200127676435,0.6777777777777777
20326,auditor,SHAP,0.5989463889230144,Counterfactual,0.1873996711857736,0.5989463889230144,0.4000000000000001,0.41154671773724083,-0.00555555555555555
20326,model_centric,SHAP,0.748682986153768,LIME,0.08201631948710131,0.748682986153768,0.6666666666666667,0.5908222860604398,0.0
20366,doctor,SHAP,0.5157889662974191,Rules,0.11578896629741914,0.5157889662974191,0.37345102734413044,0.36666666666666664,0.39999999999999997
20366,patient,Rules,0.6777777777777777,Counterfactual,0.033333333333333326,0.45085941273339414,0.387210910385598,0.6444444444444444,0.6777777777777777
20366,auditor,SHAP,0.6454597155129979,LIME,0.3198062631955024,0.6454597155129979,0.32565345231749543,-0.055555555555555546,-0.00555555555555555
20366,model_centric,SHAP,0.8068246443912472,LIME,0.23309116232771143,0.8068246443912472,0.5737334820635358,0.0,0.0
3182,doctor,Counterfactual,0.7215261277438006,Rules,0.038099449431815535,0.6707203698209249,0.6078721570557043,0.7215261277438006,0.6834266783119851
3182,patient,Counterfactual,0.7627309314701558,Rules,0.12381092758838297,0.4534863042124376,0.4763863025659699,0.7627309314701558,0.6389200038817728
3182,auditor,SHAP,0.8,LIME,0.1333333333333333,0.8,0.6666666666666667,0.49073634065013516,0.6558044754986272
3182,model_centric,SHAP,1.0,LIME,0.0,1.0,1.0,0.6828648702571134,0.8336444832621728
16,doctor,Rules,0.5703158045348181,SHAP,0.029560842698220458,0.5407549618365977,0.39174322917506393,0.36666666666666664,0.5703158045348181
16,patient,Counterfactual,0.6444444444444444,Rules,0.1432280651550606,0.3192713675530842,0.3249031542186171,0.6444444444444444,0.5012163792893838
16,auditor,SHAP,0.7715275423894685,Rules,0.1065249503093455,0.7715275423894685,0.38081359064012155,-0.055555555555555546,0.665002592080123
16,model_centric,SHAP,0.9644094279868356,Rules,0.11926729899779298,0.9644094279868356,0.6426836549668186,0.0,0.8451421289890426
2472,doctor,Counterfactual,0.7721752549577503,SHAP,0.06309203214445847,0.7090832228132918,0.5284865637352243,0.7721752549577503,0.6644291582624767
2472,patient,Counterfactual,0.7796139738748057,Rules,0.013693143342868974,0.5057323474672152,0.4781268471360649,0.7796139738748057,0.7659208305319367
2472,auditor,SHAP,0.8,LIME,0.15127601405053892,0.8,0.6487239859494611,0.6258006798873342,0.6376947731825251
2472,model_centric,SHAP,1.0,LIME,0.022428350896506966,1.0,0.977571649103493,0.8516952943036122,0.8110073553670452
16178,doctor,SHAP,0.43733910543532656,Rules,0.03733910543532659,0.43733910543532656,0.3273338721672173,0.08333333333333333,0.39999999999999997
16178,patient,Rules,0.6777777777777777,SHAP,0.318806273673148,0.3589715041046297,0.32426122901740817,0.2833333333333333,0.6777777777777777
16178,auditor,SHAP,0.537582646414563,LIME,0.3775289325941217,0.537582646414563,0.1600537138204413,-0.04999999999999999,-0.00555555555555555
16178,model_centric,SHAP,0.6719783080182038,LIME,0.3052444990759855,0.6719783080182038,0.3667338089422183,0.0,0.0
6423,doctor,SHAP,0.5783406581213916,Rules,0.1783406581213916,0.5783406581213916,0.39260239066408487,0.35,0.39999999999999997
6423,patient,Counterfactual,0.38844825950795353,LIME,0.02591825765428163,0.33817995423723873,0.3625300018536719,0.38844825950795353,0.27777777777777773
6423,auditor,SHAP,0.7826275035892507,LIME,0.38841833572616713,0.7826275035892507,0.3942091678630836,-0.0611111111111111,-0.00555555555555555
6423,model_centric,SHAP,0.9782843794865633,LIME,0.31885625299104225,0.9782843794865633,0.6594281264955211,0.0,0.0
17310,doctor,SHAP,0.5140189993408597,LIME,0.16164195086611505,0.5140189993408597,0.35237704847474466,0.3495298558775571,0.11666666666666667
17310,patient,Counterfactual,0.416600924166396,SHAP,0.030509936700291507,0.3860909874661045,0.339689582346218,0.416600924166396,0.31666666666666665
17310,auditor,SHAP,0.6496288650989435,LIME,0.33973456849322037,0.6496288650989435,0.3098942966057231,0.09632021268959323,6.938893903907228e-18
17310,model_centric,SHAP,0.8120360813736793,LIME,0.25800154394985886,0.8120360813736793,0.5540345374238205,0.20373359919532485,0.0
4300,doctor,SHAP,0.4050825515827092,Rules,0.0050825515827092604,0.4050825515827092,0.21538971964188847,0.35,0.39999999999999997
4300,patient,Rules,0.6777777777777777,Counterfactual,0.3002576414779024,0.3730955487634788,0.29837153544093237,0.3775201362998753,0.6777777777777777
4300,auditor,SHAP,0.4,Rules,0.40555555555555556,0.4,-0.012357527982557258,-0.0611111111111111,-0.00555555555555555
4300,model_centric,SHAP,0.5,LIME,0.3487802433115299,0.5,0.15121975668847007,0.0,0.0
158,doctor,SHAP,0.6436365578047873,LIME,0.14488837149647132,0.6436365578047873,0.498748186308316,0.08333333333333333,0.10560527875494571
158,patient,LIME,0.3512406106831296,SHAP,0.04169715209563929,0.3095434585874903,0.3512406106831296,0.2833333333333333,0.2796462040294263
158,auditor,SHAP,0.6919000421814807,LIME,0.2385770018396149,0.6919000421814807,0.4533230403418658,-0.04999999999999999,0.0048467843424131315
158,model_centric,SHAP,0.8648750527268507,LIME,0.13155458563285183,0.8648750527268507,0.7333204670939989,0.0,0.01300292487246085
10164,doctor,Counterfactual,0.7344448602340834,SHAP,0.12191472118729318,0.6125301390467902,0.5239562413898229,0.7344448602340834,0.11666666666666667
10164,patient,Counterfactual,0.7670371756335833,SHAP,0.31433419946995683,0.4527029761636265,0.3939247967846698,0.7670371756335833,0.31666666666666665
10164,auditor,SHAP,0.6958311191756383,LIME,0.14236738200444243,0.6958311191756383,0.5534637371711959,0.5251862939575559,6.938893903907228e-18
10164,model_centric,SHAP,0.8697888989695479,LIME,0.011292560838886523,0.8697888989695479,0.8584963381306614,0.7259273118913891,0.0
7601,doctor,SHAP,0.5291231904740811,LIME,0.11230108541601475,0.5291231904740811,0.41682210505806633,0.35,0.39999999999999997
7601,patient,Rules,0.6777777777777777,Counterfactual,0.20050173859256953,0.3468782895249817,0.3576916213402367,0.47727603918520817,0.6777777777777777
7601,auditor,SHAP,0.6666666666666667,LIME,0.26666666666666666,0.6666666666666667,0.4000000000000001,-0.0611111111111111,-0.00555555555555555
7601,model_centric,SHAP,0.8333333333333334,LIME,0.16666666666666663,0.8333333333333334,0.6666666666666667,0.0,0.0
4910,doctor,SHAP,0.5564487069850464,LIME,0.12520736819014422,0.5564487069850464,0.43124133879490223,0.36666666666666664,0.11666666666666667
4910,patient,Counterfactual,0.6444444444444444,SHAP,0.21157302899168728,0.4328714154527571,0.35536317622655916,0.6444444444444444,0.31666666666666665
4910,auditor,SHAP,0.6654657343672932,LIME,0.28761629565842767,0.6654657343672932,0.3778494387088655,-0.055555555555555546,6.938893903907228e-18
4910,model_centric,SHAP,0.8318321679591165,LIME,0.19285370290636794,0.8318321679591165,0.6389784650527486,0.0,0.0
8797,doctor,Rules,0.7969956109262326,Counterfactual,0.09944325223550654,0.5907511686438794,0.5069723660063846,0.6975523586907261,0.7969956109262326
8797,patient,Rules,0.810109648086522,Counterfactual,0.19565741955401228,0.42891408766100253,0.36298691203779804,0.6144522285325097,0.810109648086522
8797,auditor,SHAP,0.7777299872370574,Rules,0.12463058032265939,0.7777299872370574,0.5564186466591463,0.5316195150448338,0.653099406914398
8797,model_centric,SHAP,0.9721624840463218,LIME,0.10997250905572231,0.9721624840463218,0.8621899749905995,0.7409132826949312,0.823318703087442
130,doctor,SHAP,0.5394494904403434,Counterfactual,0.18944949044034343,0.5394494904403434,0.21281532929532243,0.35,0.11666666666666667
130,patient,Counterfactual,0.3865264030923348,SHAP,0.012229210513950817,0.374297192578384,0.3228103333481278,0.3865264030923348,0.31666666666666665
130,auditor,SHAP,0.6370836909877403,Rules,0.6370836909877403,0.6370836909877403,-0.07856257682203216,-0.0611111111111111,6.938893903907228e-18
130,model_centric,SHAP,0.7963546137346753,LIME,0.7278911680955489,0.7963546137346753,0.06846344563912646,0.0,0.0
2455,doctor,SHAP,0.48215615378876775,Counterfactual,0.11207697627449037,0.48215615378876775,0.27686316053797255,0.3700791775142774,0.11666666666666667
2455,patient,SHAP,0.45887704815959346,Counterfactual,0.021359905323013406,0.45887704815959346,0.329458998863627,0.43751714283658005,0.31666666666666665
2455,auditor,SHAP,0.6145271685960828,Counterfactual,0.44947296260886027,0.6145271685960828,0.09838753932055588,0.16505420598722254,6.938893903907228e-18
2455,model_centric,SHAP,0.7681589607451034,LIME,0.47850786992774186,0.7681589607451034,0.2896510908173615,0.2896510908173615,0.0
20266,doctor,Counterfactual,0.5666450323845164,Rules,0.034250108192401374,0.5235502832402505,0.4392551057767172,0.5666450323845164,0.532394924192115
20266,patient,Rules,0.48857608584181605,Counterfactual,0.0584071786862187,0.3550998515681652,0.3665340245989056,0.43016890715559736,0.48857608584181605
20266,auditor,SHAP,0.6708103672696506,Rules,0.016506023902386202,0.6708103672696506,0.36618945189036134,0.36288236669018115,0.6543043433672644
20266,model_centric,SHAP,0.8385129590870632,Rules,0.0067436409890938576,0.8385129590870632,0.6244034815296182,0.5299918472516153,0.8317693180979694
19072,doctor,Counterfactual,0.8166666666666667,SHAP,0.10943351859165262,0.707233148075014,0.54072612187075,0.8166666666666667,0.5910630783945243
19072,patient,Counterfactual,0.7944444444444444,Rules,0.19697897386849184,0.501536953047855,0.3671085690863754,0.7944444444444444,0.5974654705759526
19072,auditor,SHAP,0.7993893249774652,Counterfactual,0.05494488053302071,0.7993893249774652,0.6202437259595148,0.7444444444444445,0.7058221893797988
19072,model_centric,Counterfactual,1.0,SHAP,0.000763343778168557,0.9992366562218314,0.9419713241160601,1.0,0.9100555145025262
12211,doctor,SHAP,0.5790138856465107,LIME,0.05343762448927025,0.5790138856465107,0.5255762611572404,0.420312847168138,0.11666666666666667
12211,patient,Counterfactual,0.6639603612913979,LIME,0.19860990597174916,0.347442343640636,0.46535045531964875,0.6639603612913979,0.31666666666666665
12211,auditor,SHAP,0.7272649665683416,LIME,0.13959919023666345,0.7272649665683416,0.5876657763316782,0.2594563560131299,6.938893903907228e-18
12211,model_centric,SHAP,0.9090812082104269,LIME,0.007832321129162656,0.9090812082104269,0.9012488870812643,0.40070933390530117,0.0
15197,doctor,Counterfactual,0.8166666666666667,SHAP,0.13156689478278416,0.6850997718838825,0.5965698157917385,0.8166666666666667,0.6453125390697946
15197,patient,Counterfactual,0.7944444444444444,Rules,0.23792612334037144,0.4921767365151415,0.44173577596054353,0.7944444444444444,0.556518321104073
15197,auditor,SHAP,0.759919975906922,Counterfactual,0.015475531462477488,0.759919975906922,0.62141336491507,0.7444444444444445,0.7290326441444875
15197,model_centric,Counterfactual,1.0,SHAP,0.05010003011634767,0.9498999698836523,0.9434333728105041,1.0,0.9321241385139426
4953,doctor,SHAP,0.6020156348617984,LIME,0.19194522775628375,0.6020156348617984,0.4100704071055147,0.35,0.11666666666666667
4953,patient,Counterfactual,0.48407571914115033,LIME,0.13042518485350474,0.3329110320642205,0.3536505342876456,0.48407571914115033,0.31666666666666665
4953,auditor,SHAP,0.7997087253571714,LIME,0.4002425698502011,0.7997087253571714,0.3994661555069703,-0.0611111111111111,6.938893903907228e-18
4953,model_centric,SHAP,0.9996359066964642,LIME,0.3336365456460847,0.9996359066964642,0.6659993610503795,0.0,0.0
4780,doctor,Counterfactual,0.7436137510142466,Rules,0.016253169333074524,0.6579730966661467,0.44290859537385024,0.7436137510142466,0.7273605816811721
4780,patient,Counterfactual,0.7700934725603044,Rules,0.11652883422213589,0.42838400993966286,0.31665757904054076,0.7700934725603044,0.6535646383381685
4780,auditor,SHAP,0.7946465614683583,Rules,0.021685010318565734,0.7946465614683583,0.48966092571012476,0.5496366693713244,0.7729615511497926
4780,model_centric,SHAP,0.9933082018354479,Rules,0.013217374009318328,0.9933082018354479,0.7787428238043226,0.7564902811585998,0.9800908278261296
4571,doctor,Rules,0.5374544487488222,SHAP,0.04811817143234898,0.4893362773164732,0.3764881437536711,0.35,0.5374544487488222
4571,patient,Rules,0.4902625940273852,Counterfactual,0.09609767426722982,0.36240112749622344,0.33051658938132744,0.3941649197601554,0.4902625940273852
4571,auditor,SHAP,0.6513776217562228,Rules,0.0451805270265353,0.6513776217562228,0.3694219101791124,-0.0611111111111111,0.6061970947296875
4571,model_centric,SHAP,0.8142220271952786,Rules,0.04258676989428034,0.8142220271952786,0.6284440543905572,0.0,0.7716352573009982
2398,doctor,Counterfactual,0.7966226342593526,Rules,0.04838992114571228,0.7169918720730625,0.609040316220817,0.7966226342593526,0.7482327131136404
2398,patient,Counterfactual,0.7877631003086731,Rules,0.18689020763336606,0.5124976531270667,0.44652906747461796,0.7877631003086731,0.6008728926753071
2398,auditor,SHAP,0.7812171217092235,Rules,0.0090497885969536,0.7812171217092235,0.6237418897749052,0.6909936913582739,0.7721673331122699
2398,model_centric,Rules,0.9860424997236708,SHAP,0.00952109758714137,0.9765214021365294,0.9463440288852981,0.9331865586422867,0.9860424997236708
18640,doctor,Rules,0.85,Counterfactual,0.06802085196447305,0.3859061475171348,0.5023421517061208,0.7819791480355269,0.85
18640,patient,Rules,0.8277777777777777,Counterfactual,0.22961094618749145,0.26644716591159573,0.3480709469421555,0.5981668315902863,0.8277777777777777
18640,auditor,Rules,0.7944444444444445,Counterfactual,0.07958335817485296,0.5260615304653212,0.5603396537165061,0.7148610862695916,0.7944444444444445
18640,model_centric,Rules,1.0,Counterfactual,0.03003475327412186,0.6575769130816516,0.8670912338122991,0.9699652467258781,1.0
17762,doctor,SHAP,0.6263581167172186,LIME,0.10433768038000935,0.6263581167172186,0.5220204363372093,0.45249692932538915,0.43759023627759197
17762,patient,Counterfactual,0.6618812776694037,Rules,0.03824008779909527,0.46301232687036087,0.401900774536478,0.6618812776694037,0.6236411898703085
17762,auditor,SHAP,0.767099110299331,LIME,0.22232460572532564,0.767099110299331,0.5447745045740053,0.2123102189556807,0.5422568786758751
17762,model_centric,SHAP,0.9588738878741637,LIME,0.11123909048999037,0.9588738878741637,0.8476347973841734,0.3417766625834897,0.6986544316781771
10575,doctor,LIME,0.6153278303257995,SHAP,0.10317325035847125,0.5121545799673283,0.6153278303257995,0.47965808690861034,0.11666666666666667
10575,patient,Counterfactual,0.6994050289570419,LIME,0.1579542555768494,0.4124793396557217,0.5414507733801925,0.6994050289570419,0.31666666666666665
10575,auditor,LIME,0.6666666666666667,SHAP,0.08849055529367833,0.5781761113729884,0.6666666666666667,0.5142867824948345,6.938893903907228e-18
10575,model_centric,LIME,1.0,SHAP,0.27727986078376454,0.7227201392162355,1.0,0.719247367007432,0.0
15838,doctor,Rules,0.5783054321114969,SHAP,0.047555379110894025,0.5307500530006029,0.3955068829657593,0.35,0.5783054321114969
15838,patient,Rules,0.60387958848161,Counterfactual,0.21710015074238037,0.33842968250022654,0.3349686761268201,0.3867794377392297,0.60387958848161
15838,auditor,SHAP,0.6626792644349998,Rules,0.08494678248528698,0.6626792644349998,0.3891012215973783,-0.0611111111111111,0.5777324819497128
15838,model_centric,SHAP,0.8283490805437497,Rules,0.09229458921771971,0.8283490805437497,0.6530431936633895,0.0,0.73605449132603
13437,doctor,Counterfactual,0.8166666666666667,Rules,0.10588364027593267,0.6578061116595513,0.5772256062656029,0.8166666666666667,0.710783026390734
13437,patient,Counterfactual,0.7944444444444444,Rules,0.12140565786975521,0.4767514440045162,0.4338676795638448,0.7944444444444444,0.6730387865746892
13437,auditor,Counterfactual,0.7444444444444445,SHAP,0.010812357309190057,0.7336320871352544,0.6252520098811577,0.7444444444444445,0.712381442114518
13437,model_centric,Counterfactual,1.0,LIME,0.05176832098188633,0.9170401089190678,0.9482316790181137,1.0,0.9043656915320364
15321,doctor,Counterfactual,0.5655642117955055,Rules,0.0155642117955056,0.4710169441374808,0.41953034624219976,0.5655642117955055,0.5499999999999999
15321,patient,Counterfactual,0.4878891210187245,Rules,0.060111343240946746,0.3252107504536267,0.3519153251961182,0.4878891210187245,0.42777777777777776
15321,auditor,Rules,0.7944444444444445,SHAP,0.18393739669176368,0.6105070477526808,0.4305257594666391,0.36524765866528636,0.7944444444444445
15321,model_centric,Rules,1.0,SHAP,0.2368661903091489,0.7631338096908511,0.7048238659999655,0.5329484622204967,1.0
19984,doctor,Rules,0.8333333333333333,Counterfactual,0.06891591425704013,0.6304445300206662,0.38266990939810513,0.7644174190762931,0.8333333333333333
19984,patient,Counterfactual,0.7770280285809866,Rules,0.12147247302543107,0.3822452848364153,0.4346012120411681,0.7770280285809866,0.6555555555555556
19984,auditor,SHAP,0.8,Rules,0.011111111111111072,0.8,0.4511740752194771,0.6051131175367818,0.788888888888889
19984,model_centric,SHAP,1.0,Rules,0.0,1.0,0.730634260691013,0.8258358413654217,1.0
17323,doctor,Counterfactual,0.7999999999999999,LIME,0.15958335176017413,0.5794120702667362,0.6404166482398258,0.7999999999999999,0.11666666666666667
17323,patient,Counterfactual,0.564257635287045,LIME,0.12549906310032793,0.42048303246888885,0.43875857218671704,0.564257635287045,0.31666666666666665
17323,auditor,Counterfactual,0.7388888888888889,LIME,0.07222222222222219,0.6459005702013814,0.6666666666666667,0.7388888888888889,6.938893903907228e-18
17323,model_centric,LIME,1.0,Counterfactual,0.0,0.8073757127517266,1.0,1.0,0.0
15415,doctor,SHAP,0.6808955881627552,Counterfactual,0.007267560898087888,0.6808955881627552,0.5784751976824265,0.6736280272646673,0.11666666666666667
15415,patient,Counterfactual,0.5227106952299131,SHAP,0.05680830351145383,0.46590239171845926,0.4273213190517261,0.5227106952299131,0.31666666666666665
15415,auditor,SHAP,0.7882529473449668,LIME,0.18600606956761911,0.7882529473449668,0.6022468777773476,0.4892199624033085,6.938893903907228e-18
15415,model_centric,SHAP,0.9853161841812084,LIME,0.06584092029285715,0.9853161841812084,0.9194752638883512,0.6879138418930244,0.0
15128,doctor,Counterfactual,0.8166666666666667,SHAP,0.09467440337289312,0.7219922632937735,0.6085900821696706,0.8166666666666667,0.6817667419118291
15128,patient,Counterfactual,0.7944444444444444,Rules,0.1367795070820218,0.5106826485763949,0.42829867178623643,0.7944444444444444,0.6576649373624226
15128,auditor,SHAP,0.7839037050930568,Rules,0.03306851704687541,0.7839037050930568,0.6505703717597235,0.7444444444444445,0.7508351880461814
15128,model_centric,Counterfactual,1.0,SHAP,0.020120368633678942,0.9798796313663211,0.9798796313663211,1.0,0.9593773183910601
9752,doctor,Counterfactual,0.7310893892227772,SHAP,0.03351925423388591,0.6975701349888913,0.6085439625474699,0.7310893892227772,0.6954798813227953
9752,patient,Counterfactual,0.6333610265560091,Rules,0.07830207621608742,0.5096023303638951,0.3864742847607642,0.6333610265560091,0.5550589503399217
9752,auditor,SHAP,0.78120457230733,Rules,0.08082222801279226,0.78120457230733,0.6259609815812287,0.590633469983328,0.7003823442945377
9752,model_centric,SHAP,0.9765057153841624,LIME,0.027387821740959883,0.9765057153841624,0.9491178936432025,0.8146807263680488,0.8963112637015054
13887,doctor,Rules,0.7943323179666238,LIME,0.2525596418085313,0.5184275075517218,0.5417726761580925,0.08333333333333333,0.7943323179666238
13887,patient,LIME,0.4452493828348149,Rules,0.03602749906816255,0.4014767323451588,0.4452493828348149,0.2833333333333333,0.40922188376665236
13887,auditor,Rules,0.720220868399943,SHAP,0.12623007283266863,0.5939907955672744,0.5096738827262877,-0.04999999999999999,0.720220868399943
13887,model_centric,Rules,0.9072205299443732,LIME,0.10346150986984703,0.7424884944590929,0.8037590200745262,0.0,0.9072205299443732
19122,doctor,Counterfactual,0.7468174963347776,Rules,0.009263207185252198,0.6789431891777482,0.5413168768010529,0.7468174963347776,0.7375542891495254
19122,patient,Counterfactual,0.771161387667148,Rules,0.17384796964654592,0.4558218760259168,0.4196616521989853,0.771161387667148,0.5973134180206021
19122,auditor,SHAP,0.7904937500033598,Rules,0.04019945408751735,0.7904937500033598,0.5914237115665534,0.5581799902260736,0.7502942959158424
19122,model_centric,SHAP,0.9881171875041996,Rules,0.02941598427606329,0.9881171875041996,0.9059463061248584,0.7671694322270364,0.9587012032281363
15293,doctor,SHAP,0.55267434649268,Counterfactual,0.20267434649268,0.55267434649268,0.32160235156951633,0.35,0.11666666666666667
15293,patient,Counterfactual,0.3905065704304092,SHAP,0.01926594918084995,0.37124062124955926,0.32878418398250586,0.3905065704304092,0.31666666666666665
15293,auditor,SHAP,0.6666666666666667,LIME,0.4,0.6666666666666667,0.2666666666666667,-0.0611111111111111,6.938893903907228e-18
15293,model_centric,SHAP,0.8333333333333333,LIME,0.33333333333333326,0.8333333333333333,0.5,0.0,0.0
10855,doctor,Counterfactual,0.7630404275744009,SHAP,0.06376595462007795,0.699274472954323,0.5498708687183016,0.7630404275744009,0.40261060562165923
10855,patient,Counterfactual,0.7765690314136892,Rules,0.0645877184286916,0.49385201220520925,0.41674249137167724,0.7765690314136892,0.7119813129849976
10855,auditor,SHAP,0.8,LIME,0.19099148330745452,0.8,0.6090085166925455,0.6014411401984027,0.4079415468406757
10855,model_centric,SHAP,1.0,LIME,0.07207268746765161,1.0,0.9279273125323484,0.8212458696924478,0.5238158224397336
7878,doctor,Counterfactual,0.8166666666666667,Rules,0.07377321751774091,0.7180172115306372,0.5674319262461445,0.8166666666666667,0.7428934491489257
7878,patient,Counterfactual,0.7944444444444444,Rules,0.11070218361702466,0.5070199642579455,0.35472591661445185,0.7944444444444444,0.6837422608274197
7878,auditor,SHAP,0.7854301426519135,Rules,0.021382654362338105,0.7854301426519135,0.6435870326117064,0.7444444444444445,0.7640474882895754
7878,model_centric,Counterfactual,1.0,SHAP,0.018212321685108224,0.9817876783148918,0.9711504574312995,1.0,0.968948249250858
2915,doctor,SHAP,0.6301238425386907,LIME,0.1623588104807318,0.6301238425386907,0.4677650320579589,0.38480076413941594,0.28797185183743534
2915,patient,Counterfactual,0.6504891436020275,Rules,0.22217529399965003,0.25522734699873395,0.3217942794586575,0.6504891436020275,0.42831384960237745
2915,auditor,SHAP,0.7807864948105115,LIME,0.306602723866953,0.7807864948105115,0.47418377094355857,-0.02586269906955463,0.22592890248329534
2915,model_centric,SHAP,0.9759831185131393,LIME,0.21658673816702456,0.9759831185131393,0.7593963803461148,0.03711607060750114,0.30324446143745243
16253,doctor,Rules,0.46400306829964566,SHAP,0.019096303564984707,0.44490676473466095,0.3866194972255631,0.33017614366908066,0.46400306829964566
16253,patient,Counterfactual,0.6386293171711553,LIME,0.21827854393879925,0.37413516051498624,0.4203507732323561,0.6386293171711553,0.39911213387765965
16253,auditor,SHAP,0.6117175834333899,LIME,0.2425321357783859,0.6117175834333899,0.369185447655004,0.11091575378614625,0.11545401956581425
16253,model_centric,SHAP,0.7646469792917374,LIME,0.13649850305631572,0.7646469792917374,0.6281484762354217,0.21503358112157167,0.15820641334615668
1203,doctor,SHAP,0.47006301819004626,LIME,0.06546844535769891,0.47006301819004626,0.40459457283234734,0.35,0.39999999999999997
1203,patient,Rules,0.6777777777777777,Counterfactual,0.19722376994431096,0.33332001058447425,0.35791514421177745,0.48055400783346675,0.6777777777777777
1203,auditor,SHAP,0.6130017715563236,LIME,0.2130017715563236,0.6130017715563236,0.4,-0.0611111111111111,-0.00555555555555555
1203,model_centric,SHAP,0.7662522144454045,LIME,0.09958554777873785,0.7662522144454045,0.6666666666666666,0.0,0.0
13658,doctor,Counterfactual,0.7507529184277941,SHAP,0.06666962296688117,0.684083295460913,0.4944765418988412,0.7507529184277941,0.6508717740779261
13658,patient,Counterfactual,0.7724731950314869,Rules,0.17907149256106714,0.4935278911754156,0.417744945932618,0.7724731950314869,0.5934017024704198
13658,auditor,SHAP,0.7829738778453839,Rules,0.13434471112713986,0.7829738778453839,0.6117749438273534,0.5686744491407844,0.648629166718244
13658,model_centric,SHAP,0.9787173473067297,LIME,0.0473320008558713,0.9787173473067297,0.9313853464508584,0.7802875058704248,0.8385642361755827
9279,doctor,SHAP,0.5037927877135032,Rules,0.10379278771350325,0.5037927877135032,0.39451806200969575,0.17912245063325571,0.39999999999999997
9279,patient,Rules,0.6777777777777777,Counterfactual,0.07222222222222219,0.3540145913155623,0.32226302099273524,0.6055555555555555,0.6777777777777777
9279,auditor,SHAP,0.6486161974089093,LIME,0.25764143203778794,0.6486161974089093,0.39097476537112136,-0.0611111111111111,-0.00555555555555555
9279,model_centric,SHAP,0.8107702467611366,LIME,0.1553851233805683,0.8107702467611366,0.6553851233805683,0.0,0.0
12584,doctor,SHAP,0.5090599051895699,LIME,0.10328378694748547,0.5090599051895699,0.4057761182420844,0.35,0.11666666666666667
12584,patient,Counterfactual,0.4721874152815946,LIME,0.12167115338977968,0.33219694820187856,0.3505162618918149,0.4721874152815946,0.31666666666666665
12584,auditor,SHAP,0.6551702000677877,LIME,0.26091843336722714,0.6551702000677877,0.39425176670056056,-0.0611111111111111,6.938893903907228e-18
12584,model_centric,SHAP,0.8189627500847346,LIME,0.15948137504236726,0.8189627500847346,0.6594813750423674,0.0,0.0
15598,doctor,SHAP,0.5177805246496656,Counterfactual,0.16778052464966564,0.5177805246496656,0.316606493321007,0.35,0.11666666666666667
15598,patient,Counterfactual,0.3847915433030875,SHAP,0.010641741804424287,0.3741498014986632,0.34634021550136707,0.3847915433030875,0.31666666666666665
15598,auditor,SHAP,0.6170165786702501,LIME,0.4525485396417439,0.6170165786702501,0.16446803902850618,-0.0611111111111111,6.938893903907228e-18
15598,model_centric,SHAP,0.7712707233378125,LIME,0.39901900788551314,0.7712707233378125,0.3722517154522994,0.0,0.0
4703,doctor,Counterfactual,0.8054137430515808,Rules,0.07400960227390518,0.7047573597377258,0.5964142656493723,0.8054137430515808,0.7314041407776756
4703,patient,Counterfactual,0.7906934699060825,Rules,0.11078097853574609,0.5161367516472593,0.4133340194655191,0.7906934699060825,0.6799124913703364
4703,auditor,SHAP,0.7807683548543388,Rules,0.04278895419310802,0.7807683548543388,0.6078852486403792,0.7144366481375489,0.7379794006612308
4703,model_centric,SHAP,0.9759604435679234,Counterfactual,0.01347018895154295,0.9759604435679234,0.9265232274671407,0.9624902546163805,0.9363631397154273
18996,doctor,SHAP,0.4536851849931902,Rules,0.05368518499319025,0.4536851849931902,0.35646141269516807,0.35,0.39999999999999997
18996,patient,Rules,0.6777777777777777,Counterfactual,0.19450267079624328,0.3312471610934105,0.34321727943750036,0.4832751069815344,0.6777777777777777
18996,auditor,SHAP,0.6081185541840635,LIME,0.2991473819604251,0.6081185541840635,0.30897117222363835,-0.0611111111111111,-0.00555555555555555
18996,model_centric,SHAP,0.7601481927300793,LIME,0.20726756078386477,0.7601481927300793,0.5528806319462145,0.0,0.0
11689,doctor,SHAP,0.517824068130076,LIME,0.12251529140735329,0.517824068130076,0.3953087767227227,0.35,0.11666666666666667
11689,patient,Counterfactual,0.4825367092073436,SHAP,0.10859290998314908,0.3739437992241945,0.34401426090343695,0.4825367092073436,0.31666666666666665
11689,auditor,SHAP,0.6316962632279988,LIME,0.24918146494733273,0.6316962632279988,0.38251479828066604,-0.0611111111111111,6.938893903907228e-18
11689,model_centric,SHAP,0.7896203290349983,LIME,0.14481016451749917,0.7896203290349983,0.6448101645174992,0.0,0.0
18330,doctor,Counterfactual,0.8166666666666667,SHAP,0.1243344673019372,0.6923321993647295,0.6338880451453658,0.8166666666666667,0.4844559843414645
18330,patient,Counterfactual,0.7944444444444444,Rules,0.05518133855284513,0.4899726876796728,0.4611705154031259,0.7944444444444444,0.7392631058915993
18330,auditor,SHAP,0.7688350720673849,Counterfactual,0.02439062762294042,0.7688350720673849,0.6666666666666667,0.7444444444444445,0.5903857568997304
18330,model_centric,LIME,1.0,Counterfactual,0.0,0.9610438400842312,1.0,1.0,0.7518710850135519
15239,doctor,Rules,0.5499999999999999,SHAP,0.021273961551927956,0.528726038448072,0.34512944500871745,0.35,0.5499999999999999
15239,patient,Rules,0.42777777777777776,Counterfactual,0.040882972106783766,0.37697049091777085,0.37940887517301525,0.386894805670994,0.42777777777777776
15239,auditor,Rules,0.7944444444444445,SHAP,0.12777777777777777,0.6666666666666667,0.30523835741809247,-0.0611111111111111,0.7944444444444445
15239,model_centric,Rules,1.0,SHAP,0.16666666666666663,0.8333333333333334,0.5482146134392821,0.0,1.0
18432,doctor,Rules,0.6826598269114396,Counterfactual,0.033333333333333326,0.5984217448499083,0.3430646293182527,0.6493264935781062,0.6826598269114396
18432,patient,Rules,0.6053310534149243,Counterfactual,0.021622516460272245,0.424367008729681,0.4499215667267064,0.5837085369546521,0.6053310534149243
18432,auditor,SHAP,0.6661342480893492,Rules,0.07874174131522604,0.6661342480893492,0.265469919562185,0.5373925067741231,0.5873925067741231
18432,model_centric,SHAP,0.8326678101116864,Counterfactual,0.08453828775514372,0.8326678101116864,0.4985040661193979,0.7481295223565427,0.7481295223565427
8136,doctor,Rules,0.5497786164515251,SHAP,0.021818693354506702,0.5279599230970184,0.4026076409529575,0.17736880145949369,0.5497786164515251
8136,patient,Counterfactual,0.6055555555555555,Rules,0.17785157229393606,0.33555934831635137,0.3286483116737134,0.6055555555555555,0.42770398326161946
8136,auditor,Rules,0.7938540883151781,SHAP,0.12744993129555682,0.6664041570196213,0.39927838904721097,-0.0611111111111111,0.7938540883151781
8136,model_centric,Rules,0.999262054838417,SHAP,0.1662568585638905,0.8330051962745265,0.6657646529756803,0.0,0.999262054838417
2022,doctor,SHAP,0.6348058267010673,LIME,0.1414912030185232,0.6348058267010673,0.49331462368254414,0.36666666666666664,0.27311292393435915
2022,patient,Counterfactual,0.6444444444444444,Rules,0.24931323588152932,0.23770858902420808,0.333639210057295,0.6444444444444444,0.39513120856291506
2022,auditor,SHAP,0.7999429587286592,LIME,0.2948668839672448,0.7999429587286592,0.5050760747614144,-0.055555555555555546,0.2302190015058638
2022,model_centric,SHAP,0.999928698410824,LIME,0.20191693829238933,0.999928698410824,0.7980117601184347,0.0,0.30860708521566305
19727,doctor,SHAP,0.5820284673633915,LIME,0.15234182526261197,0.5820284673633915,0.42968664210077956,0.35,0.11666666666666667
19727,patient,SHAP,0.45810849355213523,LIME,0.06113851866904846,0.45810849355213523,0.3969699748830868,0.3848876932361619,0.31666666666666665
19727,auditor,SHAP,0.6666666666666667,LIME,0.2666666666666667,0.6666666666666667,0.4,-0.0611111111111111,6.938893903907228e-18
19727,model_centric,SHAP,0.8333333333333333,LIME,0.16666666666666663,0.8333333333333333,0.6666666666666666,0.0,0.0
8472,doctor,SHAP,0.5359534823422746,Rules,0.1359534823422746,0.5359534823422746,0.39712205151653807,0.35,0.39999999999999997
8472,patient,Rules,0.6777777777777777,Counterfactual,0.2863620174597811,0.36564253105895184,0.3375262172436551,0.3914157603179966,0.6777777777777777
8472,auditor,SHAP,0.6666666666666667,LIME,0.2666666666666667,0.6666666666666667,0.4,-0.0611111111111111,-0.00555555555555555
8472,model_centric,SHAP,0.8333333333333333,LIME,0.16666666666666663,0.8333333333333333,0.6666666666666666,0.0,0.0
10584,doctor,Counterfactual,0.7389206961026652,SHAP,0.2684220009267991,0.4704986951758661,0.4148666019371431,0.7389206961026652,0.11666666666666667
10584,patient,Counterfactual,0.5437058445342712,SHAP,0.1851534474495387,0.35855239708473247,0.3380023896591645,0.5437058445342712,0.31666666666666665
10584,auditor,Counterfactual,0.6574498170257759,SHAP,0.11663983457943672,0.5408099824463392,0.3286195413799628,0.6574498170257759,6.938893903907228e-18
10584,model_centric,Counterfactual,0.8982011601711086,SHAP,0.22218868211318465,0.676012478057924,0.5774410933916201,0.8982011601711086,0.0
13034,doctor,Counterfactual,0.6514357505160083,SHAP,0.10105392111384337,0.550381829402165,0.522419148938985,0.6514357505160083,0.11666666666666667
13034,patient,Counterfactual,0.5312373968568234,SHAP,0.07814782692507072,0.45308956993175264,0.42533496916593766,0.5312373968568234,0.31666666666666665
13034,auditor,SHAP,0.7121710948743829,Counterfactual,0.0824908491279972,0.7121710948743829,0.4899304079494999,0.6296802457463857,6.938893903907228e-18
13034,model_centric,SHAP,0.8902138685929786,Counterfactual,0.019780228076663242,0.8902138685929786,0.7790796766035415,0.8704336405163153,0.0
11084,doctor,SHAP,0.4527133993040576,Rules,0.07273087998548178,0.4527133993040576,0.3799697088609527,0.35,0.3799825193185758
11084,patient,Rules,0.5377719508839697,Counterfactual,0.052937579146270175,0.4120508289544642,0.3802957420884517,0.4848343717376995,0.5377719508839697
11084,auditor,SHAP,0.6225794044938231,LIME,0.27524413428370675,0.6225794044938231,0.34733527021011634,-0.0611111111111111,0.17042494265768193
11084,model_centric,SHAP,0.7782242556172787,LIME,0.17738850118796667,0.7782242556172787,0.600835754429312,0.0,0.22692006721099128
10093,doctor,SHAP,0.6640679882197416,Counterfactual,0.048957565799970126,0.6640679882197416,0.5303078400813469,0.6151104224197714,0.11666666666666667
10093,patient,Counterfactual,0.5891708971157948,SHAP,0.15207489724793416,0.4370959998678607,0.40037152377660906,0.5891708971157948,0.31666666666666665
10093,auditor,SHAP,0.7907019606622897,LIME,0.21409055492066054,0.7907019606622897,0.5766114057416292,0.3841631850762795,6.938893903907228e-18
10093,model_centric,SHAP,0.988377450827862,LIME,0.10094652698415896,0.988377450827862,0.887430923843703,0.5565928702342382,0.0
18117,doctor,Rules,0.8140616589796213,Counterfactual,0.033333333333333326,0.6163015789114692,0.4665967374812588,0.780728325646288,0.8140616589796213
18117,patient,Rules,0.8157983307709848,Counterfactual,0.033333333333333326,0.42545173287493004,0.3400863240185341,0.7824649974376515,0.8157983307709848
18117,auditor,SHAP,0.765166925301857,Rules,0.06655805691175565,0.765166925301857,0.48412213207007887,0.6486088683901013,0.6986088683901014
18117,model_centric,SHAP,0.9564586566273212,Counterfactual,0.07625312669525008,0.9564586566273212,0.7718193317542652,0.8802055299320711,0.8802055299320711
4247,doctor,SHAP,0.5622768154221989,Counterfactual,0.2122768154221989,0.5622768154221989,0.23152301528562805,0.35,0.11666666666666667
4247,patient,SHAP,0.4053250836908446,Counterfactual,0.01697636561396887,0.4053250836908446,0.3416474055116273,0.3883487180768757,0.31666666666666665
4247,auditor,SHAP,0.6666666666666667,Rules,0.6666666666666667,0.6666666666666667,-0.0070668666377545,-0.0611111111111111,6.938893903907228e-18
4247,model_centric,SHAP,0.8333333333333334,LIME,0.6755002499638598,0.8333333333333334,0.15783308336947352,0.0,0.0
8075,doctor,SHAP,0.5539459041262996,LIME,0.1709528530693421,0.5539459041262996,0.3829930510569575,0.17774479278771393,0.3050037652932318
8075,patient,Rules,0.646112366208855,Counterfactual,0.040556810653299524,0.3078783380681791,0.3354448782905009,0.6055555555555555,0.646112366208855
8075,auditor,SHAP,0.7757065407431312,LIME,0.38380436049542077,0.7757065407431312,0.3919021802477104,-0.0611111111111111,0.03182420562962579
8075,model_centric,SHAP,0.9696331759289138,LIME,0.3130887839526093,0.9696331759289138,0.6565443919763045,0.0,0.05366914592592112
10834,doctor,Rules,0.797671901307037,SHAP,0.16281139429433478,0.6348605070127022,0.5353495213523547,0.38017872775935685,0.797671901307037
10834,patient,Counterfactual,0.6778682642638474,Rules,0.03419985271705728,0.43518166734377695,0.4769259693514448,0.6778682642638474,0.6436684115467901
10834,auditor,SHAP,0.7588162424614522,Rules,0.05680220221196319,0.7588162424614522,0.5770740012210416,0.34292231616142244,0.702014040249489
10834,model_centric,SHAP,0.9485203030768152,Rules,0.05711386387606521,0.9485203030768152,0.8880091681929685,0.5050417840906669,0.89140643920075
16076,doctor,Counterfactual,0.769308039391792,Rules,0.022951066757128658,0.6817802864119897,0.6141852109593952,0.769308039391792,0.7463569726346634
16076,patient,Counterfactual,0.7786582353528195,Rules,0.01876146669682055,0.5132014076437702,0.46150507386919304,0.7786582353528195,0.759896768655999
16076,auditor,SHAP,0.7833131185779895,Counterfactual,0.16515834686654385,0.7833131185779895,0.6176560084373977,0.6181547717114456,0.6097755715908296
16076,model_centric,SHAP,0.9791413982224868,LIME,0.04040472100907322,0.9791413982224868,0.9387366772134136,0.8421379090837513,0.7761083533774258
14798,doctor,Counterfactual,0.764209779682735,SHAP,0.09301229425982693,0.671197485422908,0.5742954862955555,0.764209779682735,0.11666666666666667
14798,patient,Counterfactual,0.7769588154498005,SHAP,0.3106869531265837,0.4662718623232168,0.4047955631256697,0.7769588154498005,0.31666666666666665
14798,auditor,SHAP,0.7460139694328681,LIME,0.1333333333333333,0.7460139694328681,0.6126806360995348,0.6045594124872934,6.938893903907228e-18
14798,model_centric,SHAP,0.9325174617910852,LIME,0.0,0.9325174617910852,0.9325174617910852,0.8251437100535612,0.0
8575,doctor,Rules,0.5756552691883078,Counterfactual,0.050000000000000044,0.46795979890740635,0.4582199771951633,0.5256552691883077,0.5756552691883078
8575,patient,Rules,0.7363295341738804,Counterfactual,0.2681766588070627,0.3129450246925119,0.3708050830131209,0.46815287536681766,0.7363295341738804
8575,auditor,SHAP,0.6238737167863772,LIME,0.1333333333333333,0.6238737167863772,0.49054038345304385,0.2789587307986611,0.33451428635421665
8575,model_centric,SHAP,0.7798421459829714,LIME,0.0,0.7798421459829714,0.7798421459829714,0.42508730238721526,0.42508730238721526
19567,doctor,Counterfactual,0.8030102071176225,Rules,0.07034539696626507,0.7235303965695409,0.6214814320930823,0.8030102071176225,0.7326648101513574
19567,patient,Counterfactual,0.7898922912614297,Rules,0.00955957676653274,0.5161401385976894,0.47125334067893576,0.7898922912614297,0.7803327144948969
19567,auditor,SHAP,0.7874605030839014,Rules,0.04997598444383966,0.7874605030839014,0.6403404655950363,0.7080272189803268,0.7374845186400617
19567,model_centric,SHAP,0.9843256288548766,LIME,0.01723338019441456,0.9843256288548766,0.9670922486604621,0.954478468169853,0.935744537188966
15080,doctor,SHAP,0.45519411791403397,LIME,0.04703212587431971,0.45519411791403397,0.40816199203971426,0.3623259654601689,0.11224860040330151
15080,patient,Rules,0.6818606445788783,Counterfactual,0.03676467166744535,0.33011360756167785,0.35332379967423955,0.645095972911433,0.6818606445788783
15080,auditor,SHAP,0.6096573932726366,LIME,0.20301240163942263,0.6096573932726366,0.40664499163321394,0.14980546141119727,0.01608778821476662
15080,model_centric,SHAP,0.7620717415907957,LIME,0.08709883538261176,0.7620717415907957,0.674972906208184,0.2636457156528854,0.027054179712902707
15979,doctor,SHAP,0.4843459356118124,LIME,0.09248250271503855,0.4843459356118124,0.39186343289677383,0.35,0.11666666666666667
15979,patient,SHAP,0.3930985677214588,Counterfactual,0.005650539032779511,0.3930985677214588,0.35395528552787664,0.3874480286886793,0.31666666666666665
15979,auditor,SHAP,0.5153242548787011,LIME,0.20924740229045635,0.5153242548787011,0.3060768525882448,-0.0611111111111111,6.938893903907228e-18
15979,model_centric,SHAP,0.6441553185983764,LIME,0.09489258619640373,0.6441553185983764,0.5492627324019727,0.0,0.0
12250,doctor,Counterfactual,0.7999999999999999,LIME,0.27794952911145976,0.47802863305703475,0.5220504708885402,0.7999999999999999,0.11666666666666667
12250,patient,Counterfactual,0.6546217623130017,SHAP,0.2165699602766329,0.43805180203636884,0.38712654530787893,0.6546217623130017,0.31666666666666665
12250,auditor,Counterfactual,0.7388888888888889,SHAP,0.19852269653248578,0.5403661923564032,0.5368497628448683,0.7388888888888889,6.938893903907228e-18
12250,model_centric,Counterfactual,1.0,LIME,0.1622711297772481,0.6754577404455038,0.8377288702227519,1.0,0.0
9676,doctor,Rules,0.7348484848484849,SHAP,0.017619310875204075,0.7172291739732808,0.5736612062865762,0.6183616626998301,0.7348484848484849
9676,patient,Rules,0.5681818181818182,SHAP,0.05886601595526486,0.5093158022265534,0.42207831402300267,0.39534977436698127,0.5681818181818182
9676,auditor,Rules,0.7833333333333334,SHAP,0.002539517019158666,0.7807938163141748,0.6282542992950162,0.4692789564764702,0.7833333333333334
9676,model_centric,Rules,1.0,SHAP,0.02400772960728159,0.9759922703927184,0.9519845407854368,0.6629875844844766,1.0
18396,doctor,Counterfactual,0.8006944877761802,SHAP,0.09350209214138061,0.7071923956347996,0.5705376135665312,0.8006944877761802,0.6978853061954087
18396,patient,Counterfactual,0.7891203848142823,Rules,0.12038083830470159,0.5113712046680586,0.4220777612541398,0.7891203848142823,0.6687395465095807
18396,auditor,SHAP,0.7992352351493661,Counterfactual,0.09738326774621853,0.7992352351493661,0.6114953494115476,0.7018519674031476,0.6742979059277046
18396,model_centric,SHAP,0.9990440439367075,Counterfactual,0.05228464023832868,0.9990440439367075,0.9310358534311012,0.9467594036983789,0.8567612712985195
858,doctor,Counterfactual,0.7153248617914186,SHAP,0.041468575680938424,0.6738562861104802,0.5836079990097723,0.7153248617914186,0.11666666666666667
858,patient,Counterfactual,0.6271124350122395,SHAP,0.1609612220671267,0.46615121294511275,0.40037791564840186,0.6271124350122395,0.31666666666666665
858,auditor,SHAP,0.7570807327991018,LIME,0.13333333333333341,0.7570807327991018,0.6237473994657684,0.5811170916722952,6.938893903907228e-18
858,model_centric,SHAP,0.9463509159988772,LIME,0.0,0.9463509159988772,0.9463509159988772,0.8027852534792579,0.0
10885,doctor,SHAP,0.5367498870388667,LIME,0.023885724279929077,0.5367498870388667,0.5128641627589376,0.35,0.39999999999999997
10885,patient,Rules,0.6777777777777777,Counterfactual,0.2899848272268308,0.35381908401677553,0.3546797694690219,0.3877929505509469,0.6777777777777777
10885,auditor,SHAP,0.6666666666666667,LIME,0.13333333333333341,0.6666666666666667,0.5333333333333333,-0.0611111111111111,-0.00555555555555555
10885,model_centric,SHAP,0.8333333333333333,LIME,0.0,0.8333333333333333,0.8333333333333333,0.0,0.0
19845,doctor,Counterfactual,0.7521651300919058,SHAP,0.1312846526288146,0.6208804774630912,0.5483817228369112,0.7521651300919058,0.11666666666666667
19845,patient,Counterfactual,0.7729439322528575,SHAP,0.31477952760199085,0.45816440465086666,0.41539389056502535,0.7729439322528575,0.31666666666666665
19845,auditor,SHAP,0.7024781848367659,LIME,0.11151883140944319,0.7024781848367659,0.5909593534273228,0.5724403469117487,6.938893903907228e-18
19845,model_centric,LIME,0.9053658584508201,SHAP,0.02726812740486262,0.8780977310459575,0.9053658584508201,0.7849948780841303,0.0
13416,doctor,SHAP,0.5079289241365517,Counterfactual,0.15792892413655168,0.5079289241365517,0.3362857343756513,0.35,0.11666666666666667
13416,patient,SHAP,0.42195354953170533,Counterfactual,0.03230747978039922,0.42195354953170533,0.3512758309344193,0.3896460697513061,0.31666666666666665
13416,auditor,SHAP,0.5333333333333333,LIME,0.2666666666666666,0.5333333333333333,0.2666666666666667,-0.0611111111111111,6.938893903907228e-18
13416,model_centric,SHAP,0.6666666666666666,LIME,0.16666666666666663,0.6666666666666666,0.5,0.0,0.0
12026,doctor,Rules,0.85,Counterfactual,0.20610873177792455,0.6205233543795626,0.5583611195385835,0.6438912682220754,0.85
12026,patient,Rules,0.8277777777777777,Counterfactual,0.37568222757895214,0.36481038189783,0.3773898725748949,0.4520955501988256,0.8277777777777777
12026,auditor,Rules,0.7944444444444445,SHAP,0.033123998378513875,0.7613204460659306,0.6279871127325973,0.5307439131849896,0.7944444444444445
12026,model_centric,Rules,1.0,SHAP,0.04834944241758676,0.9516505575824132,0.9516505575824132,0.7398187803701257,1.0
1754,doctor,SHAP,0.5824226727848886,Counterfactual,0.10352541759094258,0.5824226727848886,0.4764568232664423,0.478897255193946,0.11666666666666667
1754,patient,Counterfactual,0.550230758691685,SHAP,0.158973506870759,0.391257251820926,0.37234659113688034,0.550230758691685,0.31666666666666665
1754,auditor,SHAP,0.725563868270868,LIME,0.2409997178491674,0.725563868270868,0.48456415042170065,0.15486431268428638,6.938893903907228e-18
1754,model_centric,SHAP,0.906954835338585,LIME,0.13458298064479257,0.906954835338585,0.7723718546937924,0.26996927974424684,0.0
8792,doctor,SHAP,0.5661890195371623,Rules,0.00010776725707950519,0.5661890195371623,0.411378919416763,0.35,0.5660812522800828
8792,patient,Rules,0.5348925811693844,Counterfactual,0.14650387049989022,0.2990713393161383,0.3321331365030544,0.3883887106694942,0.5348925811693844
8792,auditor,SHAP,0.7960927860049157,Rules,0.28670236356376033,0.7960927860049157,0.3984104001932277,-0.0611111111111111,0.5093904224411554
8792,model_centric,SHAP,0.9951159825061446,LIME,0.3304363155979434,0.9951159825061446,0.6646796669082012,0.0,0.6575713613847775
11385,doctor,Counterfactual,0.6295282478279706,SHAP,0.0005396703359891175,0.6289885774919814,0.5936455221507021,0.6295282478279706,0.3765350757918302
11385,patient,Rules,0.5747180411369593,SHAP,0.0765364854926106,0.49818155564434874,0.4611206360104969,0.47423884271471656,0.5747180411369593
11385,auditor,SHAP,0.7429680112782504,LIME,0.12199745885399338,0.7429680112782504,0.620970552424257,0.5019373876334586,0.5393483550240277
11385,model_centric,LIME,0.9428798571969879,SHAP,0.014169843099175017,0.9287100140978128,0.9428798571969879,0.703810623430712,0.6950187771133678
6497,doctor,SHAP,0.5384312618963544,LIME,0.09318076707068429,0.5384312618963544,0.4452504948256701,0.08333333333333333,0.11666666666666667
6497,patient,LIME,0.36490351483029104,SHAP,0.00016851733463946195,0.3647349974956516,0.36490351483029104,0.2833333333333333,0.31666666666666665
6497,auditor,SHAP,0.6842065378298354,LIME,0.24289220776656695,0.6842065378298354,0.4413143300632685,-0.04999999999999999,6.938893903907228e-18
6497,model_centric,SHAP,0.8552581722872943,LIME,0.13694859304154217,0.8552581722872943,0.7183095792457521,0.0,0.0
20095,doctor,SHAP,0.6747813308305612,Counterfactual,0.029286801773451,0.6747813308305612,0.5429541517749216,0.6454945290571102,0.11666666666666667
20095,patient,Counterfactual,0.604663057489942,SHAP,0.1364214496553111,0.46824160783463087,0.4001380435959022,0.604663057489942,0.31666666666666665
20095,auditor,SHAP,0.8,LIME,0.22062634167532247,0.8,0.5793736583246776,0.4311895246551978,6.938893903907228e-18
20095,model_centric,SHAP,1.0,LIME,0.10911626042748646,1.0,0.8908837395725135,0.6153757947078861,0.0
20847,doctor,Rules,0.85,Counterfactual,0.050153753375122956,0.5980034194719935,0.5421653515023781,0.799846246624877,0.85
20847,patient,Rules,0.8277777777777777,Counterfactual,0.22954869435478809,0.4184698605651708,0.37781830923397747,0.5982290834229896,0.8277777777777777
20847,auditor,Rules,0.7944444444444445,SHAP,0.011985956303902534,0.782458488140542,0.6210942248367157,0.7386838843887251,0.7944444444444445
20847,model_centric,Rules,1.0,Counterfactual,0.0002562556252048154,0.9780731101756774,0.9430344477125612,0.9997437443747952,1.0
13393,doctor,Counterfactual,0.7993782152650252,LIME,0.15079772468910735,0.4772665976476274,0.6485804905759178,0.7993782152650252,0.11666666666666667
13393,patient,Counterfactual,0.560562736069793,LIME,0.12144500644863959,0.3683903716655861,0.4391177296211534,0.560562736069793,0.31666666666666665
13393,auditor,Counterfactual,0.7380598425755892,LIME,0.07249780783413451,0.5341177099990944,0.6655620347414547,0.7380598425755892,6.938893903907228e-18
13393,model_centric,Counterfactual,0.9989636921083753,LIME,0.000344482014890346,0.667647137498868,0.998619210093485,0.9989636921083753,0.0
3418,doctor,SHAP,0.45391294799588455,LIME,0.06568683654707391,0.45391294799588455,0.38822611144881064,0.35,0.11666666666666667
3418,patient,SHAP,0.3875762318687694,Counterfactual,0.0013178115678241231,0.3875762318687694,0.3833927202214964,0.38625842030094526,0.31666666666666665
3418,auditor,SHAP,0.5770343409059233,LIME,0.21574488956611215,0.5770343409059233,0.36128945133981116,-0.0611111111111111,6.938893903907228e-18
3418,model_centric,SHAP,0.7212929261324041,LIME,0.10301444529097359,0.7212929261324041,0.6182784808414306,0.0,0.0
94,doctor,SHAP,0.5287658047912522,LIME,0.23702525466337926,0.5287658047912522,0.291740550127873,0.08333333333333333,0.11666666666666667
94,patient,SHAP,0.4192420919267571,LIME,0.0686345314634747,0.4192420919267571,0.3506075604632824,0.2833333333333333,0.31666666666666665
94,auditor,SHAP,0.6444685509691086,LIME,0.48089643693696194,0.6444685509691086,0.1635721140321467,-0.04999999999999999,6.938893903907228e-18
94,model_centric,SHAP,0.8055856887113857,LIME,0.4344538795045357,0.8055856887113857,0.37113180920685,0.0,0.0
16804,doctor,Rules,0.5499999999999999,Counterfactual,0.06951667343866097,0.38651183714584925,0.386815225324703,0.48048332656133896,0.5499999999999999
16804,patient,Counterfactual,0.46465814466741423,Rules,0.03688036688963647,0.350438939671908,0.35171346684942645,0.46465814466741423,0.42777777777777776
16804,auditor,Rules,0.7944444444444445,SHAP,0.26520449954896175,0.5292399448954828,0.4000000000000001,0.4156414388621027,0.7944444444444445
16804,model_centric,Rules,1.0,LIME,0.33333333333333326,0.6615499311193535,0.6666666666666667,0.6028851319109616,1.0
12553,doctor,SHAP,0.6746918479371578,LIME,0.05017095742671507,0.6746918479371578,0.6245208905104427,0.45623236035127473,0.34960674480059173
12553,patient,Counterfactual,0.6742996756726471,Rules,0.15141488772324352,0.3063819551140346,0.3930620247646114,0.6742996756726471,0.5228847879494036
12553,auditor,SHAP,0.8,LIME,0.13526402400211834,0.8,0.6647359759978817,0.09010966217836497,0.1911566397653095
12553,model_centric,SHAP,1.0,LIME,0.0024133633359813,1.0,0.9975866366640187,0.18208152216740064,0.2597791330399702
15108,doctor,SHAP,0.6013473646722937,Rules,0.012234163234883244,0.6013473646722937,0.4885735017173872,0.36666666666666664,0.5891132014374104
15108,patient,Counterfactual,0.6444444444444444,Rules,0.24172417094943455,0.24090638570793374,0.3344059496684427,0.6444444444444444,0.40272027349500983
15108,auditor,SHAP,0.7785819883866704,Rules,0.01387764462594454,0.7785819883866704,0.48484383997803215,-0.055555555555555546,0.7647043437607258
15108,model_centric,Rules,0.9767137630342404,SHAP,0.0034862775509024724,0.9732274854833379,0.7727214666392068,0.0,0.9767137630342404
4649,doctor,SHAP,0.6680370422161657,LIME,0.10200503659581162,0.6680370422161657,0.566032005620354,0.4835557893736381,0.11666666666666667
4649,patient,Counterfactual,0.5152071004168038,SHAP,0.08053772689003752,0.4346693735267663,0.4093711508769423,0.5152071004168038,0.31666666666666665
4649,auditor,SHAP,0.7924032997839279,LIME,0.23777877756523025,0.7924032997839279,0.5546245222186976,0.3500345272311888,6.938893903907228e-18
4649,model_centric,SHAP,0.9905041247299098,LIME,0.13055680528987113,0.9905041247299098,0.8599473194400387,0.5208764923723193,0.0
9333,doctor,Rules,0.8127287566921051,Counterfactual,0.10046505829427921,0.6238346186253847,0.4485585721412849,0.7122636983978259,0.8127287566921051
9333,patient,Rules,0.8153540300084795,Counterfactual,0.24362921030200446,0.4151292141975058,0.30458029065743897,0.571724819706475,0.8153540300084795
9333,auditor,SHAP,0.8,Rules,0.10494553770994186,0.8,0.4679303723989606,0.5722121623421303,0.6950544622900582
9333,model_centric,SHAP,1.0,Rules,0.12423747769298288,1.0,0.7515796321653674,0.7916540918165518,0.8757625223070171
9496,doctor,SHAP,0.4898267212753039,LIME,0.06579858835469188,0.4898267212753039,0.42402813292061203,0.36666666666666664,0.39999999999999997
9496,patient,Rules,0.6777777777777777,Counterfactual,0.033333333333333326,0.3787576653999704,0.35835449562412897,0.6444444444444444,0.6777777777777777
9496,auditor,SHAP,0.5329135385912079,LIME,0.13521944050586993,0.5329135385912079,0.397694098085338,-0.055555555555555546,-0.00555555555555555
9496,model_centric,SHAP,0.6661419232390099,LIME,0.002357633965670791,0.6661419232390099,0.6637842892733391,0.0,0.0
11118,doctor,Rules,0.7333333333333333,Counterfactual,0.1951249538598726,0.44691602318571944,0.5059661394179009,0.5382083794734607,0.7333333333333333
11118,patient,Rules,0.6555555555555556,Counterfactual,0.235994434657901,0.3042373967907927,0.34706612167546724,0.41956112089765457,0.6555555555555556
11118,auditor,Rules,0.788888888888889,SHAP,0.18352058849170216,0.6053683003971868,0.5915637260816492,0.3029408848801261,0.788888888888889
11118,model_centric,Rules,1.0,LIME,0.09387867573127184,0.7567103754964835,0.9061213242687282,0.45506499498904646,1.0
15755,doctor,Counterfactual,0.7999999999999999,LIME,0.2710441523815057,0.5254605923797577,0.5289558476184942,0.7999999999999999,0.11666666666666667
15755,patient,Counterfactual,0.6524384466991061,LIME,0.23068170358792411,0.41305020426933714,0.421756743111182,0.6524384466991061,0.31666666666666665
15755,auditor,Counterfactual,0.7388888888888889,SHAP,0.11102305596441264,0.6278658329244763,0.5153313892170711,0.7388888888888889,6.938893903907228e-18
15755,model_centric,Counterfactual,1.0,LIME,0.18916909681199456,0.7848322911555954,0.8108309031880054,1.0,0.0
11116,doctor,SHAP,0.6222319478697285,Counterfactual,0.11999861509936627,0.6222319478697285,0.49884729588600707,0.5022333327703622,0.11666666666666667
11116,patient,Counterfactual,0.560131757651441,SHAP,0.17183910044932643,0.38829265720211453,0.3774341324730768,0.560131757651441,0.31666666666666665
11116,auditor,SHAP,0.7542427327571067,LIME,0.24405159913019736,0.7542427327571067,0.5101911336269094,0.19935302825964754,6.938893903907228e-18
11116,model_centric,SHAP,0.9428034159463834,LIME,0.13839783224608015,0.9428034159463834,0.8044055837003032,0.3255801742134483,0.0
5435,doctor,SHAP,0.5864785092024262,LIME,0.1668393777462941,0.5864785092024262,0.4196391314561321,0.35,0.11666666666666667
5435,patient,Counterfactual,0.4852004450581464,LIME,0.14010582427993135,0.33200821579086937,0.34509462077821507,0.4852004450581464,0.31666666666666665
5435,auditor,SHAP,0.7968479027338281,LIME,0.39789860182255204,0.7968479027338281,0.39894930091127606,-0.0611111111111111,6.938893903907228e-18
5435,model_centric,SHAP,0.996059878417285,LIME,0.33070658561152333,0.996059878417285,0.6653532928057617,0.0,0.0
2274,doctor,Counterfactual,0.775758644358691,SHAP,0.09166077561187747,0.6840978687468136,0.5381201180737997,0.775758644358691,0.5951594130015999
2274,patient,Counterfactual,0.7808084370084526,Rules,0.19035847394442718,0.49898188266430143,0.46324050661619814,0.7808084370084526,0.5904499630640254
2274,auditor,SHAP,0.7686360340769164,Counterfactual,0.1332796491204068,0.7686360340769164,0.5840105498828273,0.6353563849565096,0.5253749443667455
2274,model_centric,SHAP,0.9607950425961455,LIME,0.06411518857594467,0.9607950425961455,0.8966798540202008,0.8636399256400813,0.6775520137917651
14409,doctor,Rules,0.4296954141603223,SHAP,0.0317755846415359,0.3979198295187864,0.24288020006062336,0.3672607364635387,0.4296954141603223
14409,patient,Rules,0.6876762491645518,Counterfactual,0.3039670526652645,0.36352716955611786,0.2232994218363991,0.3837091964992873,0.6876762491645518
14409,auditor,SHAP,0.468770565996571,Rules,0.41985354812669906,0.468770565996571,-0.01633046086903661,-0.023218107948061735,0.048917017869871945
14409,model_centric,SHAP,0.5859632074957137,LIME,0.4397096169153428,0.5859632074957137,0.14625359058037088,0.04736625395381171,0.06809071678178437
16186,doctor,SHAP,0.45624551565739646,LIME,0.01877431236185606,0.45624551565739646,0.4374712032955404,0.24679187069087227,0.39999999999999997
16186,patient,Rules,0.6777777777777777,Counterfactual,0.2352351365566055,0.35138505077368504,0.3522842637643216,0.4425426412211722,0.6777777777777777
16186,auditor,SHAP,0.5664790063270637,LIME,0.1664790063270637,0.5664790063270637,0.4,-0.003327529394518315,-0.00555555555555555
16186,model_centric,SHAP,0.7080987579088296,LIME,0.04143209124216296,0.7080987579088296,0.6666666666666666,0.07917392159018542,0.0
18430,doctor,Rules,0.7333333333333333,Counterfactual,0.18330344950328326,0.42374999813329195,0.5099109811056084,0.55002988383005,0.7333333333333333
18430,patient,Rules,0.6555555555555556,Counterfactual,0.23166318972534622,0.33172680966404783,0.3567526814405706,0.42389236583020934,0.6555555555555556
18430,auditor,Rules,0.788888888888889,SHAP,0.18658106940772456,0.6023078194811644,0.5949313347002141,0.33140295230364114,0.788888888888889
18430,model_centric,Rules,1.0,LIME,0.08966916495806576,0.7528847743514555,0.9103308350419342,0.4906425792684403,1.0
11797,doctor,SHAP,0.47623164871552764,LIME,0.0445981129164455,0.47623164871552764,0.43163353579908215,0.35,0.11666666666666667
11797,patient,Counterfactual,0.38784529048696054,SHAP,0.014609078534963182,0.37323621195199735,0.3614082676003991,0.38784529048696054,0.31666666666666665
11797,auditor,SHAP,0.5333333333333333,LIME,0.1333333333333333,0.5333333333333333,0.4,-0.0611111111111111,6.938893903907228e-18
11797,model_centric,SHAP,0.6666666666666666,LIME,0.0,0.6666666666666666,0.6666666666666666,0.0,0.0
3670,doctor,SHAP,0.7186290625563095,Counterfactual,0.01966438111004709,0.7186290625563095,0.5606414403288066,0.6989646814462624,0.582309902642246
3670,patient,Counterfactual,0.7552104493709764,Rules,0.1566627040457832,0.39937053773133063,0.3075432296999936,0.7552104493709764,0.5985477453251932
3670,auditor,SHAP,0.8,LIME,0.1817457012600736,0.8,0.6182542987399264,0.4305724838567001,0.5400399934750204
3670,model_centric,SHAP,1.0,LIME,0.06051545990842544,1.0,0.9394845400915746,0.6076600492653196,0.7028277696215532
3715,doctor,SHAP,0.5734773776986364,LIME,0.15567631667465742,0.5734773776986364,0.41780106102397896,0.35,0.39999999999999997
3715,patient,Rules,0.6777777777777777,SHAP,0.22786217353642324,0.44991560424135446,0.368547533811972,0.38614997115330213,0.6777777777777777
3715,auditor,SHAP,0.6666666666666667,LIME,0.2666666666666667,0.6666666666666667,0.4,-0.0611111111111111,-0.00555555555555555
3715,model_centric,SHAP,0.8333333333333333,LIME,0.16666666666666663,0.8333333333333333,0.6666666666666666,0.0,0.0
3916,doctor,SHAP,0.5022840294533547,Rules,0.10228402945335474,0.5022840294533547,0.39979863035000196,0.35,0.39999999999999997
3916,patient,Rules,0.6777777777777777,Counterfactual,0.28849553217701035,0.34092649373810485,0.33916126363560034,0.38928224560076735,0.6777777777777777
3916,auditor,SHAP,0.6354153009017045,LIME,0.2510409837841856,0.6354153009017045,0.3843743171175189,-0.0611111111111111,-0.00555555555555555
3916,model_centric,SHAP,0.7942691261271305,LIME,0.14713456306356532,0.7942691261271305,0.6471345630635652,0.0,0.0
19369,doctor,SHAP,0.6536636738640943,LIME,0.12321691530080758,0.6536636738640943,0.5304467585632867,0.08333333333333333,0.11666666666666667
19369,patient,SHAP,0.43773206321163144,LIME,0.02125146476850609,0.43773206321163144,0.41648059844312535,0.2833333333333333,0.31666666666666665
19369,auditor,SHAP,0.7834319863905063,LIME,0.21467041200180637,0.7834319863905063,0.5687615743886999,-0.04999999999999999,6.938893903907228e-18
19369,model_centric,SHAP,0.9792899829881327,LIME,0.10167134833559122,0.9792899829881327,0.8776186346525415,0.0,0.0
17532,doctor,Rules,0.8159959622139976,Counterfactual,0.07447293918360887,0.5924964880777975,0.4409276372296332,0.7415230230303888,0.8159959622139976
17532,patient,Counterfactual,0.7693965632323518,Rules,0.11962013138324157,0.39872937540868364,0.4323470668586327,0.7693965632323518,0.6497764318491103
17532,auditor,SHAP,0.7706278554666854,Rules,0.02797195622935833,0.7706278554666854,0.5523278471402983,0.5440613947477033,0.7426558992373271
17532,model_centric,SHAP,0.9632848193333567,Rules,0.021076056397809073,0.9632848193333567,0.8570764755920395,0.7495211878790736,0.9422087629355477
10679,doctor,Counterfactual,0.7286206932214737,SHAP,0.18641715157793037,0.5422035416435433,0.5113329417999776,0.7286206932214737,0.11666666666666667
10679,patient,Counterfactual,0.7650957866293802,LIME,0.2938447283807375,0.3691465090237382,0.47125105824864266,0.7650957866293802,0.31666666666666665
10679,auditor,Counterfactual,0.6270498131841873,SHAP,0.021217163709452036,0.6058326494747353,0.5795516241216149,0.6270498131841873,6.938893903907228e-18
10679,model_centric,LIME,0.8911061968186853,Counterfactual,0.03784948589400683,0.7572908118434191,0.8911061968186853,0.8532567109246785,0.0
16729,doctor,Counterfactual,0.6369026436749862,LIME,0.090435496466435,0.5200744334633512,0.5464671472085512,0.6369026436749862,0.11666666666666667
16729,patient,Counterfactual,0.7354547740873233,LIME,0.2894350302327863,0.37375520521448236,0.446019743854537,0.7354547740873233,0.31666666666666665
16729,auditor,Counterfactual,0.65848576301596,SHAP,0.09117027116760967,0.5673154918483503,0.5660840180828277,0.65848576301596,6.938893903907228e-18
16729,model_centric,Counterfactual,0.8994960926588388,LIME,0.02522440338863763,0.7091443648104379,0.8742716892702012,0.8994960926588388,0.0
12555,doctor,Rules,0.7355268259482521,SHAP,0.263455243304635,0.47207158264361715,0.28653336783957134,0.08333333333333333,0.7355268259482521
12555,patient,Rules,0.7896200530938619,SHAP,0.45937997559748694,0.3302400774963749,0.30484990071016216,0.2833333333333333,0.7896200530938619
12555,auditor,Rules,0.6418135457087807,SHAP,0.1014202619262855,0.5403932837824952,-0.012631550716839272,-0.04999999999999999,0.6418135457087807
12555,model_centric,Rules,0.8092113765804203,SHAP,0.13371977185230133,0.675491604728119,0.15087722827061756,0.0,0.8092113765804203
16258,doctor,Counterfactual,0.7642948518301822,SHAP,0.08228798983570174,0.6820068619944805,0.5862899142338102,0.7642948518301822,0.6072959931984784
16258,patient,Counterfactual,0.7769871728322829,Rules,0.06344406398834568,0.5270874672482023,0.5124741472732031,0.7769871728322829,0.7135431088439372
16258,auditor,SHAP,0.8,LIME,0.15664260130472907,0.8,0.643357398695271,0.6047862715471527,0.41767668226043647
16258,model_centric,SHAP,1.0,LIME,0.02913658496424465,1.0,0.9708634150357554,0.8254272838783853,0.5359847417144344
13341,doctor,Counterfactual,0.7504505406265389,Rules,0.015747152706115153,0.6777953736270852,0.5634915696983065,0.7504505406265389,0.7347033879204238
13341,patient,Counterfactual,0.6461881905365032,Rules,0.07805473799737206,0.44668508232069737,0.39223292435906326,0.6461881905365032,0.5681334525391312
13341,auditor,Rules,0.7830263379082828,SHAP,0.02761389256042679,0.755412445347856,0.558633034380342,0.6410999042405172,0.7830263379082828
13341,model_centric,Rules,0.9996162557186867,SHAP,0.0553506990338668,0.9442655566848199,0.8649579596420941,0.8777637691895352,0.9996162557186867
735,doctor,Rules,0.85,Counterfactual,0.07831042115969744,0.3774779321728228,0.4812685456468633,0.7716895788403025,0.85
735,patient,Rules,0.8277777777777777,Counterfactual,0.18719793559637732,0.27113093133686417,0.34950620931816345,0.6405798421814004,0.8277777777777777
735,auditor,Rules,0.7944444444444445,Counterfactual,0.09330278376848555,0.5197762140868634,0.543973793520074,0.701141660675959,0.7944444444444445
735,model_centric,Rules,1.0,Counterfactual,0.04718403526616244,0.6497202676085791,0.8466339085667591,0.9528159647338376,1.0
8331,doctor,Rules,0.6080082590046809,SHAP,0.02115141479540661,0.5868568442092743,0.3922215579567566,0.35,0.6080082590046809
8331,patient,Rules,0.4887805307793381,Counterfactual,0.09765912416474576,0.3365841686715064,0.3391094695558081,0.3911214066145923,0.4887805307793381
8331,auditor,SHAP,0.7994222987444489,Rules,0.010966842293763213,0.7994222987444489,0.39131133968216775,-0.0611111111111111,0.7884554564506857
8331,model_centric,Rules,0.999458209452246,SHAP,0.00018033602168487928,0.9992778734305611,0.6558058412693764,0.0,0.999458209452246
4224,doctor,SHAP,0.5652443975570202,LIME,0.16073896627230017,0.5652443975570202,0.40450543128472,0.28228293119218384,0.39999999999999997
4224,patient,Rules,0.6777777777777777,Counterfactual,0.04903990755348897,0.3408502984843738,0.3644749128460357,0.6287378702242887,0.6777777777777777
4224,auditor,SHAP,0.766605949156795,LIME,0.366605949156795,0.766605949156795,0.4,0.08462008743152805,-0.00555555555555555
4224,model_centric,SHAP,0.9582574364459937,LIME,0.2915907697793271,0.9582574364459937,0.6666666666666666,0.18216399817829892,0.0
14993,doctor,SHAP,0.5786401897152361,Rules,0.17864018971523615,0.5786401897152361,0.32504351398826825,0.35,0.39999999999999997
14993,patient,Rules,0.6777777777777777,Counterfactual,0.16523557865400573,0.45904841393622053,0.3258276063004874,0.512542199123772,0.6777777777777777
14993,auditor,SHAP,0.6666666666666667,LIME,0.4,0.6666666666666667,0.2666666666666667,-0.0611111111111111,-0.00555555555555555
14993,model_centric,SHAP,0.8333333333333333,LIME,0.33333333333333326,0.8333333333333333,0.5,0.0,0.0
6678,doctor,SHAP,0.7002243812067348,Rules,0.027562815548330732,0.7002243812067348,0.5521588472132951,0.08333333333333333,0.6726615656584041
6678,patient,Rules,0.6201801178457307,SHAP,0.1181810085509345,0.5019991092947962,0.4698241924651855,0.2833333333333333,0.6201801178457307
6678,auditor,SHAP,0.765768433972354,Rules,0.10197797619026028,0.765768433972354,0.6288409104213306,-0.04999999999999999,0.6637904577820937
6678,model_centric,SHAP,0.9572105424654423,LIME,0.004492737772112454,0.9572105424654423,0.9527178046933299,0.0,0.8505714055609503
15546,doctor,SHAP,0.4120674792220632,Rules,0.012067479222063249,0.4120674792220632,0.16234393228111693,0.35,0.39999999999999997
15546,patient,Rules,0.6777777777777777,Counterfactual,0.16734574297741045,0.37472418453570316,0.27817802736835456,0.5104320348003673,0.6777777777777777
15546,auditor,SHAP,0.4,Rules,0.40555555555555556,0.4,-0.13333333333333333,-0.0611111111111111,-0.00555555555555555
15546,model_centric,SHAP,0.5,LIME,0.5,0.5,0.0,0.0,0.0
18333,doctor,SHAP,0.494337939012916,LIME,0.10644330660282014,0.494337939012916,0.38789463241009586,0.35,0.11666666666666667
18333,patient,Counterfactual,0.4779209583306043,SHAP,0.10227365002680416,0.3756473083038001,0.36059410445517864,0.4779209583306043,0.31666666666666665
18333,auditor,SHAP,0.6414350869916561,LIME,0.31249103259610156,0.6414350869916561,0.3289440543955545,-0.0611111111111111,6.938893903907228e-18
18333,model_centric,SHAP,0.8017938587395701,LIME,0.2239471240784604,0.8017938587395701,0.5778467346611097,0.0,0.0
16313,doctor,Rules,0.7030332124487368,Counterfactual,0.05305599105049719,0.6474315172823878,0.5810061923172612,0.6499772213982397,0.7030332124487368
16313,patient,Rules,0.5858063924536726,Counterfactual,0.09725386830501648,0.45080349497943045,0.37766539163579826,0.48855252414865613,0.5858063924536726
16313,auditor,SHAP,0.7327818946918536,Rules,0.016831947999941033,0.7327818946918536,0.6328518394370329,0.5388585174198752,0.7159499466919126
16313,model_centric,LIME,0.9577314659629578,SHAP,0.04175409759814075,0.915977368364817,0.9577314659629578,0.7499620356637329,0.915770766698224
15594,doctor,SHAP,0.5352268566586121,Rules,0.13522685665861217,0.5352268566586121,0.39551952053280737,0.35,0.39999999999999997
15594,patient,Rules,0.6777777777777777,Counterfactual,0.20694127274716984,0.3733554500438936,0.36073159999653137,0.47083650503060787,0.6777777777777777
15594,auditor,SHAP,0.6476572090461026,LIME,0.2571619378563846,0.6476572090461026,0.390495271189718,-0.0611111111111111,-0.00555555555555555
15594,model_centric,SHAP,0.8095715113076282,LIME,0.15478575565381403,0.8095715113076282,0.6547857556538141,0.0,0.0
5701,doctor,SHAP,0.4828438466011643,LIME,0.06711799083218745,0.4828438466011643,0.41572585576897686,0.35,0.11666666666666667
5701,patient,Counterfactual,0.5135332492756582,SHAP,0.11880655508116472,0.3947266941944935,0.3493594612340355,0.5135332492756582,0.31666666666666665
5701,auditor,SHAP,0.5127616905740269,LIME,0.1393926239906913,0.5127616905740269,0.3733690665833356,-0.0611111111111111,6.938893903907228e-18
5701,model_centric,SHAP,0.6409521132175335,LIME,0.00757411332169744,0.6409521132175335,0.6333779998958361,0.0,0.0
16331,doctor,SHAP,0.5701944893622506,LIME,0.17350515242131131,0.5701944893622506,0.3966893369409393,0.35,0.31212121212121213
16331,patient,Counterfactual,0.3855037803067673,Rules,0.003685598488585462,0.3035763668249894,0.3377300988663457,0.3855037803067673,0.38181818181818183
16331,auditor,SHAP,0.7958522928215641,LIME,0.39753963631305966,0.7958522928215641,0.39831265650850445,-0.0611111111111111,-0.016666666666666656
16331,model_centric,SHAP,0.9948153660269551,LIME,0.33025787872465784,0.9948153660269551,0.6645574873022972,0.0,0.0
6130,doctor,Counterfactual,0.7385880466153809,SHAP,0.07043121314870482,0.6681568334666761,0.506071555663146,0.7385880466153809,0.6180208941632805
6130,patient,Counterfactual,0.7684182377606825,Rules,0.1482698588981748,0.4808561458613916,0.32955717799763534,0.7684182377606825,0.6201483788625077
6130,auditor,SHAP,0.8,Rules,0.1540777668957798,0.8,0.5902895259225042,0.5362347909743492,0.6459222331042203
6130,model_centric,SHAP,1.0,LIME,0.09547142593020319,1.0,0.9045285740697968,0.7397379331623809,0.8282361247136085
12204,doctor,Rules,0.7494432486213047,SHAP,0.042083914017586044,0.7073593346037187,0.6425728561257393,0.6941973802074699,0.7494432486213047
12204,patient,Counterfactual,0.7536213489580456,Rules,0.15760810234158718,0.4256782805373133,0.4297682027303509,0.7536213489580456,0.5960132466164584
12204,auditor,SHAP,0.7948957690540028,Rules,0.06450909436795016,0.7948957690540028,0.6615624357206695,0.4178596805532532,0.7303866746860527
12204,model_centric,SHAP,0.9936197113175036,LIME,0.0,0.9936197113175036,0.9936197113175036,0.5917690451360109,0.9338166766908991
1611,doctor,Rules,0.7339928186461321,SHAP,0.014233502847201818,0.7197593157989303,0.509028362838163,0.6229803468496758,0.7339928186461321
1611,patient,Rules,0.5678965961143674,LIME,0.05720011530826985,0.5083122423458976,0.5106964808060975,0.48967070907653865,0.5678965961143674
1611,auditor,SHAP,0.7865163046701873,Rules,0.005464747876461007,0.7865163046701873,0.5362058780698995,0.46603306362171515,0.7810515567937263
1611,model_centric,Rules,0.997147779325491,SHAP,0.014002398487756862,0.9831453808377342,0.8369240142540411,0.6589302184160328,0.997147779325491
17231,doctor,SHAP,0.5938278456822168,Rules,0.04400364409843205,0.5938278456822168,0.4049135805083402,0.35,0.5498242015837848
17231,patient,Rules,0.427719178305706,Counterfactual,0.04571052420087607,0.33122922870189864,0.3286538628607694,0.3820086541048299,0.427719178305706
17231,auditor,SHAP,0.7994098128854901,Rules,0.005434164217619553,0.7994098128854901,0.39980327096183,-0.0611111111111111,0.7939756486678705
17231,model_centric,Rules,0.9994140052792826,SHAP,0.00015173917242017332,0.9992622661068624,0.6664207553689541,0.0,0.9994140052792826
20422,doctor,Rules,0.7947515580126548,LIME,0.3305843111063249,0.45535271867964044,0.46416724690632993,0.4075909554492347,0.7947515580126548
20422,patient,Rules,0.8093616304486627,Counterfactual,0.27659553151307126,0.3901139326767587,0.3953108812833544,0.5327660989355915,0.8093616304486627
20422,auditor,Rules,0.6471152658115242,SHAP,0.02326022388276261,0.6238550419287616,0.41352352416401883,0.27072836422395785,0.6471152658115242
20422,model_centric,Rules,0.8158385267088497,SHAP,0.03601972429789768,0.779818802410952,0.6835710718716902,0.42174378861328066,0.8158385267088497
16950,doctor,Rules,0.8250110891777164,Counterfactual,0.08703896018264434,0.4808085273315549,0.47867190245162633,0.737972128995072,0.8250110891777164
16950,patient,Counterfactual,0.7682129318872462,Rules,0.11543145771689622,0.4070383987058934,0.4178115726909988,0.7682129318872462,0.6527814741703499
16950,auditor,Rules,0.7666962378072438,SHAP,0.07637470629036425,0.6903215315168796,0.5920852311669312,0.5345923439868587,0.7666962378072438
16950,model_centric,Rules,0.9722591861479437,LIME,0.06548598052261301,0.8629019143960994,0.9067732056253307,0.7376848744280178,0.9722591861479437
17474,doctor,Counterfactual,0.7929649386550063,SHAP,0.07161147354234976,0.7213534651126565,0.6430191463472555,0.7929649386550063,0.11666666666666667
17474,patient,Counterfactual,0.5551458045801273,SHAP,0.05758575428000834,0.49756005030011896,0.45368553204600975,0.5551458045801273,0.31666666666666665
17474,auditor,SHAP,0.7895101574872245,Counterfactual,0.06146213015596924,0.7895101574872245,0.6532552646252738,0.7280480273312553,6.938893903907228e-18
17474,model_centric,SHAP,0.9868876968590305,Counterfactual,0.00043877380607248995,0.9868876968590305,0.9832357474482589,0.9864489230529581,0.0
18508,doctor,SHAP,0.5873999114206906,Counterfactual,0.029189941302842026,0.5873999114206906,0.4555896762954335,0.5582099701178486,0.11666666666666667
18508,patient,Counterfactual,0.5941328304372004,SHAP,0.13675003948941994,0.4573827909477805,0.3696112448275988,0.5941328304372004,0.31666666666666665
18508,auditor,SHAP,0.7651739122326912,Counterfactual,0.30750920603615245,0.7651739122326912,0.4260668255300105,0.4576647061965387,6.938893903907228e-18
18508,model_centric,SHAP,0.9564673902908639,LIME,0.2572171917116842,0.9564673902908639,0.6992501985791797,0.6554142160790066,0.0
16611,doctor,Counterfactual,0.7495020931181879,SHAP,0.06678040647468841,0.6827216866434995,0.538301397114832,0.7495020931181879,0.66288141357931
16611,patient,Counterfactual,0.7720562532616182,Rules,0.01998467095740375,0.5069315736664135,0.41137608722194785,0.7720562532616182,0.7520715823042144
16611,auditor,SHAP,0.8,Counterfactual,0.2346610850181653,0.8,0.5575262223219417,0.5653389149818348,0.5520668978188862
16611,model_centric,SHAP,1.0,LIME,0.13642555543090618,1.0,0.8635744445690938,0.7761180881717378,0.7039725111624966
12491,doctor,SHAP,0.5026686506326101,Rules,0.050064281496530916,0.5026686506326101,0.25765915525705246,0.36666666666666664,0.4526043691360792
12491,patient,Rules,0.6953125674898042,Counterfactual,0.050868123045359814,0.38434095165053284,0.40011700640980474,0.6444444444444444,0.6953125674898042
12491,auditor,SHAP,0.6217309750634767,Rules,0.2929565287816055,0.6217309750634767,0.13750198989394327,-0.055555555555555546,0.32877444628187125
12491,model_centric,SHAP,0.7771637188293459,Rules,0.352306772088118,0.7771637188293459,0.3385441540340957,0.0,0.42485694674122787
16419,doctor,Counterfactual,0.8139160764650856,Rules,0.08053250826361003,0.6839884652570296,0.6028650785925488,0.8139160764650856,0.7333835682014755
16419,patient,Counterfactual,0.7935275810439174,Rules,0.1129552805323144,0.5216649966421155,0.4451985411868935,0.7935275810439174,0.680572300511603
16419,auditor,SHAP,0.7877409935655545,Rules,0.035785911787917124,0.7877409935655545,0.6467739457515259,0.7371095372402284,0.7519550817776374
16419,model_centric,Counterfactual,0.9908313659947299,SHAP,0.006155124037786841,0.984676241956943,0.975134098856074,0.9908313659947299,0.9538327411109355
8107,doctor,Counterfactual,0.8166666666666667,SHAP,0.10340534844629823,0.7132613182203684,0.5378085913429871,0.8166666666666667,0.6653667123047693
8107,patient,Counterfactual,0.7944444444444444,Rules,0.12119355203876103,0.5150455731927726,0.38781100487753806,0.7944444444444444,0.6732508924056834
8107,auditor,SHAP,0.7880907676751513,Counterfactual,0.04364632323070683,0.7880907676751513,0.6307747898890427,0.7444444444444445,0.710495507251161
8107,model_centric,Counterfactual,1.0,SHAP,0.014886540406060966,0.985113459593939,0.95513515402797,1.0,0.9089527173972844
13103,doctor,SHAP,0.47839277748600906,LIME,0.07042884293360197,0.47839277748600906,0.4079639345524071,0.35,0.11666666666666667
13103,patient,Counterfactual,0.47922000446034935,SHAP,0.11387946467891924,0.3653405397814301,0.3408045959722811,0.47922000446034935,0.31666666666666665
13103,auditor,SHAP,0.5279577486029879,LIME,0.15704546497203442,0.5279577486029879,0.3709122836309535,-0.0611111111111111,6.938893903907228e-18
13103,model_centric,SHAP,0.6599471857537349,LIME,0.02964016454837637,0.6599471857537349,0.6303070212053585,0.0,0.0
17661,doctor,Rules,0.8251060763220196,SHAP,0.13800385079192656,0.687102225530093,0.4953390300309011,0.4394576132111678,0.8251060763220196
17661,patient,Counterfactual,0.6874299148183023,Rules,0.03461677826651799,0.43547495380306034,0.5021873550858161,0.6874299148183023,0.6528131365517843
17661,auditor,SHAP,0.792194488664365,Rules,0.02524495180564601,0.792194488664365,0.5073085989152939,0.4162364275272766,0.766949536858719
17661,model_centric,SHAP,0.9902431108304562,Rules,0.0176673008681687,0.9902431108304562,0.800802415310784,0.5966844232979845,0.9725758099622875
5282,doctor,SHAP,0.5759242503190192,LIME,0.18733018853298933,0.5759242503190192,0.38859406178602984,0.35,0.11666666666666667
5282,patient,Counterfactual,0.4857993981101456,SHAP,0.14470646736651166,0.34109293074363395,0.33855301963818707,0.4857993981101456,0.31666666666666665
5282,auditor,SHAP,0.7667341310176954,LIME,0.4191811330044038,0.7667341310176954,0.3475529980132916,-0.0611111111111111,6.938893903907228e-18
5282,model_centric,SHAP,0.9584176637721191,LIME,0.357309749588838,0.9584176637721191,0.6011079141832811,0.0,0.0
8935,doctor,Counterfactual,0.47396627035311234,SHAP,0.007954951437397662,0.4660113189157147,0.3210603377758531,0.47396627035311234,0.39999999999999997
8935,patient,Rules,0.6777777777777777,Counterfactual,0.10004459280455746,0.36933626705957423,0.40271096056078054,0.5777331849732202,0.6777777777777777
8935,auditor,SHAP,0.5828020467234216,Counterfactual,0.10392014704296271,0.5828020467234216,0.10871007065645949,0.4788818996804589,-0.00555555555555555
8935,model_centric,SHAP,0.728502558404277,Counterfactual,0.046566850470370014,0.728502558404277,0.30255425498724103,0.681935707933907,0.0
13154,doctor,SHAP,0.5271714862805421,Counterfactual,0.2648422915986316,0.5271714862805421,0.21807106454294467,0.2623291946819105,0.11666666666666667
13154,patient,Counterfactual,0.5240943456985075,SHAP,0.15290598540156797,0.3711883602969396,0.3295281489448603,0.5240943456985075,0.31666666666666665
13154,auditor,SHAP,0.6601236486049087,Counterfactual,0.6043527672576076,0.6601236486049087,-0.045991771811342556,0.05577088134730115,6.938893903907228e-18
13154,model_centric,SHAP,0.8251545607561357,Counterfactual,0.672107625738676,0.8251545607561357,0.10917695190248845,0.15304693501745975,0.0
9406,doctor,SHAP,0.595498028934179,LIME,0.1181821939596685,0.595498028934179,0.4773158349745105,0.472990401665196,0.11666666666666667
9406,patient,Counterfactual,0.5492323673662453,SHAP,0.12121345633690672,0.42801891102933853,0.377545626057555,0.5492323673662453,0.31666666666666665
9406,auditor,SHAP,0.7785335490022876,LIME,0.2908740206171956,0.7785335490022876,0.48765952838509197,0.2855738979418966,6.938893903907228e-18
9406,model_centric,SHAP,0.9731669362528594,LIME,0.19692585910482796,0.9731669362528594,0.7762410771480315,0.440300705760704,0.0
14065,doctor,SHAP,0.6440907878317784,Counterfactual,0.03146084623994139,0.6440907878317784,0.5358490863770268,0.612629941591837,0.11666666666666667
14065,patient,Counterfactual,0.5917246407751333,SHAP,0.16519309072531996,0.42653155004981336,0.38579099493657043,0.5917246407751333,0.31666666666666665
14065,auditor,SHAP,0.7802812330266717,LIME,0.22374432817071477,0.7802812330266717,0.556536904855957,0.41711549084941674,6.938893903907228e-18
14065,model_centric,SHAP,0.9753515412833396,LIME,0.11301374354672666,0.9753515412833396,0.8623377977366129,0.5977832524506598,0.0
3608,doctor,Rules,0.8148749240072233,Counterfactual,0.033333333333333326,0.6002711876948447,0.522513507529178,0.78154159067389,0.8148749240072233
3608,patient,Rules,0.8160694191135188,Counterfactual,0.033333333333333326,0.42786776174955377,0.331730197390323,0.7827360857801855,0.8160694191135188
3608,auditor,SHAP,0.7535793933718817,Rules,0.052801818241508314,0.7535793933718817,0.5716010443110748,0.6507775751303734,0.7007775751303734
3608,model_centric,SHAP,0.9419742417148522,Counterfactual,0.05905782835744111,0.9419742417148522,0.8811679720555101,0.8829164133574111,0.8829164133574111
14627,doctor,Counterfactual,0.5040549230454515,SHAP,0.028761147030409995,0.4752937760150415,0.4325721697215903,0.5040549230454515,0.11666666666666667
14627,patient,Counterfactual,0.5594471367885346,LIME,0.21876009913583389,0.3068655287735012,0.34068703765270075,0.5594471367885346,0.31666666666666665
14627,auditor,SHAP,0.6212297626925015,LIME,0.18515594268636276,0.6212297626925015,0.43607382000613876,0.2311604555468137,6.938893903907228e-18
14627,model_centric,SHAP,0.7765372033656268,LIME,0.06477826169128675,0.7765372033656268,0.7117589416743401,0.365339458322406,0.0
7839,doctor,SHAP,0.5602485892724489,LIME,0.1906459827650679,0.5602485892724489,0.369602606507381,0.3691982190906491,0.3232555580712471
7839,patient,Rules,0.6521962971348602,Counterfactual,0.27908744228900195,0.3020351637945725,0.26955730864803806,0.3731088548458582,0.6521962971348602
7839,auditor,SHAP,0.7881953863112414,LIME,0.4061163379074879,0.7881953863112414,0.3820790484037535,-0.02338342863160233,0.060960742662321654
7839,model_centric,SHAP,0.9852442328890518,LIME,0.3409787557176933,0.9852442328890518,0.6442654771713585,0.047159603099385966,0.09008981721679095
6067,doctor,LIME,0.4952562460157724,SHAP,0.0379453843454976,0.4573108616702748,0.4952562460157724,0.08333333333333333,0.11666666666666667
6067,patient,LIME,0.3586618557385515,SHAP,0.01130428972347075,0.3473575660150808,0.3586618557385515,0.2833333333333333,0.31666666666666665
6067,auditor,SHAP,0.5344466464563397,LIME,0.007027558784412302,0.5344466464563397,0.5274190876719274,-0.04999999999999999,6.938893903907228e-18
6067,model_centric,LIME,0.8259405262565758,SHAP,0.15788221818615122,0.6680583080704245,0.8259405262565758,0.0,0.0
7149,doctor,Counterfactual,0.728328502446425,Rules,0.007344624638540576,0.6704934084172203,0.5409144228276428,0.728328502446425,0.7209838778078844
7149,patient,Counterfactual,0.7649983897043638,Rules,0.08855931932395789,0.4731800312589439,0.40410515534043706,0.7649983897043638,0.676439070380406
7149,auditor,SHAP,0.8,Rules,0.11070965917897468,0.8,0.574151066738212,0.5088760065238002,0.6892903408210254
7149,model_centric,SHAP,1.0,LIME,0.11564449991056835,1.0,0.8843555000894316,0.7055394525991946,0.8755018149151705
7987,doctor,Rules,0.8333333333333333,Counterfactual,0.04496899145731659,0.671554740543769,0.4918400623697831,0.7883643418760167,0.8333333333333333
7987,patient,Counterfactual,0.7850103361808944,Rules,0.12945478062533888,0.39242113184329314,0.37459571483818155,0.7850103361808944,0.6555555555555556
7987,auditor,Rules,0.788888888888889,SHAP,0.020988923739983067,0.7678999651489059,0.5537576823264131,0.6689715783360445,0.788888888888889
7987,model_centric,Rules,1.0,SHAP,0.04012504356386759,0.9598749564361324,0.858863769574683,0.9056589173645,1.0
111,doctor,Rules,0.7503841185765072,SHAP,0.051423562176523885,0.6989605563999833,0.5746537067473207,0.1519419640937664,0.7503841185765072
111,patient,Rules,0.6862391506366136,SHAP,0.21274430858394933,0.47349484205266423,0.422796913818936,0.469632936763867,0.6862391506366136
111,auditor,SHAP,0.7934008699345408,Rules,0.025709887063854686,0.7934008699345408,0.6338061417936237,-0.0611111111111111,0.7676909828706862
111,model_centric,SHAP,0.9917510874181761,Rules,0.018248469940929546,0.9917510874181761,0.9589243439086963,0.0,0.9735026174772465
9407,doctor,Counterfactual,0.7999999999999999,LIME,0.16673945408832946,0.5294072140064607,0.6332605459116705,0.7999999999999999,0.11666666666666667
9407,patient,Counterfactual,0.6553428754375442,LIME,0.19473821628733629,0.39265958328808026,0.46060465915020793,0.6553428754375442,0.31666666666666665
9407,auditor,Counterfactual,0.7388888888888889,LIME,0.07222222222222219,0.595027502089095,0.6666666666666667,0.7388888888888889,6.938893903907228e-18
9407,model_centric,LIME,1.0,Counterfactual,0.0,0.7437843776113688,1.0,1.0,0.0
17019,doctor,Rules,0.8079736939970855,Counterfactual,0.033333333333333326,0.5694761980494683,0.5644781679397705,0.7746403606637522,0.8079736939970855
17019,patient,Rules,0.8137690091101396,Counterfactual,0.033333333333333326,0.40450874849764157,0.3859147364105893,0.7804356757768063,0.8137690091101396
17019,auditor,SHAP,0.7759780459204426,Rules,0.09360375081710326,0.7759780459204426,0.6044789168725936,0.6323742951033394,0.6823742951033394
17019,model_centric,SHAP,0.9699725574005532,LIME,0.047707244643144686,0.9699725574005532,0.9222653127574085,0.8599123133236186,0.8599123133236186
1121,doctor,Counterfactual,0.8166666666666667,LIME,0.3228286166786708,0.4214728631354559,0.49383804998799585,0.8166666666666667,0.11666666666666667
1121,patient,Counterfactual,0.7944444444444444,SHAP,0.3900632784198026,0.4043811660246418,0.39121197425368587,0.7944444444444444,0.31666666666666665
1121,auditor,Counterfactual,0.7444444444444445,SHAP,0.2509261268430065,0.49351831760143794,0.423910037963413,0.7444444444444445,6.938893903907228e-18
1121,model_centric,Counterfactual,1.0,LIME,0.3034457858790671,0.6168978970017973,0.6965542141209329,1.0,0.0
18646,doctor,Counterfactual,0.7807928350841815,Rules,0.03746225882382648,0.7104099785777335,0.573722580647978,0.7807928350841815,0.743330576260355
18646,patient,Counterfactual,0.782486500583616,Rules,0.18324765352607075,0.49694271809718155,0.40778854542993304,0.782486500583616,0.5992388470575453
18646,auditor,SHAP,0.7942517113373039,Rules,0.03231194445985974,0.7942517113373039,0.6158732942046715,0.6487808935578177,0.7619397668774441
18646,model_centric,SHAP,0.9928146391716298,Rules,0.01955659724149139,0.9928146391716298,0.936508284422506,0.8804205613917164,0.9732580419301384
20646,doctor,Counterfactual,0.7276436247691213,SHAP,0.04622904348260204,0.6814145812865192,0.49220314706061974,0.7276436247691213,0.6624002196798024
20646,patient,Counterfactual,0.7555555555555555,Rules,0.21431103788451022,0.49348099105110427,0.33462072954449645,0.7555555555555555,0.5412445176710453
20646,auditor,SHAP,0.7632406110836712,Counterfactual,0.02435172219478232,0.7632406110836712,0.5269682342978119,0.7388888888888889,0.73560441917358
20646,model_centric,Counterfactual,1.0,SHAP,0.04594923614541102,0.954050763854589,0.8253769595389315,1.0,0.9472833017447526
19071,doctor,SHAP,0.5119543313941888,Counterfactual,0.027235847922041534,0.5119543313941888,0.4637375102779044,0.48471848347214724,0.11666666666666667
19071,patient,Counterfactual,0.545705372805125,LIME,0.1638731250631385,0.3581202239824212,0.3818322477419865,0.545705372805125,0.31666666666666665
19071,auditor,SHAP,0.6885692590861259,LIME,0.210317143766032,0.6885692590861259,0.4782521153200939,0.19981694739305472,6.938893903907228e-18
19071,model_centric,SHAP,0.8607115738576572,LIME,0.09622976304087327,0.8607115738576572,0.7644818108167839,0.32616007313020723,0.0
17287,doctor,SHAP,0.5417564399778036,Rules,0.14175643997780368,0.5417564399778036,0.18575311009302348,0.35,0.39999999999999997
17287,patient,Rules,0.6777777777777777,Counterfactual,0.2884755376660298,0.3762579092465564,0.30285969807853497,0.3893022401117479,0.6777777777777777
17287,auditor,SHAP,0.6376925104802499,Rules,0.6432480660358054,0.6376925104802499,-0.13333333333333333,-0.0611111111111111,-0.00555555555555555
17287,model_centric,SHAP,0.7971156381003124,LIME,0.7971156381003124,0.7971156381003124,0.0,0.0,0.0
11398,doctor,Counterfactual,0.8166666666666667,SHAP,0.08326990831445558,0.7333967583522111,0.6368483988068642,0.8166666666666667,0.7332850648898126
11398,patient,Counterfactual,0.7944444444444444,Rules,0.005571645036729023,0.5230189965558583,0.45561375941504045,0.7944444444444444,0.7888727994077154
11398,auditor,SHAP,0.7970462798925096,Rules,0.008221748928314954,0.7970462798925096,0.6637129465591763,0.7444444444444445,0.7888245309641947
11398,model_centric,Counterfactual,1.0,Rules,8.044740586776733e-05,0.996307849865637,0.996307849865637,1.0,0.9999195525941322
4245,doctor,SHAP,0.7206650297387128,LIME,0.10643604072783974,0.7206650297387128,0.6142289890108731,0.5338624122690666,0.2035889177352783
4245,patient,Counterfactual,0.6088865647596423,SHAP,0.18628187946011632,0.422604685299526,0.3988012117173317,0.6088865647596423,0.24564075035620386
4245,auditor,SHAP,0.8,LIME,0.1333333333333333,0.8,0.6666666666666667,0.5174461248742861,0.022048657340171342
4245,model_centric,SHAP,1.0,LIME,0.0,1.0,1.0,0.7301409894261909,0.04144971056410306
12675,doctor,SHAP,0.6950945929866273,Rules,0.04582098937732326,0.6950945929866273,0.5358805240892777,0.558405525556669,0.6492736036093041
12675,patient,Counterfactual,0.7242318366951875,Rules,0.10145809580954646,0.5053841700892348,0.41223668765053717,0.7242318366951875,0.6227737408856411
12675,auditor,SHAP,0.7916297960296949,Rules,0.0879630544001917,0.7916297960296949,0.5167625136070897,0.5473869591020372,0.7036667416295032
12675,model_centric,SHAP,0.9895372450371185,Rules,0.08912048466690636,0.9895372450371185,0.8126198086755287,0.7606225877664353,0.9004167603702121
20813,doctor,Rules,0.8333333333333333,Counterfactual,0.06266757663957201,0.6573577676368038,0.397765865448213,0.7706657566937613,0.8333333333333333
20813,patient,Counterfactual,0.7791108077868093,Rules,0.12355525223125374,0.4679650071544354,0.4179514936396641,0.7791108077868093,0.6555555555555556
20813,auditor,SHAP,0.8,Rules,0.011111111111111072,0.8,0.47109804362162006,0.6217753511833635,0.788888888888889
20813,model_centric,SHAP,1.0,Rules,0.0,1.0,0.7555392211936917,0.8466636334236487,1.0
1276,doctor,Counterfactual,0.7876615218688403,SHAP,0.05276844266565406,0.7348930792031863,0.572403944693057,0.7876615218688403,0.2042633377759452
1276,patient,Counterfactual,0.784776062845169,SHAP,0.27794584072875117,0.5068302221164178,0.4898078065349034,0.784776062845169,0.24586555703642615
1276,auditor,SHAP,0.8,Counterfactual,0.1329026083497592,0.8,0.6054015088655617,0.6670973916502408,0.027802015122707597
1276,model_centric,SHAP,1.0,LIME,0.07658144725138127,1.0,0.9234185527486187,0.9033161840072454,0.04864140779227338
3557,doctor,SHAP,0.6702576782927452,LIME,0.05279076816135275,0.6702576782927452,0.6174669101313924,0.08333333333333333,0.3691328158951049
3557,patient,Rules,0.5462765951973583,LIME,0.16210747509017442,0.36455247688429715,0.38416912010718385,0.2833333333333333,0.5462765951973583
3557,auditor,SHAP,0.7580748976145899,LIME,0.1289959233535215,0.7580748976145899,0.6290789742610684,-0.04999999999999999,0.07092424997552303
3557,model_centric,LIME,0.953015384493002,SHAP,0.00542176247476478,0.9475936220182373,0.953015384493002,0.0,0.10948864580273711
17728,doctor,SHAP,0.6725449075050163,LIME,0.16740300812822473,0.6725449075050163,0.5051418993767915,0.08333333333333333,0.47588708430486687
17728,patient,Rules,0.47277044224303644,SHAP,0.024166052833527463,0.448604389409509,0.3707834891410722,0.2833333333333333,0.47277044224303644
17728,auditor,SHAP,0.794058053080221,LIME,0.19633157843028193,0.794058053080221,0.5977264746499391,-0.04999999999999999,0.5471423750327519
17728,model_centric,SHAP,0.9925725663502762,LIME,0.07874780637118572,0.9925725663502762,0.9138247599790905,0.0,0.7047613021242731
14649,doctor,Rules,0.8495408768227236,Counterfactual,0.20475037515281092,0.6063004811068582,0.5979167556632788,0.6447905016699127,0.8495408768227236
14649,patient,Rules,0.8276247367186856,Counterfactual,0.37519559572615807,0.41834503820123786,0.41391018723463513,0.45242914099252757,0.8276247367186856
14649,auditor,Rules,0.7932201159717076,SHAP,0.035875193104629055,0.7573449228670786,0.5820888549684522,0.5313307268790708,0.7932201159717076
14649,model_centric,Rules,0.9984695894090789,SHAP,0.05178843582523074,0.9466811535838482,0.8942777353772319,0.7405522974877273,0.9984695894090789
8027,doctor,Counterfactual,0.7943976573745777,Rules,0.08913666944839305,0.6932387355326425,0.5999608642258789,0.7943976573745777,0.7052609879261846
8027,patient,Counterfactual,0.6501246258988891,Rules,0.09180530669117093,0.49344307369377505,0.3709844309923582,0.6501246258988891,0.5583193192077182
8027,auditor,SHAP,0.7691841545621088,Rules,0.03393496758368453,0.7691841545621088,0.6463096908265195,0.7314190987216592,0.7352491869784242
8027,model_centric,Counterfactual,0.9906627622909628,LIME,0.016108982091146862,0.961480193202636,0.974553780199816,0.9906627622909628,0.9398948170563635
19050,doctor,Counterfactual,0.7629522581235512,Rules,0.07241586716892034,0.6888987294584419,0.5366112981368913,0.7629522581235512,0.6905363909546308
19050,patient,Counterfactual,0.7765396415967393,Rules,0.21144020969122745,0.4899169285415032,0.35357847800305037,0.7765396415967393,0.5650994319055118
19050,auditor,SHAP,0.8,Rules,0.10045199797357385,0.8,0.609196985570727,0.6012060216628033,0.6995480020264262
19050,model_centric,SHAP,1.0,LIME,0.0718371013699246,1.0,0.9281628986300754,0.8209519715229485,0.895268335866366
17074,doctor,Rules,0.8206014870560652,Counterfactual,0.09398536725282436,0.4815021919118347,0.5419638737311253,0.7266161198032408,0.8206014870560652
17074,patient,Rules,0.8179782734631328,Counterfactual,0.17846468217123412,0.3614255444105492,0.3697055924843175,0.6395135912918987,0.8179782734631328
17074,auditor,Rules,0.7160484099272851,SHAP,0.05796052772262905,0.6580878822046561,0.6082210488429447,0.6018456980346304,0.7160484099272851
17074,model_centric,LIME,0.9269429777203475,Rules,0.02493802086679675,0.8226098527558201,0.9269429777203475,0.8286960114321769,0.9020049568535508
7864,doctor,SHAP,0.5722786718752589,LIME,0.03221713164768769,0.5722786718752589,0.5400615402275712,0.08333333333333333,0.11666666666666667
7864,patient,LIME,0.5400356232740092,SHAP,0.08324152548682823,0.456794097787181,0.5400356232740092,0.2833333333333333,0.31666666666666665
7864,auditor,SHAP,0.6697661359580476,LIME,0.06259446861602436,0.6697661359580476,0.6071716673420232,-0.04999999999999999,6.938893903907228e-18
7864,model_centric,LIME,0.9256312508441957,SHAP,0.08842358089663627,0.8372076699475595,0.9256312508441957,0.0,0.0
18266,doctor,SHAP,0.5428963872237165,Rules,0.1428963872237165,0.5428963872237165,0.35024997888684256,0.08333333333333333,0.39999999999999997
18266,patient,Rules,0.6777777777777777,SHAP,0.30618740528841015,0.37159037248936755,0.35834359546626143,0.2833333333333333,0.6777777777777777
18266,auditor,SHAP,0.6666666666666667,LIME,0.35948311980571,0.6666666666666667,0.3071835468609567,-0.04999999999999999,-0.00555555555555555
18266,model_centric,SHAP,0.8333333333333334,LIME,0.28268723309047084,0.8333333333333334,0.5506461002428625,0.0,0.0
13311,doctor,Rules,0.85,Counterfactual,0.033333333333333326,0.6293857565115384,0.5735759684963853,0.8166666666666667,0.85
13311,patient,Rules,0.8277777777777777,Counterfactual,0.033333333333333326,0.45204906016833524,0.38355740179222475,0.7944444444444444,0.8277777777777777
13311,auditor,Rules,0.7944444444444445,Counterfactual,0.050000000000000044,0.7269903126147261,0.5993834638355042,0.7444444444444445,0.7944444444444445
13311,model_centric,Counterfactual,1.0,Rules,0.0,0.9087378907684076,0.9158959964610469,1.0,1.0
13188,doctor,Rules,0.7956450465962273,SHAP,0.19069344134779076,0.6049516052484365,0.5554371823255618,0.5536762982948622,0.7956450465962273
13188,patient,Rules,0.8096594599765202,Counterfactual,0.08502133843456317,0.4059318831049296,0.37953985573970167,0.7246381215419571,0.8096594599765202
13188,auditor,SHAP,0.7396484477642029,Rules,0.09015054572981906,0.7396484477642029,0.6063151144308696,0.6152191528344948,0.6494979020343838
13188,model_centric,SHAP,0.9245605597052536,LIME,0.0,0.9245605597052536,0.9245605597052536,0.8454128299320074,0.8188168219874242
6795,doctor,Counterfactual,0.7904375357993824,SHAP,0.057755836375000924,0.7326816994243814,0.5514577948374304,0.7904375357993824,0.6822567431046134
6795,patient,Counterfactual,0.7857014008220163,Rules,0.23505016322148853,0.5035659899612125,0.4727171902380907,0.7857014008220163,0.5506512376005278
6795,auditor,SHAP,0.8,Rules,0.09401664319281278,0.8,0.5727411191220426,0.6745000954650197,0.7059833568071873
6795,model_centric,SHAP,1.0,Counterfactual,0.08743043622428104,1.0,0.8825930655692198,0.912569563775719,0.9033125293423173
2932,doctor,LIME,0.5702381674095897,SHAP,0.08569614198990555,0.4845420254196841,0.5702381674095897,0.08333333333333333,0.4499297805693072
2932,patient,Rules,0.600481644028153,LIME,0.20278761858238792,0.3167556064369098,0.39769402544576504,0.2833333333333333,0.600481644028153
2932,auditor,LIME,0.5954219694032742,SHAP,0.010518821224837605,0.5849031481784366,0.5954219694032742,-0.04999999999999999,0.34500841382464303
2932,model_centric,LIME,0.9109441284207593,SHAP,0.17981519319771366,0.7311289352230457,0.9109441284207593,0.0,0.4520938506141371
16953,doctor,SHAP,0.487283991715775,Counterfactual,0.007521162296710571,0.487283991715775,0.3760560619098653,0.47976282941906445,0.45865828256946095
16953,patient,Counterfactual,0.6821431653619103,Rules,0.1514792933943122,0.31357718722805183,0.3082972897519522,0.6821431653619103,0.5306638719675981
16953,auditor,SHAP,0.7466694184955979,LIME,0.31968084237016986,0.7466694184955979,0.426988576125428,0.11324724729338514,0.10733007371613607
16953,model_centric,SHAP,0.9333367731194973,LIME,0.23293438629604557,0.9333367731194973,0.7004023868234517,0.21100350356117586,0.14805148103405896
19637,doctor,SHAP,0.5085112513575747,Rules,0.10851125135757472,0.5085112513575747,0.3808468067180597,0.35,0.39999999999999997
19637,patient,Counterfactual,0.4298976696510613,SHAP,0.0015582460662573738,0.4283394235848039,0.3779020795880414,0.4298976696510613,0.27777777777777773
19637,auditor,SHAP,0.6035226312851756,LIME,0.23509464897592114,0.6035226312851756,0.36842798230925444,-0.0611111111111111,-0.00555555555555555
19637,model_centric,SHAP,0.7544032891064694,LIME,0.12720164455323468,0.7544032891064694,0.6272016445532347,0.0,0.0
2082,doctor,SHAP,0.5460804247167826,Rules,0.16274709138344934,0.5460804247167826,0.2017823162253149,0.35,0.3833333333333333
2082,patient,Counterfactual,0.38896369502138844,Rules,0.016741472799166268,0.3586789103619551,0.3019418622706977,0.38896369502138844,0.3722222222222222
2082,auditor,SHAP,0.6663210900841596,Rules,0.6774322011952707,0.6663210900841596,-0.11504033559375984,-0.0611111111111111,-0.011111111111111106
2082,model_centric,SHAP,0.8329013626051995,LIME,0.8100351154307327,0.8329013626051995,0.022866247174466864,0.0,0.0
6628,doctor,Counterfactual,0.7751273861666633,SHAP,0.13339678230850627,0.6417306038581571,0.6280760102005041,0.7751273861666633,0.11666666666666667
6628,patient,Counterfactual,0.5556762966748849,SHAP,0.08709296957994161,0.4685833270949433,0.4250835785930748,0.5556762966748849,0.31666666666666665
6628,auditor,SHAP,0.7224264075186079,Counterfactual,0.016701003740834386,0.7224264075186079,0.645152254012369,0.7057254037777735,6.938893903907228e-18
6628,model_centric,LIME,0.9731069841821278,Counterfactual,0.014561340571022097,0.9030330093982598,0.9731069841821278,0.9585456436111057,0.0
11624,doctor,SHAP,0.6802241491616673,LIME,0.10524303830981685,0.6802241491616673,0.5749811108518504,0.5242539635101253,0.11666666666666667
11624,patient,Counterfactual,0.46220665623383594,SHAP,0.019167725942615788,0.44303893029122016,0.4014348300222268,0.46220665623383594,0.31666666666666665
11624,auditor,SHAP,0.7951448634994656,LIME,0.21295577010958844,0.7951448634994656,0.5821890933898771,0.2707895116159926,6.938893903907228e-18
11624,model_centric,SHAP,0.9939310793743319,LIME,0.09952804597031895,0.9939310793743319,0.894403033404013,0.41487577840887957,0.0
985,doctor,SHAP,0.4959020563658022,LIME,0.09747468747893162,0.4959020563658022,0.3984273688868706,0.36666666666666664,0.3712754186389582
985,patient,Counterfactual,0.6444444444444444,Rules,0.10957486045368059,0.41937754832915314,0.46326150775546787,0.6444444444444444,0.5348695839907638
985,auditor,SHAP,0.6179192498540587,LIME,0.293839321957044,0.6179192498540587,0.3240799278970147,-0.055555555555555546,0.14958019727774124
985,model_centric,SHAP,0.7723990623175734,LIME,0.20063248577963844,0.7723990623175734,0.571766576537935,0.0,0.20086413548606544
12992,doctor,Rules,0.85,Counterfactual,0.033333333333333326,0.6209305558453213,0.39775138867089155,0.8166666666666667,0.85
12992,patient,Rules,0.8277777777777777,Counterfactual,0.033333333333333326,0.4069200007670017,0.3279129032289799,0.7944444444444444,0.8277777777777777
12992,auditor,SHAP,0.7989082442555646,Rules,0.004463799811120106,0.7989082442555646,0.4422231555757258,0.7444444444444445,0.7944444444444445
12992,model_centric,Counterfactual,1.0,Rules,0.0,0.9986353053194558,0.7194456111363238,1.0,1.0
18886,doctor,Counterfactual,0.7422593700154232,SHAP,0.03787872616596377,0.7043806438494594,0.6289338211208552,0.7422593700154232,0.5362640643803464
18886,patient,Counterfactual,0.7696420122273633,Rules,0.04644287965613669,0.4097530451629889,0.39784691128759797,0.7696420122273633,0.7231991325712266
18886,auditor,SHAP,0.7817324727343764,LIME,0.1333333333333333,0.7817324727343764,0.6483991394010431,0.5460249867077952,0.4220419737130607
18886,model_centric,SHAP,0.9771655909179705,LIME,0.0,0.9771655909179705,0.9771655909179705,0.7519756778291884,0.5414413560302147
17007,doctor,Counterfactual,0.710780135904941,SHAP,0.03524267950702209,0.675537456397919,0.5920417117911123,0.710780135904941,0.11666666666666667
17007,patient,Counterfactual,0.5467166857594156,SHAP,0.08515203224208306,0.4615646535173325,0.39002233768178113,0.5467166857594156,0.31666666666666665
17007,auditor,SHAP,0.7587193644287977,LIME,0.1333333333333333,0.7587193644287977,0.6253860310954644,0.566259218855136,6.938893903907228e-18
17007,model_centric,SHAP,0.9483992055359971,LIME,0.0,0.9483992055359971,0.9483992055359971,0.7842129124578088,0.0
11993,doctor,SHAP,0.536068375343331,LIME,0.15457022759549566,0.536068375343331,0.3814981477478353,0.08333333333333333,0.11666666666666667
11993,patient,SHAP,0.3961709792177609,LIME,0.05320087246646438,0.3961709792177609,0.3429701067512965,0.2833333333333333,0.31666666666666665
11993,auditor,SHAP,0.6121638520600192,LIME,0.3016377853111191,0.6121638520600192,0.3105260667489001,-0.04999999999999999,6.938893903907228e-18
11993,model_centric,SHAP,0.7652048150750239,LIME,0.21038056497223212,0.7652048150750239,0.5548242501027918,0.0,0.0
2565,doctor,SHAP,0.5748652491435745,LIME,0.1429984430896446,0.5748652491435745,0.4318668060539299,0.35,0.39999999999999997
2565,patient,Rules,0.6777777777777777,SHAP,0.28294388454097985,0.39483389323679785,0.35057511953749265,0.3861385244792587,0.6777777777777777
2565,auditor,SHAP,0.6666666666666667,LIME,0.2666666666666667,0.6666666666666667,0.4,-0.0611111111111111,-0.00555555555555555
2565,model_centric,SHAP,0.8333333333333333,LIME,0.16666666666666663,0.8333333333333333,0.6666666666666666,0.0,0.0
19065,doctor,SHAP,0.7019089922071675,Counterfactual,0.0042417289606718755,0.7019089922071675,0.6051986465181977,0.6976672632464956,0.6862159699674134
19065,patient,Counterfactual,0.7547779766377207,Rules,0.1975948755374719,0.39340244869928276,0.34960695043094236,0.7547779766377207,0.5571831011002488
19065,auditor,SHAP,0.7680765481408176,Rules,0.037799398590754874,0.7680765481408176,0.6190046611992703,0.42711270199065526,0.7302771495500627
19065,model_centric,SHAP,0.9600956851760218,Rules,0.019471470460665774,0.9600956851760218,0.9404224931657545,0.6033353219327635,0.9406242147153561
11927,doctor,Rules,0.704676021357776,SHAP,0.01240638251769055,0.6922696388400854,0.5829133745396267,0.6477920349929429,0.704676021357776
11927,patient,Rules,0.5581243303515819,Counterfactual,0.06603472424533674,0.489199878300826,0.38970632338928385,0.4920896061062452,0.5581243303515819
11927,auditor,SHAP,0.7649989979640905,Rules,0.027124565236737674,0.7649989979640905,0.6348021616087426,0.5359449355461462,0.7378744327273529
11927,model_centric,LIME,0.9601693686775948,SHAP,0.003920621222481713,0.9562487474551131,0.9601693686775948,0.7463200583215716,0.9431763742425243
2489,doctor,Rules,0.7423601991290345,Counterfactual,0.18944730921892317,0.4686905438405542,0.43576986839975196,0.5529128899101113,0.7423601991290345
2489,patient,Rules,0.6835645108207893,Counterfactual,0.16564033425004887,0.25588056131241976,0.2917815740433951,0.5179241765707404,0.6835645108207893
2489,auditor,Rules,0.7462938643440922,SHAP,0.07921763114252522,0.667076233201567,0.48543388382022523,0.27215816251618585,0.7462938643440922
2489,model_centric,Rules,0.946756219319004,SHAP,0.11291092781704548,0.8338452915019585,0.7734590214419481,0.4165865920341212,0.946756219319004
14069,doctor,SHAP,0.5545644228783038,LIME,0.11548263343221604,0.5545644228783038,0.4390817894460877,0.38244593650862324,0.11666666666666667
14069,patient,Counterfactual,0.5121391050799529,LIME,0.13378145269316027,0.3589213862625056,0.3783576523867926,0.5121391050799529,0.31666666666666665
14069,auditor,SHAP,0.7302177013467097,LIME,0.27745834833863775,0.7302177013467097,0.45275935300807196,0.1137138573985854,6.938893903907228e-18
14069,model_centric,SHAP,0.912772126683387,LIME,0.1801562687566305,0.912772126683387,0.7326158579267565,0.22547565508156503,0.0
8591,doctor,Rules,0.85,Counterfactual,0.05874580427689746,0.5992121803449173,0.6081858214590168,0.7912541957231025,0.85
8591,patient,Rules,0.8277777777777777,Counterfactual,0.16951971683871447,0.40399873789374324,0.35697175815814475,0.6582580609390632,0.8277777777777777
8591,auditor,Rules,0.7944444444444445,SHAP,0.03030680486867765,0.7641376395757669,0.6491321412380852,0.7272278165196924,0.7944444444444445
8591,model_centric,Rules,1.0,Counterfactual,0.014576340461495696,0.9551720494697086,0.978081843214273,0.9854236595385043,1.0
2173,doctor,SHAP,0.6306975129436502,Counterfactual,0.09445389889412126,0.6306975129436502,0.5097833872196271,0.5362436140495289,0.11666666666666667
2173,patient,Counterfactual,0.5693782035267366,SHAP,0.1640035676026521,0.4053746359240845,0.37589906656353317,0.5693782035267366,0.31666666666666665
2173,auditor,SHAP,0.7611887233969452,LIME,0.2472262288587862,0.7611887233969452,0.513962494538159,0.2552927581849473,6.938893903907228e-18
2173,model_centric,SHAP,0.9514859042461814,LIME,0.14236611940681598,0.9514859042461814,0.8091197848393654,0.39550483662007296,0.0
11207,doctor,Rules,0.5910322791645276,SHAP,0.051055436216431827,0.5399768429480958,0.38173597969021955,0.34859025504717184,0.5910322791645276
11207,patient,Counterfactual,0.6196823334295485,Rules,0.1115604625969282,0.34179079471710416,0.3426633447648908,0.6196823334295485,0.5081218708326203
11207,auditor,SHAP,0.7760670002876671,Rules,0.06297432431704342,0.7760670002876671,0.38404466685844474,0.023579994833141982,0.7130926759706236
11207,model_centric,SHAP,0.9700837503595838,Rules,0.06482901650741546,0.9700837503595838,0.6467225002397226,0.10586388243031636,0.9052547338521684
8562,doctor,Counterfactual,0.7473871857434983,SHAP,0.08842310043861634,0.6589640853048819,0.49403406968565416,0.7473871857434983,0.6552227039505173
8562,patient,Counterfactual,0.7713512841367216,Rules,0.16449927170877143,0.4437899333051581,0.3641370907037449,0.7713512841367216,0.6068520124279502
8562,auditor,SHAP,0.7851429673878085,Rules,0.058580946463126504,0.7851429673878085,0.5911753851712809,0.5596991619826622,0.726562020924682
8562,model_centric,SHAP,0.9814287092347607,Rules,0.04544840530113037,0.9814287092347607,0.9056358981307677,0.7690683969227723,0.9359803039336303
2704,doctor,Rules,0.85,Counterfactual,0.033333333333333326,0.6733765521672518,0.4953614569318328,0.8166666666666667,0.85
2704,patient,Rules,0.8277777777777777,Counterfactual,0.033333333333333326,0.4252562461457183,0.34470144123970065,0.7944444444444444,0.8277777777777777
2704,auditor,SHAP,0.7957129533296327,Rules,0.0012685088851881465,0.7957129533296327,0.5291668533182666,0.7444444444444445,0.7944444444444445
2704,model_centric,Counterfactual,1.0,Rules,0.0,0.9946411916620408,0.8281252333144999,1.0,1.0
14312,doctor,Rules,0.6764064923223476,Counterfactual,0.05196988964814775,0.428486476392688,0.43884977438029654,0.6244366026741999,0.6764064923223476
14312,patient,Rules,0.7699132752185603,Counterfactual,0.26521433250989757,0.3257121003375125,0.34993641336891124,0.5046989427086628,0.7699132752185603
14312,auditor,SHAP,0.5789941518516519,Rules,0.01600771764407727,0.5789941518516519,0.4507907200564528,0.5048043591211555,0.5629864342075747
14312,model_centric,LIME,0.7301550667372326,SHAP,0.0064123769226678284,0.7237426898145648,0.7301550667372326,0.7073943377903332,0.7106774872039127
18777,doctor,Rules,0.7683048110333661,LIME,0.2701486532256527,0.45512884995519653,0.49815615780771344,0.4847080384854232,0.7683048110333661
18777,patient,Rules,0.8005460481222331,Counterfactual,0.10418716201196854,0.2743686880951453,0.34365395379366764,0.6963588861102645,0.8005460481222331
18777,auditor,SHAP,0.5972868195630895,Rules,0.02069621236300212,0.5972868195630895,0.5735117923402011,0.39317529248554645,0.5765906072000874
18777,model_centric,LIME,0.883556407091918,SHAP,0.13694788263805613,0.7466085244538618,0.883556407091918,0.5678580044958219,0.7276827034445537
2103,doctor,SHAP,0.38956692788618386,Counterfactual,0.03956692788618388,0.38956692788618386,0.27086201160433404,0.35,0.11666666666666667
2103,patient,Counterfactual,0.38855201083341645,SHAP,0.027001477288492615,0.36155053354492384,0.3437103505452685,0.38855201083341645,0.31666666666666665
2103,auditor,SHAP,0.5154911230754677,LIME,0.45509893774781074,0.5154911230754677,0.060392185327657,-0.0611111111111111,6.938893903907228e-18
2103,model_centric,SHAP,0.6443639038443345,LIME,0.4022070055180966,0.6443639038443345,0.24215689832623788,0.0,0.0
8284,doctor,Counterfactual,0.6913881268593326,SHAP,0.06397344850193176,0.6274146783574008,0.6087498993305921,0.6913881268593326,0.5151408920034052
8284,patient,Counterfactual,0.7526849311753331,Rules,0.15056194378238508,0.4014860067913627,0.40680630931018935,0.7526849311753331,0.602122987392948
8284,auditor,SHAP,0.713068968129187,LIME,0.046402301462520223,0.713068968129187,0.6666666666666667,0.41036833829155367,0.4299444897523262
8284,model_centric,LIME,1.0,SHAP,0.10866378983851632,0.8913362101614837,1.0,0.5824048673088865,0.558263945523741
5025,doctor,SHAP,0.5395153714773786,Rules,0.13951537147737864,0.5395153714773786,0.3699930253848913,0.36666666666666664,0.39999999999999997
5025,patient,Rules,0.6777777777777777,Counterfactual,0.033333333333333326,0.41868707151490026,0.3494505036898759,0.6444444444444444,0.6777777777777777
5025,auditor,SHAP,0.6666666666666667,LIME,0.3175672128623045,0.6666666666666667,0.34909945380436225,-0.055555555555555546,-0.00555555555555555
5025,model_centric,SHAP,0.8333333333333333,LIME,0.2302923494112139,0.8333333333333333,0.6030409839221194,0.0,0.0
14346,doctor,SHAP,0.6851405421080861,LIME,0.08207375458328203,0.6851405421080861,0.603066787524804,0.08333333333333333,0.2448868234095425
14346,patient,Rules,0.3957703552779283,LIME,0.012168647024080437,0.3390765757387108,0.3836017082538479,0.2833333333333333,0.3957703552779283
14346,auditor,SHAP,0.7986501926147946,LIME,0.2107151834218305,0.7986501926147946,0.5879350091929642,-0.04999999999999999,0.04318560126335101
14346,model_centric,SHAP,0.9983127407684933,LIME,0.0967273126106214,0.9983127407684933,0.9015854281578719,0.0,0.07481533491252208
17096,doctor,Counterfactual,0.7444406664384381,SHAP,0.1266954630601499,0.6177452033782882,0.4741373576740194,0.7444406664384381,0.5173213082559962
17096,patient,Rules,0.37878964243453844,Counterfactual,0.00842053139950355,0.26000211151115676,0.3413139549418319,0.3703691110350349,0.37878964243453844
17096,auditor,SHAP,0.7767831296627951,Rules,0.13449460333304553,0.7767831296627951,0.4986229934945238,0.5518417771691684,0.6422885263297495
17096,model_centric,SHAP,0.9709789120784937,Rules,0.14728492083297362,0.9709789120784937,0.7899454085348214,0.759246665905905,0.8236939912455201
10219,doctor,Counterfactual,0.8166666666666667,Rules,0.0815597499983487,0.7308600737560661,0.6027562164888228,0.8166666666666667,0.735106916668318
10219,patient,Counterfactual,0.7944444444444444,Rules,0.11329769444389393,0.5217814680753291,0.4450389882630404,0.7944444444444444,0.6811467500005505
10219,auditor,SHAP,0.7947632822088305,Rules,0.04385086090794854,0.7947632822088305,0.6455607491365319,0.7444444444444445,0.750912421300882
10219,model_centric,Counterfactual,1.0,SHAP,0.0065458972389619285,0.9934541027610381,0.9736176030873316,1.0,0.9525294155149913
2342,doctor,SHAP,0.5603999532786953,LIME,0.1176657381397026,0.5603999532786953,0.4427342151389927,0.35,0.11666666666666667
2342,patient,Counterfactual,0.38804209370579407,SHAP,0.016713045101747148,0.3713290486040469,0.36792570995258295,0.38804209370579407,0.31666666666666665
2342,auditor,SHAP,0.6666666666666667,LIME,0.2666666666666667,0.6666666666666667,0.4,-0.0611111111111111,6.938893903907228e-18
2342,model_centric,SHAP,0.8333333333333333,LIME,0.16666666666666663,0.8333333333333333,0.6666666666666666,0.0,0.0
20776,doctor,Counterfactual,0.6948717527139083,SHAP,0.1085780423650935,0.5862937103488148,0.5602498397870409,0.6948717527139083,0.4809008189303238
20776,patient,Counterfactual,0.753846139793525,Rules,0.11576808903897251,0.3584449776730215,0.4679488011256006,0.753846139793525,0.6380780507545525
20776,auditor,SHAP,0.774513498426378,LIME,0.1333333333333333,0.774513498426378,0.6411801650930447,0.41965800723708896,0.6041083876298626
20776,model_centric,SHAP,0.9681418730329725,LIME,0.0,0.9681418730329725,0.9681418730329725,0.5940169534908055,0.7759688178706616
10627,doctor,SHAP,0.5755682660125861,LIME,0.12937433969919587,0.5755682660125861,0.4461939263133903,0.35,0.11666666666666667
10627,patient,SHAP,0.39453862323482414,Counterfactual,0.0056481013950465675,0.39453862323482414,0.3534552197606183,0.38889052183977757,0.31666666666666665
10627,auditor,SHAP,0.6666666666666667,LIME,0.2666666666666667,0.6666666666666667,0.4,-0.0611111111111111,6.938893903907228e-18
10627,model_centric,SHAP,0.8333333333333333,LIME,0.16666666666666663,0.8333333333333333,0.6666666666666666,0.0,0.0
17013,doctor,SHAP,0.532574088542071,LIME,0.0739616268716844,0.532574088542071,0.4586124616703866,0.3870640027976129,0.30125705048555623
17013,patient,Counterfactual,0.6512435564880932,Rules,0.006380095215129944,0.32262285065123486,0.3620058717130356,0.6512435564880932,0.6448634612729632
17013,auditor,SHAP,0.7513139745587558,LIME,0.2746558225673632,0.7513139745587558,0.4766581519913926,-0.0202321975049603,0.02031692982585872
17013,model_centric,SHAP,0.9391424681984448,LIME,0.1766531115425375,0.9391424681984448,0.7624893566559073,0.044154197563244055,0.03928505117121228
3327,doctor,Counterfactual,0.7245793981420076,SHAP,0.05470637671277967,0.6698730214292279,0.56118791442519,0.7245793981420076,0.32117186295274713
3327,patient,Counterfactual,0.7637486882695581,Rules,0.2562469561741979,0.38476795512122675,0.3169260587852482,0.7637486882695581,0.5075017320953602
3327,auditor,SHAP,0.7593150111554466,LIME,0.20864752623208016,0.7593150111554466,0.5506674849233665,0.49887839504535353,0.1904115295363704
3327,model_centric,SHAP,0.9491437639443082,LIME,0.09414274112343357,0.9491437639443082,0.8550010228208746,0.6930424382511362,0.26579218969824076
1940,doctor,SHAP,0.5738685955091956,LIME,0.09734701753305341,0.5738685955091956,0.47652157797614214,0.43855065906760116,0.11666666666666667
1940,patient,Counterfactual,0.5299566637926726,LIME,0.16599257433196468,0.3469629109028898,0.3639640894607079,0.5299566637926726,0.31666666666666665
1940,auditor,SHAP,0.72771186774377,LIME,0.25851548464264096,0.72771186774377,0.469196383101129,0.09142670105820007,6.938893903907228e-18
1940,model_centric,SHAP,0.9096398346797123,LIME,0.1564776891366344,0.9096398346797123,0.7531621455430779,0.19067226521163894,0.0
4913,doctor,Counterfactual,0.7989598457314114,SHAP,0.11611745973865883,0.6828423859927526,0.5808706421010098,0.7989598457314114,0.6785441335466303
4913,patient,Rules,0.640322791990291,Counterfactual,0.009841249867429958,0.5141231091903463,0.3733666470686513,0.630481542122861,0.640322791990291
4913,auditor,Rules,0.7809881376581335,SHAP,0.00775489884912306,0.7732332388090104,0.6521106882335719,0.737502016530771,0.7809881376581335
4913,model_centric,Counterfactual,0.9982664095523525,Rules,0.0011979041463524576,0.966541548511263,0.9818050269586314,0.9982664095523525,0.997068505406
17958,doctor,SHAP,0.5886252013942818,LIME,0.18703315045244634,0.5886252013942818,0.4015920509418354,0.17986563584807463,0.28484848484848485
17958,patient,Rules,0.5272727272727273,Counterfactual,0.0690816988350127,0.3176790567815209,0.3325433894729194,0.45819102843771464,0.5272727272727273
17958,auditor,SHAP,0.8,LIME,0.4,0.8,0.4,-0.06666666666666665,-0.016666666666666656
17958,model_centric,SHAP,1.0,LIME,0.33333333333333337,1.0,0.6666666666666666,0.0,0.0
14372,doctor,SHAP,0.4848041015561543,LIME,0.064048842561578,0.4848041015561543,0.4207552589945763,0.35,0.39999999999999997
14372,patient,Rules,0.6777777777777777,Counterfactual,0.19950720240953373,0.380096871121954,0.35086506339080414,0.47827057536824397,0.6777777777777777
14372,auditor,SHAP,0.5911811180095352,LIME,0.2289238923381009,0.5911811180095352,0.3622572256714343,-0.0611111111111111,-0.00555555555555555
14372,model_centric,SHAP,0.738976397511919,LIME,0.11948819875595951,0.738976397511919,0.6194881987559595,0.0,0.0
4479,doctor,SHAP,0.6120066927443445,Counterfactual,0.05590875656293681,0.6120066927443445,0.5045438884960884,0.5560979361814077,0.11666666666666667
4479,patient,Counterfactual,0.5144698104494612,SHAP,0.051884520279002366,0.4625852901704588,0.38938504796086054,0.5144698104494612,0.31666666666666665
4479,auditor,SHAP,0.7836234057496748,LIME,0.27342050619721237,0.7836234057496748,0.5102028995524625,0.4521526987028154,6.938893903907228e-18
4479,model_centric,SHAP,0.9795292571870935,LIME,0.17510896607984883,0.9795292571870935,0.8044202911072447,0.6485242067118525,0.0
14549,doctor,Counterfactual,0.8008833874616966,SHAP,0.07321994193732784,0.7276634455243688,0.6003342225973886,0.8008833874616966,0.693881394245992
14549,patient,Counterfactual,0.7891833513761211,Rules,0.0134451088496792,0.5283588683428375,0.4396977208763149,0.7891833513761211,0.7757382425264419
14549,auditor,SHAP,0.7999031475910802,Rules,0.08913018974619069,0.7999031475910802,0.6347127336351942,0.7023556998978578,0.7107729578448895
14549,model_centric,SHAP,0.9998789344888501,LIME,0.03982135077819082,0.9998789344888501,0.9600575837106593,0.9473890693167667,0.9023550861950006
13319,doctor,SHAP,0.5261006799690487,LIME,0.011842968187934177,0.5261006799690487,0.5142577117811146,0.35,0.39999999999999997
13319,patient,Rules,0.6777777777777777,Counterfactual,0.2927211501469609,0.35158237735121967,0.35653166893605137,0.38505662763081683,0.6777777777777777
13319,auditor,SHAP,0.6659972622984125,LIME,0.13333333333333341,0.6659972622984125,0.5326639289650791,-0.0611111111111111,-0.00555555555555555
13319,model_centric,SHAP,0.8324965778730156,LIME,0.0,0.8324965778730156,0.8324965778730156,0.0,0.0
17594,doctor,Rules,0.7227389738684946,SHAP,0.047165645772729636,0.675573328095765,0.584812638992843,0.6496774594618893,0.7227389738684946
17594,patient,Rules,0.6520241024006094,SHAP,0.14945815553618746,0.5025659468644219,0.3685934438360374,0.405414475881247,0.6520241024006094
17594,auditor,Rules,0.7747630762691041,SHAP,0.0029381493999173225,0.7718249268691868,0.6566832085633884,0.5384588348380746,0.7747630762691041
17594,model_centric,LIME,0.9875206773709021,Rules,0.005177943145633246,0.9647811585864835,0.9875206773709021,0.749462432436482,0.9823427342252689
19824,doctor,SHAP,0.41352844671120237,Counterfactual,0.06352844671120239,0.41352844671120237,0.21636820098851953,0.35,0.11666666666666667
19824,patient,Counterfactual,0.5177545197061889,SHAP,0.13718272666545078,0.3805717930407381,0.3135455763924484,0.5177545197061889,0.31666666666666665
19824,auditor,SHAP,0.4,Rules,0.4,0.4,-0.07054954598671004,-0.0611111111111111,6.938893903907228e-18
19824,model_centric,SHAP,0.5,LIME,0.42152026581672086,0.5,0.07847973418327911,0.0,0.0
4211,doctor,SHAP,0.5898584250645319,LIME,0.17688736257873605,0.5898584250645319,0.41297106248579585,0.35,0.11666666666666667
4211,patient,Counterfactual,0.47998614963574915,LIME,0.13811524977233053,0.33642509647288343,0.3418708998634186,0.47998614963574915,0.31666666666666665
4211,auditor,SHAP,0.7947240321723859,LIME,0.3964826881149239,0.7947240321723859,0.398241344057462,-0.0611111111111111,6.938893903907228e-18
4211,model_centric,SHAP,0.9934050402154824,LIME,0.3289366934769883,0.9934050402154824,0.6644683467384941,0.0,0.0
13014,doctor,Counterfactual,0.7937431231656924,Rules,0.0741559915588319,0.7118035558907182,0.6154920130944834,0.7937431231656924,0.7195871316068605
13014,patient,Counterfactual,0.786803263277453,Rules,0.110829774964055,0.511266228829249,0.46795443412612703,0.786803263277453,0.675973488313398
13014,auditor,SHAP,0.7791289139217945,Rules,0.07050764271093946,0.7791289139217945,0.5817096960367337,0.6833149951085131,0.708621271210855
13014,model_centric,SHAP,0.9739111424022431,Counterfactual,0.050322954072157255,0.9739111424022431,0.8938037867125836,0.9235881883300858,0.8996654779024575
18146,doctor,Rules,0.7336450363157275,Counterfactual,0.021051323814909262,0.5476149220559918,0.5501031014473247,0.7125937125008183,0.7336450363157275
18146,patient,Counterfactual,0.759753459722495,Rules,0.19197279105159581,0.28635801725538756,0.3724167164659502,0.759753459722495,0.5677806686708992
18146,auditor,SHAP,0.7873588209068396,Rules,0.007234683660858887,0.7873588209068396,0.6666666666666667,0.4669165666688489,0.7801241372459807
18146,model_centric,LIME,1.0,Rules,0.004011495109190855,0.9841985261335495,1.0,0.6530901527805055,0.9959885048908091
6208,doctor,Rules,0.6996809500950062,SHAP,0.05553676631217974,0.6441441837828265,0.6017478839210578,0.36666666666666664,0.6996809500950062
6208,patient,Rules,0.5846889716690957,SHAP,0.13465568524732757,0.45003328642176815,0.3451897526388109,0.2444444444444444,0.5846889716690957
6208,auditor,SHAP,0.7311249828109232,Rules,0.022457490514695255,0.7311249828109232,0.6295518899570295,-0.055555555555555546,0.7086674922962279
6208,model_centric,LIME,0.9536065291129534,SHAP,0.03970030059929952,0.9139062285136539,0.9536065291129534,0.0,0.9066676987036182
1050,doctor,Counterfactual,0.7740008979168768,SHAP,0.048949673508379976,0.7250512244084968,0.5900658120741155,0.7740008979168768,0.677167991956796
1050,patient,Counterfactual,0.7802225215278478,Rules,0.01838874643113797,0.5044918422570634,0.4698229979274136,0.7802225215278478,0.7618337750967098
1050,auditor,SHAP,0.8,LIME,0.14987091236516548,0.8,0.6501290876348346,0.6306690611116713,0.6204586278364774
1050,model_centric,SHAP,1.0,LIME,0.020671973789790243,1.0,0.9793280262102098,0.8577807708340336,0.7894621736844857
8605,doctor,LIME,0.5315964821994644,SHAP,0.010928927122416221,0.5206675550770482,0.5315964821994644,0.08333333333333333,0.11666666666666667
8605,patient,SHAP,0.38388275387328974,LIME,0.0044637442464510735,0.38388275387328974,0.37941900962683867,0.2833333333333333,0.31666666666666665
8605,auditor,SHAP,0.5979968220556788,LIME,0.0323317443611727,0.5979968220556788,0.5656650776945061,-0.04999999999999999,6.938893903907228e-18
8605,model_centric,LIME,0.8737480137847993,SHAP,0.12625198621520073,0.7474960275695985,0.8737480137847993,0.0,0.0
2682,doctor,Counterfactual,0.7951054405967739,SHAP,0.08497121058895929,0.7101342300078146,0.5418386711069142,0.7951054405967739,0.6791960921824766
2682,patient,Counterfactual,0.7872573690878135,Rules,0.2259380367730197,0.5196051374785857,0.43021859177294874,0.7872573690878135,0.5613193323147938
2682,auditor,SHAP,0.8,Counterfactual,0.11305215840860294,0.8,0.6264065830666513,0.6869478415913971,0.6855766468802706
2682,model_centric,SHAP,1.0,LIME,0.05032510450001926,1.0,0.9496748954999807,0.9281292464336908,0.8778041419336715
19597,doctor,Rules,0.7126136843559462,SHAP,0.062118992327128586,0.6504946920288176,0.5890880981045066,0.5531645199302213,0.7126136843559462
19597,patient,Rules,0.6486490058964265,Counterfactual,0.02355798133234488,0.47781002574855364,0.38120556211018675,0.6250910245640816,0.6486490058964265
19597,auditor,Rules,0.7612626902523727,SHAP,0.01114816919439654,0.7501145210579762,0.6624752983117147,0.6032712866640564,0.7612626902523727
19597,model_centric,LIME,0.99476078955631,Rules,0.02929353785195521,0.9376431513224701,0.99476078955631,0.8374224416634037,0.9654672517043548
7025,doctor,Rules,0.85,Counterfactual,0.033333333333333326,0.7092523380113184,0.575206047331302,0.8166666666666667,0.85
7025,patient,Rules,0.8277777777777777,Counterfactual,0.033333333333333326,0.42738117284134763,0.3601097815829716,0.7944444444444444,0.8277777777777777
7025,auditor,Rules,0.7944444444444445,SHAP,0.0006352688450909083,0.7938091755993536,0.639492273862798,0.7444444444444445,0.7944444444444445
7025,model_centric,Counterfactual,1.0,Rules,0.0,0.9922614694991919,0.9660320089951642,1.0,1.0
18312,doctor,Counterfactual,0.7999999999999999,SHAP,0.06956028081962151,0.7304397191803784,0.6423551200353136,0.7999999999999999,0.11666666666666667
18312,patient,Counterfactual,0.5600005220641452,SHAP,0.05909126458874925,0.5009092574753959,0.4573433738177428,0.5600005220641452,0.31666666666666665
18312,auditor,SHAP,0.8,Counterfactual,0.061111111111111116,0.8,0.6666666666666667,0.7388888888888889,6.938893903907228e-18
18312,model_centric,SHAP,1.0,LIME,0.0,1.0,1.0,1.0,0.0
14236,doctor,LIME,0.5569196160830341,SHAP,0.10920096909756077,0.4477186469854733,0.5569196160830341,0.08333333333333333,0.11666666666666667
14236,patient,LIME,0.42470611920513285,SHAP,0.022081449448770885,0.40262466975636196,0.42470611920513285,0.2833333333333333,0.31666666666666665
14236,auditor,LIME,0.5418843106883597,SHAP,0.01421462429175746,0.5276696863966023,0.5418843106883597,-0.04999999999999999,6.938893903907228e-18
14236,model_centric,LIME,0.8440220550271162,SHAP,0.18443494703136343,0.6595871079957528,0.8440220550271162,0.0,0.0
232,doctor,SHAP,0.529639970761953,LIME,0.10929864769837683,0.529639970761953,0.4203413230635762,0.2587615086768702,0.39999999999999997
232,patient,Rules,0.6777777777777777,Counterfactual,0.16245191356518385,0.373023388794154,0.3450391461469875,0.5153258642125939,0.6777777777777777
232,auditor,SHAP,0.6426691151043298,LIME,0.2903547866638821,0.6426691151043298,0.3523143284404477,0.02560617629688132,-0.00555555555555555
232,model_centric,SHAP,0.8033363938804121,LIME,0.19627681666318586,0.8033363938804121,0.6070595772172263,0.11534105370443495,0.0
18378,doctor,Rules,0.8333333333333333,Counterfactual,0.06449791249732229,0.6444238385466319,0.428209912648862,0.768835420836011,0.8333333333333333
18378,patient,Counterfactual,0.7785006958342259,Rules,0.12294514027867032,0.4282383535549007,0.43109094255429725,0.7785006958342259,0.6555555555555556
18378,auditor,SHAP,0.8,Rules,0.011111111111111072,0.8,0.5203223734166393,0.616894455562696,0.788888888888889
18378,model_centric,SHAP,1.0,Rules,0.0,1.0,0.8170696334374659,0.8405625138978143,1.0
14476,doctor,SHAP,0.5795509012113977,Rules,0.17955090121139777,0.5795509012113977,0.3846666304309183,0.35,0.39999999999999997
14476,patient,Rules,0.6777777777777777,Counterfactual,0.2857739190733988,0.32043853431281105,0.33517039490160067,0.3920038587043789,0.6777777777777777
14476,auditor,SHAP,0.7839183617271951,LIME,0.4163384759207682,0.7839183617271951,0.36757988580642686,-0.0611111111111111,-0.00555555555555555
14476,model_centric,SHAP,0.9798979521589938,LIME,0.35375642823429354,0.9798979521589938,0.6261415239247002,0.0,0.0
5732,doctor,SHAP,0.7279540154253593,Counterfactual,0.0228332243898125,0.7279540154253593,0.5842402238293628,0.7051207910355468,0.6470309343118353
5732,patient,Counterfactual,0.7572624859007379,Rules,0.10591299317690972,0.40525450450679656,0.337928285823352,0.7572624859007379,0.6513494927238281
5732,auditor,SHAP,0.8,Rules,0.16645395549610897,0.8,0.6135250041781135,0.4469887760947916,0.6335460445038911
5732,model_centric,SHAP,1.0,LIME,0.06642707811069148,1.0,0.9335729218893085,0.6281804145629339,0.812765888963197
15086,doctor,Counterfactual,0.7297935422082187,SHAP,0.20482674793181332,0.5249667942764054,0.48717642899654845,0.7297935422082187,0.11666666666666667
15086,patient,Counterfactual,0.5406242132355412,SHAP,0.10995253928265114,0.4306716739528901,0.4013024411100966,0.5406242132355412,0.31666666666666665
15086,auditor,Counterfactual,0.6452802784998471,SHAP,0.012591466016651065,0.6326888124831961,0.49793916733259497,0.6452802784998471,6.938893903907228e-18
15086,model_centric,Counterfactual,0.8829892370136978,SHAP,0.09212822140970278,0.790861015603995,0.7890906258324103,0.8829892370136978,0.0
1325,doctor,Rules,0.7333333333333333,SHAP,0.2637868883479074,0.46954644498542586,0.4628173218904619,0.4126376146097149,0.7333333333333333
1325,patient,Counterfactual,0.6722253908102473,Rules,0.01666983525469179,0.2650248918891832,0.3599032088721912,0.6722253908102473,0.6555555555555556
1325,auditor,Rules,0.788888888888889,SHAP,0.1065010066943688,0.6823878821945202,0.5510682438528347,0.27493282473153635,0.788888888888889
1325,model_centric,Rules,1.0,LIME,0.14449802851728988,0.8529848527431503,0.8555019714827101,0.42005491980330933,1.0
16844,doctor,SHAP,0.607633839435667,LIME,0.03137247615765504,0.607633839435667,0.5762613632780119,0.5742667194987047,0.11666666666666667
16844,patient,Counterfactual,0.7045800810483196,SHAP,0.25661397871569336,0.44796610233262624,0.4127258535707499,0.7045800810483196,0.31666666666666665
16844,auditor,SHAP,0.6795335015267729,LIME,0.056427512463180896,0.6795335015267729,0.623105989063592,0.45308692736249245,6.938893903907228e-18
16844,model_centric,LIME,0.9455491529961566,SHAP,0.09613227608769037,0.8494168769084662,0.9455491529961566,0.6427475480920044,0.0
15530,doctor,Rules,0.5833333333333333,SHAP,0.061668921120338394,0.5216644122129949,0.48577460140369455,0.17784552292028372,0.5833333333333333
15530,patient,Counterfactual,0.6055555555555555,Rules,0.0,0.34020454769962416,0.3826121936052471,0.6055555555555555,0.6055555555555555
15530,auditor,SHAP,0.6666666666666667,Rules,0.07777777777777783,0.6666666666666667,0.5333333333333333,-0.0611111111111111,0.5888888888888889
15530,model_centric,SHAP,0.8333333333333333,LIME,0.0,0.8333333333333333,0.8333333333333333,0.0,0.75
7803,doctor,SHAP,0.6329708062966468,LIME,0.1312357680602364,0.6329708062966468,0.5017350382364104,0.36666666666666664,0.2795072628967471
7803,patient,Counterfactual,0.6444444444444444,Rules,0.2306404361772747,0.24025206266380067,0.34148870159612005,0.6444444444444444,0.4138040082671697
7803,auditor,SHAP,0.7988541549805543,LIME,0.2957474882446617,0.7988541549805543,0.5031066667358927,-0.055555555555555546,0.20033841710455524
7803,model_centric,SHAP,0.9985676937256929,LIME,0.20301769363916045,0.9985676937256929,0.7955500000865324,0.0,0.2712563547140273
16452,doctor,Rules,0.7347572265253268,SHAP,0.002781232715669879,0.7319759938096569,0.6238767041335127,0.6424427700702675,0.7347572265253268
16452,patient,Rules,0.5681513987407656,SHAP,0.04562252130573985,0.5225288774350257,0.4653396859460268,0.37042501495022095,0.5681513987407656
16452,auditor,SHAP,0.791008672677715,Rules,0.007869691704649795,0.791008672677715,0.6442679946484542,0.5221089099679485,0.7831389809730652
16452,model_centric,Rules,0.9997570595496648,SHAP,0.010996218702520988,0.9887608408471438,0.9720016599772343,0.7290250263488245,0.9997570595496648
20288,doctor,Rules,0.7979745103814048,SHAP,0.19582079532060048,0.6021537150608043,0.46054117701764713,0.08333333333333333,0.7979745103814048
20288,patient,Rules,0.8104359479049127,SHAP,0.39436391247081315,0.41607203543409954,0.38231726478737615,0.2833333333333333,0.8104359479049127
20288,auditor,SHAP,0.7337372895531099,Rules,0.07802748409158589,0.7337372895531099,0.4191304881436648,-0.04999999999999999,0.655709805461524
20288,model_centric,SHAP,0.9171716119413873,Rules,0.09058991067003785,0.9171716119413873,0.6905797768462476,0.0,0.8265817012713494
5380,doctor,SHAP,0.50748357785639,Rules,0.10748357785639001,0.50748357785639,0.3470336061800516,0.08333333333333333,0.39999999999999997
5380,patient,Rules,0.6777777777777777,SHAP,0.2893071562275509,0.3884706215502268,0.33294709461492566,0.2833333333333333,0.6777777777777777
5380,auditor,SHAP,0.6494104655948323,LIME,0.33969379870117494,0.6494104655948323,0.30971666689365734,-0.04999999999999999,-0.00555555555555555
5380,model_centric,SHAP,0.8117630819935403,LIME,0.257950581709802,0.8117630819935403,0.5538125002837383,0.0,0.0
9567,doctor,SHAP,0.5495307226005732,Rules,0.16619738926723993,0.5495307226005732,0.21011900102366363,0.35,0.3833333333333333
9567,patient,SHAP,0.38965661696057374,Counterfactual,4.663973379431807e-05,0.38965661696057374,0.34136121036998246,0.3896099772267794,0.3722222222222222
9567,auditor,SHAP,0.6666666666666667,Rules,0.6777777777777778,0.6666666666666667,-0.04419447043899698,-0.0611111111111111,-0.011111111111111106
9567,model_centric,SHAP,0.8333333333333334,LIME,0.721909754715413,0.8333333333333334,0.11142357861792043,0.0,0.0
19673,doctor,Counterfactual,0.7999999999999999,Rules,0.2820818995489077,0.4879326111921244,0.5117277572526827,0.7999999999999999,0.5179181004510922
19673,patient,Counterfactual,0.5652447762531241,Rules,0.14816096499164894,0.3696575970914734,0.3660021299026026,0.5652447762531241,0.41708381126147515
19673,auditor,Rules,0.7516685783792342,Counterfactual,0.012779689490345247,0.5527696794474324,0.5430515063903829,0.7388888888888889,0.7516685783792342
19673,model_centric,Counterfactual,1.0,Rules,0.053469832581512944,0.6909620993092904,0.8454810496546452,1.0,0.9465301674184871
1462,doctor,Counterfactual,0.8166666666666667,Rules,0.08180168332734472,0.694107011527649,0.5669959272266976,0.8166666666666667,0.7348649833393219
1462,patient,Counterfactual,0.7944444444444444,Rules,0.11337833888689264,0.4935837299595866,0.38002669704217895,0.7944444444444444,0.6810661055575518
1462,auditor,SHAP,0.7582784888995354,Rules,0.000680733335994943,0.7582784888995354,0.6458059111164344,0.7444444444444445,0.7575977555635405
1462,model_centric,Counterfactual,1.0,LIME,0.026075944437790488,0.9478481111244192,0.9739240555622095,1.0,0.9608860833433144
13205,doctor,SHAP,0.49359398593111736,Rules,0.0935939859311174,0.49359398593111736,0.3233232099855715,0.35,0.39999999999999997
13205,patient,Rules,0.6777777777777777,Counterfactual,0.1959655249871256,0.3600826281240192,0.34175829956348525,0.4818122527906521,0.6777777777777777
13205,auditor,SHAP,0.6482784757598574,LIME,0.44046983534878414,0.6482784757598574,0.20780864041107328,-0.0611111111111111,-0.00555555555555555
13205,model_centric,SHAP,0.8103480946998216,LIME,0.3839206275193134,0.8103480946998216,0.4264274671805082,0.0,0.0
17702,doctor,SHAP,0.5356049323563491,LIME,0.12310952432048783,0.5356049323563491,0.41249540803586127,0.26000754258896425,0.39999999999999997
17702,patient,Counterfactual,0.4260532936163075,SHAP,0.05571650046682319,0.3703367931494843,0.3542220925549553,0.4260532936163075,0.27777777777777773
17702,auditor,SHAP,0.6518795094952818,LIME,0.2916466061542037,0.6518795094952818,0.36023290334107816,-0.021275154317064074,-0.00555555555555555
17702,model_centric,SHAP,0.8148493868691022,LIME,0.1978915910260879,0.8148493868691022,0.6169577958430144,0.05673939043700322,0.0
19406,doctor,SHAP,0.6187007764573765,LIME,0.14040960294005045,0.6187007764573765,0.4782911735173261,0.08333333333333333,0.11666666666666667
19406,patient,SHAP,0.5049290413363374,LIME,0.09187553963907441,0.5049290413363374,0.413053501697263,0.2833333333333333,0.31666666666666665
19406,auditor,SHAP,0.7842173745630104,LIME,0.36358721106877845,0.7842173745630104,0.420630163494232,-0.04999999999999999,6.938893903907228e-18
19406,model_centric,SHAP,0.980271718203763,LIME,0.2878173471693064,0.980271718203763,0.6924543710344566,0.0,0.0
16005,doctor,SHAP,0.7155648557556655,LIME,0.13183792700696773,0.7155648557556655,0.5837269287486978,0.4730915063754108,0.11074816160025924
16005,patient,Counterfactual,0.7006446258667284,LIME,0.16114562699362422,0.5159308462126961,0.5394989988731042,0.7006446258667284,0.28136049831119747
16005,auditor,SHAP,0.8,LIME,0.23996222320663174,0.8,0.5600377767933683,0.47564189421698333,0.012246230518888311
16005,model_centric,SHAP,1.0,LIME,0.13328611234162302,1.0,0.866713887658377,0.670941256660118,0.022252232593054824
398,doctor,SHAP,0.5517692693431752,Rules,0.11044980611667349,0.5517692693431752,0.4289032715141119,0.38149439068264807,0.4413194632265017
398,patient,Rules,0.6915509321866117,Counterfactual,0.22121469524224263,0.40413789676637474,0.32891403579212064,0.47033623694436905,0.6915509321866117
398,auditor,SHAP,0.6789635075055733,LIME,0.2930182826687673,0.6789635075055733,0.38594522483680604,-0.008596843847795892,0.06005880843289775
398,model_centric,SHAP,0.8487043843819667,LIME,0.19960618666929253,0.8487043843819667,0.6490981977126742,0.06564283407914401,0.08201795498556663
16307,doctor,SHAP,0.5362146014364311,LIME,0.13095612423163128,0.5362146014364311,0.4052584772047998,0.35,0.39999999999999997
16307,patient,Rules,0.6777777777777777,Counterfactual,0.1934848970185133,0.3624546596861785,0.34110406438491114,0.4842928807592644,0.6777777777777777
16307,auditor,SHAP,0.6553423935551448,LIME,0.28595438406140233,0.6553423935551448,0.36938800949374245,-0.0611111111111111,-0.00555555555555555
16307,model_centric,SHAP,0.819177991943931,LIME,0.19077631341008638,0.819177991943931,0.6284016785338447,0.0,0.0
20573,doctor,Counterfactual,0.6771453489958963,SHAP,0.04959478627477776,0.6275505627211185,0.5443581987637528,0.6771453489958963,0.11666666666666667
20573,patient,Counterfactual,0.6089018988755375,SHAP,0.13740641256120878,0.4714954863143287,0.4194151893734185,0.6089018988755375,0.31666666666666665
20573,auditor,SHAP,0.7438758574398867,LIME,0.15416573797301436,0.7438758574398867,0.5897101194668724,0.48484884375678167,6.938893903907228e-18
20573,model_centric,SHAP,0.9298448217998583,LIME,0.026040505799601266,0.9298448217998583,0.903804316000257,0.6824499435848659,0.0
5485,doctor,SHAP,0.4879227903086902,Rules,0.08792279030869021,0.4879227903086902,0.36245706903893565,0.35,0.39999999999999997
5485,patient,Rules,0.6777777777777777,Counterfactual,0.2895897385364266,0.3714761155726597,0.37566752565202244,0.3881880392413511,0.6777777777777777
5485,auditor,SHAP,0.6262311783166231,LIME,0.31246429657443153,0.6262311783166231,0.3137668817421916,-0.0611111111111111,-0.00555555555555555
5485,model_centric,SHAP,0.7827889728957789,LIME,0.22391370405137279,0.7827889728957789,0.5588752688444061,0.0,0.0
12469,doctor,SHAP,0.5728966415887284,Rules,0.17289664158872847,0.5728966415887284,0.3861035679337478,0.36666666666666664,0.39999999999999997
12469,patient,Rules,0.6777777777777777,Counterfactual,0.033333333333333326,0.418368687028549,0.4266004421170064,0.6444444444444444,0.6777777777777777
12469,auditor,SHAP,0.6523622593992194,LIME,0.3565291091193664,0.6523622593992194,0.295833150279853,-0.055555555555555546,-0.00555555555555555
12469,model_centric,SHAP,0.8154528242490242,LIME,0.2789947197325413,0.8154528242490242,0.5364581045164829,0.0,0.0
12075,doctor,SHAP,0.5439105197660662,LIME,0.12650948362690173,0.5439105197660662,0.41740103613916446,0.3266491501594683,0.11666666666666667
12075,patient,Counterfactual,0.410634964918251,LIME,0.043864509345116376,0.3625962066807142,0.36677045557313465,0.410634964918251,0.31666666666666665
12075,auditor,SHAP,0.6666666666666667,LIME,0.2666666666666667,0.6666666666666667,0.4,0.06259490721207936,6.938893903907228e-18
12075,model_centric,SHAP,0.8333333333333333,LIME,0.16666666666666663,0.8333333333333333,0.6666666666666666,0.16157696734843252,0.0
4281,doctor,SHAP,0.4930358601311244,LIME,0.036394650562780184,0.4930358601311244,0.4566412095683442,0.43866724229140275,0.11666666666666667
4281,patient,Counterfactual,0.6857225777520273,LIME,0.31700710652255093,0.35036193201111243,0.36871547122947634,0.6857225777520273,0.31666666666666665
4281,auditor,SHAP,0.5898337541396409,LIME,0.10758212161726677,0.5898337541396409,0.48225163252237413,0.4595569776747759,6.938893903907228e-18
4281,model_centric,LIME,0.7694812073196342,SHAP,0.03218901464508306,0.7372921926745512,0.7694812073196342,0.6508351109823587,0.0
13347,doctor,Counterfactual,0.7563143101809587,Rules,0.05753873228647677,0.6757706601746252,0.5228333550569462,0.7563143101809587,0.698775577894482
13347,patient,Counterfactual,0.7743269922825418,Rules,0.11099244292590149,0.448189123809782,0.3235644547691272,0.7743269922825418,0.6633345493566403
13347,auditor,SHAP,0.796297692518946,Rules,0.02890144632512115,0.796297692518946,0.596345968124381,0.5835048271492235,0.7673962461938248
13347,model_centric,SHAP,0.9953721156486824,Rules,0.015293474573068067,0.9953721156486824,0.9120991268221429,0.7988254783809738,0.9800786410756144
13396,doctor,SHAP,0.5235908905318226,Counterfactual,0.17359089053182264,0.5235908905318226,0.22004012856739733,0.35,0.11666666666666667
13396,patient,Counterfactual,0.38651158320002044,SHAP,0.0059061974131271455,0.3806053857868933,0.31805468021807937,0.38651158320002044,0.31666666666666665
13396,auditor,SHAP,0.6107517833436442,Rules,0.6107517833436442,0.6107517833436442,-0.10317807985089106,-0.0611111111111111,6.938893903907228e-18
13396,model_centric,SHAP,0.7634397291795552,LIME,0.7257456623265023,0.7634397291795552,0.03769406685305284,0.0,0.0
18114,doctor,SHAP,0.6727617630493513,LIME,0.08476662774870702,0.6727617630493513,0.5879951353006443,0.08333333333333333,0.2421903709607914
18114,patient,Rules,0.3870793300028035,LIME,0.05329926144544378,0.301355251730127,0.3337800685573597,0.2833333333333333,0.3870793300028035
18114,auditor,SHAP,0.752291753087234,LIME,0.08562508642056721,0.752291753087234,0.6666666666666667,-0.04999999999999999,0.0659879295159259
18114,model_centric,LIME,1.0,SHAP,0.059635308640957674,0.9403646913590423,1.0,0.0,0.10331824522824068
4809,doctor,Rules,0.5833333333333333,SHAP,0.004809777964653095,0.5785235553686802,0.40022197415655764,0.35,0.5833333333333333
4809,patient,Rules,0.6055555555555555,Counterfactual,0.12042273739112364,0.3144619901765046,0.33909665528958655,0.4851328181644319,0.6055555555555555
4809,auditor,SHAP,0.8,Rules,0.21111111111111114,0.8,0.4000000000000001,-0.0611111111111111,0.5888888888888889
4809,model_centric,SHAP,1.0,Rules,0.25,1.0,0.6666666666666667,0.0,0.75
10697,doctor,SHAP,0.41386248185555113,LIME,0.007038572634761875,0.41386248185555113,0.40682390922078926,0.36666666666666664,0.39999999999999997
10697,patient,Rules,0.6777777777777777,Counterfactual,0.033333333333333326,0.33632474960121894,0.36461654124005477,0.6444444444444444,0.6777777777777777
10697,auditor,SHAP,0.5611822452182136,LIME,0.16118224521821356,0.5611822452182136,0.4,-0.055555555555555546,-0.00555555555555555
10697,model_centric,SHAP,0.7014778065227669,LIME,0.03481113985610029,0.7014778065227669,0.6666666666666666,0.0,0.0
16306,doctor,SHAP,0.4467638515959287,LIME,0.00799335015368724,0.4467638515959287,0.43877050144224145,0.08333333333333333,0.39999999999999997
16306,patient,Rules,0.6777777777777777,LIME,0.3235380683678149,0.35338510227985614,0.3542397094099628,0.2833333333333333,0.6777777777777777
16306,auditor,SHAP,0.5601954645590153,LIME,0.16019546455901523,0.5601954645590153,0.4,-0.04999999999999999,-0.00555555555555555
16306,model_centric,SHAP,0.700244330698769,LIME,0.03357766403210238,0.700244330698769,0.6666666666666666,0.0,0.0
11259,doctor,SHAP,0.45536943945514563,LIME,0.014211567412161119,0.45536943945514563,0.4411578720429845,0.08333333333333333,0.39999999999999997
11259,patient,Rules,0.6777777777777777,LIME,0.3141495658677434,0.3498712219050259,0.3636282119100343,0.2833333333333333,0.6777777777777777
11259,auditor,SHAP,0.5725406303914904,LIME,0.17508101562204575,0.5725406303914904,0.39745961476944464,-0.04999999999999999,-0.00555555555555555
11259,model_centric,SHAP,0.7156757879893629,LIME,0.05218460286089055,0.7156757879893629,0.6634911851284724,0.0,0.0
11697,doctor,Counterfactual,0.7177400887326368,SHAP,0.04199656268624141,0.6757435260463954,0.5844297382853173,0.7177400887326368,0.5086573977899612
11697,patient,Rules,0.5806635770410982,Counterfactual,0.14668184956037905,0.35394958746955163,0.3161595024105372,0.4339817274807191,0.5806635770410982
11697,auditor,SHAP,0.8,LIME,0.1537391083980294,0.8,0.6462608916019706,0.5336840958658629,0.3468121492306349
11697,model_centric,SHAP,1.0,LIME,0.02550721883087015,1.0,0.9744927811691299,0.7434940087212174,0.4474040754271825
11443,doctor,SHAP,0.5119319077216958,Counterfactual,0.04681840107978913,0.5119319077216958,0.3918477816827755,0.4651135066419067,0.18869992246093514
11443,patient,Counterfactual,0.6772600577695245,Rules,0.036582305838101625,0.32853041678951067,0.3356235599765761,0.6772600577695245,0.6406777519314228
11443,auditor,SHAP,0.71055924210138,LIME,0.32530886841559986,0.71055924210138,0.38525037368578013,0.11884292288016979,-0.0014528239808423117
11443,model_centric,SHAP,0.8881990526267249,LIME,0.23996941885283318,0.8881990526267249,0.6482296337738918,0.21799809804465667,0.012072858912835993
3413,doctor,SHAP,0.5348060063995773,Rules,0.006771654210677158,0.5348060063995773,0.4183101661824921,0.4947010188555668,0.5280343521889002
3413,patient,Rules,0.6871225618407445,Counterfactual,0.22492787758859917,0.33057207243880815,0.35091203926613523,0.4621946842521453,0.6871225618407445
3413,auditor,SHAP,0.7224022019835058,LIME,0.2980289617678097,0.7224022019835058,0.4243732402156961,0.21721802725237094,0.2672180272523709
3413,model_centric,SHAP,0.9030027524793822,LIME,0.2058695355430955,0.9030027524793822,0.6971332169362867,0.3479114229543525,0.3479114229543525
12357,doctor,Counterfactual,0.7999999999999999,Rules,0.07672356053058993,0.6766377472427616,0.5820819864652105,0.7999999999999999,0.72327643946941
12357,patient,Rules,0.6522032576009145,Counterfactual,0.08818170112913759,0.502805068946438,0.4032043268900912,0.5640215564717769,0.6522032576009145
12357,auditor,Rules,0.7754796970703245,SHAP,0.0011631413345905006,0.774316555735734,0.6625236752903678,0.7388888888888889,0.7754796970703245
12357,model_centric,Counterfactual,1.0,LIME,0.005178739220373707,0.9678956946696674,0.9948212607796263,1.0,0.9832385102267944
1725,doctor,Counterfactual,0.8166666666666667,Rules,0.08724479556659781,0.6821365286917167,0.6055912432744058,0.8166666666666667,0.7294218711000688
1725,patient,Counterfactual,0.7944444444444444,Rules,0.1151927096333103,0.4886367864477547,0.43682602771535356,0.7944444444444444,0.6792517348111341
1725,auditor,SHAP,0.7597861619484438,Counterfactual,0.015341717503999375,0.7597861619484438,0.6241491463819228,0.7444444444444445,0.740627898784194
1725,model_centric,Counterfactual,1.0,SHAP,0.050267297564445146,0.9497327024355549,0.94685309964407,1.0,0.9396737623691314
8923,doctor,Rules,0.7053055058848469,SHAP,0.07440765546160877,0.6308978504232381,0.49818391539190193,0.08333333333333333,0.7053055058848469
8923,patient,Rules,0.6462129464060601,SHAP,0.2349052576886057,0.4113076887174544,0.3433285395626784,0.2833333333333333,0.6462129464060601
8923,auditor,SHAP,0.7531025887416942,Rules,0.012096930832845465,0.7531025887416942,0.5260625451220491,-0.04999999999999999,0.7410056579088488
8923,model_centric,SHAP,0.9413782359271177,Rules,0.0012322746521677974,0.9413782359271177,0.824244848069228,0.0,0.9401459612749499
16872,doctor,SHAP,0.6563428450064573,Rules,0.03798860166483087,0.6563428450064573,0.4639529614407919,0.4180236731342605,0.6183542433416265
16872,patient,Counterfactual,0.6797524495363635,Rules,0.022172380118394397,0.5010332134248624,0.4980035342985633,0.6797524495363635,0.6575800694179691
16872,auditor,SHAP,0.7377448406147358,Rules,0.12443245112440338,0.7377448406147358,0.5433812932542041,0.361531192530374,0.6133123894903324
16872,model_centric,SHAP,0.9221810507684196,LIME,0.07628776753399791,0.9221810507684196,0.8458932832344217,0.5283028795518564,0.7874738201962488
1602,doctor,Counterfactual,0.7976072619260838,SHAP,0.22518278729147967,0.5724244746346041,0.563323598750574,0.7976072619260838,0.11666666666666667
1602,patient,Counterfactual,0.5687724974300289,SHAP,0.10886661386379415,0.45990588356623474,0.40742004325681974,0.5687724974300289,0.31666666666666665
1602,auditor,Counterfactual,0.7356985714570007,SHAP,0.09434020893414974,0.6413583625228509,0.5852246091610132,0.7356985714570007,6.938893903907228e-18
1602,model_centric,Counterfactual,0.9960121032101397,LIME,0.09781467509220665,0.8016979531535637,0.898197428117933,0.9960121032101397,0.0
8615,doctor,Counterfactual,0.6369342475419105,SHAP,0.0470193895672536,0.5899148579746569,0.3028394498027446,0.6369342475419105,0.39999999999999997
8615,patient,Rules,0.6777777777777777,Counterfactual,0.10225462700181076,0.42243078472419454,0.40593216702557056,0.5755231507759669,0.6777777777777777
8615,auditor,SHAP,0.6563192159253013,Counterfactual,0.1465354850134457,0.6563192159253013,0.24442980410995716,0.5097837309118556,-0.00555555555555555
8615,model_centric,SHAP,0.8203990199066267,Counterfactual,0.10678046737791824,0.8203990199066267,0.4722039218041131,0.7136185525287084,0.0
9864,doctor,SHAP,0.5975020038823244,LIME,0.17626311471318357,0.5975020038823244,0.4212388891691409,0.35,0.11666666666666667
9864,patient,Counterfactual,0.4804088562884686,LIME,0.11942556923780989,0.34481379747596774,0.3609832870506587,0.4804088562884686,0.31666666666666665
9864,auditor,SHAP,0.8,LIME,0.4,0.8,0.4,-0.0611111111111111,6.938893903907228e-18
9864,model_centric,SHAP,1.0,LIME,0.33333333333333337,1.0,0.6666666666666666,0.0,0.0
4543,doctor,SHAP,0.47768788499834147,Rules,0.0776878849983415,0.47768788499834147,0.38481107314919555,0.35,0.39999999999999997
4543,patient,Rules,0.6777777777777777,Counterfactual,0.20855759130453622,0.3389215511827055,0.32054351176706397,0.4692201864732415,0.6777777777777777
4543,auditor,SHAP,0.625621479426314,LIME,0.2988965613471266,0.625621479426314,0.32672491807918735,-0.0611111111111111,-0.00555555555555555
4543,model_centric,SHAP,0.7820268492828923,LIME,0.20695403501724152,0.7820268492828923,0.5750728142656508,0.0,0.0
19476,doctor,SHAP,0.4777540583147209,Rules,0.07775405831472093,0.4777540583147209,0.3787103659703575,0.23589828080569722,0.39999999999999997
19476,patient,Rules,0.6777777777777777,Counterfactual,0.15742454460472,0.3902748734939938,0.3530975597655736,0.5203532331730577,0.6777777777777777
19476,auditor,SHAP,0.6130274284892163,LIME,0.27878341758016223,0.6130274284892163,0.3342440109090541,0.01754994090307105,-0.00555555555555555
19476,model_centric,SHAP,0.7662842856115204,LIME,0.18181260530853616,0.7662842856115204,0.5844716803029842,0.10527075946217213,0.0
17314,doctor,SHAP,0.6611831551785435,LIME,0.08202318723741386,0.6611831551785435,0.5791599679411297,0.08333333333333333,0.11666666666666667
17314,patient,SHAP,0.5143913532964591,LIME,0.04981487051292788,0.5143913532964591,0.46457648278353125,0.2833333333333333,0.31666666666666665
17314,auditor,SHAP,0.8,LIME,0.18546193933694877,0.8,0.6145380606630513,-0.04999999999999999,6.938893903907228e-18
17314,model_centric,SHAP,1.0,LIME,0.06516075750451933,1.0,0.9348392424954807,0.0,0.0
6457,doctor,SHAP,0.6400343266552946,LIME,0.13067366970538485,0.6400343266552946,0.5093606569499097,0.08333333333333333,0.18259326229808182
6457,patient,Rules,0.4053088652104717,LIME,0.024122031802714883,0.3326404841648846,0.38118683340775683,0.2833333333333333,0.4053088652104717
6457,auditor,SHAP,0.7492932626827775,LIME,0.26195662411126697,0.7492932626827775,0.48733663857151055,-0.04999999999999999,0.17847590947759193
6457,model_centric,SHAP,0.9366165783534719,LIME,0.16077911347241713,0.9366165783534719,0.7758374648810548,0.0,0.23698377573587875
713,doctor,SHAP,0.5924088843768744,Counterfactual,0.08947652841836762,0.5924088843768744,0.4947976496600971,0.5029323559585068,0.11666666666666667
713,patient,Counterfactual,0.5536031372263552,LIME,0.16610301696785745,0.3813385361113784,0.3875001202584978,0.5536031372263552,0.31666666666666665
713,auditor,SHAP,0.7499376187662741,LIME,0.24342128833549315,0.7499376187662741,0.5065163304307809,0.20642072816110946,6.938893903907228e-18
713,model_centric,SHAP,0.9374220234578425,LIME,0.13760994375269975,0.9374220234578425,0.7998120797051428,0.3344147990902757,0.0
4486,doctor,Rules,0.6251485456968838,SHAP,0.061769268746504125,0.5633792769503797,0.4199506447389776,0.4089145496428799,0.6251485456968838
4486,patient,Counterfactual,0.5014424485764482,Rules,0.05164545859667874,0.34675222822220997,0.42109095983581335,0.5014424485764482,0.4497969899797694
4486,auditor,SHAP,0.7628243235554412,Rules,0.016666666666666607,0.7628243235554412,0.4770300816985869,0.054817331439273795,0.7461576568887746
4486,model_centric,SHAP,0.9535304044443014,Rules,0.0,0.9535304044443014,0.7629542687899002,0.14491055318798113,0.9535304044443014
16479,doctor,SHAP,0.5539872554287774,Rules,0.1539872554287774,0.5539872554287774,0.39100465224925085,0.36666666666666664,0.39999999999999997
16479,patient,Rules,0.6777777777777777,Counterfactual,0.033333333333333326,0.43671760894421285,0.3666626662457717,0.6444444444444444,0.6777777777777777
16479,auditor,SHAP,0.6666666666666667,LIME,0.2839957462137906,0.6666666666666667,0.38267092045287615,-0.055555555555555546,-0.00555555555555555
16479,model_centric,SHAP,0.8333333333333334,LIME,0.1883280161005716,0.8333333333333334,0.6450053172327618,0.0,0.0
15984,doctor,SHAP,0.49760621389634996,Counterfactual,0.010569453048942523,0.49760621389634996,0.4002384824850781,0.48703676084740744,0.39999999999999997
15984,patient,Rules,0.6777777777777777,Counterfactual,0.21533834494822773,0.44750594351414963,0.37998769332755056,0.46243943282954997,0.6777777777777777
15984,auditor,SHAP,0.6344396638170526,LIME,0.25055316524185967,0.6344396638170526,0.38388649857519297,0.3821742480063567,-0.00555555555555555
15984,model_centric,SHAP,0.7930495797713157,LIME,0.14652478988565787,0.7930495797713157,0.6465247898856579,0.5610511433412791,0.0
13042,doctor,Counterfactual,0.6862155497906964,SHAP,0.03367790637189272,0.6525376434188037,0.6240902576120114,0.6862155497906964,0.13878979825656507
13042,patient,Counterfactual,0.7509607388191211,LIME,0.3506035749561433,0.37826459040998306,0.40035716386297776,0.7509607388191211,0.3573743771966328
13042,auditor,SHAP,0.8,LIME,0.1333333333333333,0.8,0.6666666666666667,0.3965747994418573,0.07536730686720457
13042,model_centric,SHAP,1.0,LIME,0.0,1.0,1.0,0.565162943746766,0.10809802247289459
407,doctor,Rules,0.85,Counterfactual,0.07320540035091516,0.6021058957056233,0.4362769047381786,0.7767945996490848,0.85
407,patient,Rules,0.8277777777777777,Counterfactual,0.18146282215854637,0.40918907410279304,0.3283143700357181,0.6463149556192314,0.8277777777777777
407,auditor,Rules,0.7944444444444445,SHAP,0.016000704390216947,0.7784437400542276,0.4828885652261426,0.7079483550876687,0.7944444444444445
407,model_centric,Rules,1.0,SHAP,0.026945324932215575,0.9730546750677844,0.7702773731993449,0.9613243327484747,1.0
14345,doctor,Counterfactual,0.8166666666666667,Rules,0.07205263000281747,0.7058332286077424,0.5662591256941875,0.8166666666666667,0.7446140366638492
14345,patient,Counterfactual,0.7944444444444444,Rules,0.09512865444538354,0.5010424976396652,0.3730762775008451,0.7944444444444444,0.6993157899990609
14345,auditor,SHAP,0.7745440451018324,Counterfactual,0.030099600657387926,0.7745440451018324,0.6274645234107283,0.7444444444444445,0.7437233991506913
14345,model_centric,Counterfactual,1.0,SHAP,0.03181994362270957,0.9681800563772904,0.950997320930077,1.0,0.943543137827253
779,doctor,Rules,0.85,SHAP,0.16537640034478263,0.6846235996552174,0.5535278898628192,0.6533147291412026,0.85
779,patient,Rules,0.8277777777777777,Counterfactual,0.07222222222222219,0.41585179030274616,0.37326066025601884,0.7555555555555555,0.8277777777777777
779,auditor,Rules,0.7944444444444445,SHAP,0.0023546765860129604,0.7920897678584315,0.6112282237242108,0.7388888888888889,0.7944444444444445
779,model_centric,Counterfactual,1.0,Rules,0.0,0.9901122098230394,0.9307019463219302,1.0,1.0
751,doctor,SHAP,0.4819414317457071,LIME,0.07028801965772952,0.4819414317457071,0.41165341208797757,0.36666666666666664,0.39999999999999997
751,patient,Rules,0.6777777777777777,Counterfactual,0.033333333333333326,0.3777992101765634,0.3406787132422528,0.6444444444444444,0.6777777777777777
751,auditor,SHAP,0.5261912511054512,LIME,0.13519128864752333,0.5261912511054512,0.39099996245792784,-0.055555555555555546,-0.00555555555555555
751,model_centric,SHAP,0.6577390638818139,LIME,0.002322444142737412,0.6577390638818139,0.6554166197390765,0.0,0.0
8672,doctor,Counterfactual,0.8013760304622589,SHAP,0.1217972373888,0.6795787930734589,0.6025249183012278,0.8013760304622589,0.6109936501715725
8672,patient,Counterfactual,0.7893475657096418,Rules,0.062450692420127685,0.5059959489728286,0.4444037021032126,0.7893475657096418,0.7268968732895141
8672,auditor,SHAP,0.7629665860060423,Counterfactual,0.05929717144001845,0.7629665860060423,0.6169462135100727,0.7036694145660238,0.6571502311753106
8672,model_centric,SHAP,0.9537082325075528,Counterfactual,0.004677019855578557,0.9537082325075528,0.9378494335542575,0.9490312126519742,0.8422711223024715
5285,doctor,SHAP,0.48214377869025415,LIME,0.06510548832799296,0.48214377869025415,0.4170382903622612,0.3923561696616406,0.39999999999999997
5285,patient,Rules,0.6777777777777777,Counterfactual,0.019044971757702256,0.3730112413327402,0.3368193204679611,0.6587328060200754,0.6777777777777777
5285,auditor,SHAP,0.5333333333333334,LIME,0.13333333333333336,0.5333333333333334,0.4000000000000001,0.27890491092873815,-0.00555555555555555
5285,model_centric,SHAP,0.6666666666666667,LIME,0.0,0.6666666666666667,0.6666666666666667,0.4250200275498115,0.0
9228,doctor,Counterfactual,0.8166666666666667,SHAP,0.22155766277744815,0.5951090038892185,0.5044972447419637,0.8166666666666667,0.5443080713711522
9228,patient,Counterfactual,0.7944444444444444,Rules,0.21256397620961587,0.4545200838306118,0.3427271236941888,0.7944444444444444,0.5818804682348285
9228,auditor,Counterfactual,0.7444444444444445,SHAP,0.05228313848222044,0.692161305962224,0.5769304153510783,0.7444444444444445,0.6197713288052933
9228,model_centric,Counterfactual,1.0,LIME,0.11217031414448553,0.86520163245278,0.8878296858555145,1.0,0.8024919387843943
10529,doctor,Counterfactual,0.7726376176309087,SHAP,0.0628586715990358,0.7097789460318729,0.47144187208671734,0.7726376176309087,0.6424245919711319
10529,patient,Counterfactual,0.7797680947658584,Rules,0.2423942408764912,0.48712025647944435,0.43415217589050753,0.7797680947658584,0.5373738538893672
10529,auditor,SHAP,0.8,Rules,0.16688255662823115,0.8,0.5713063211752191,0.6270336470157565,0.6331174433717689
10529,model_centric,SHAP,1.0,LIME,0.11920043186430962,1.0,0.8807995681356904,0.85323650321414,0.8122301375480443
19678,doctor,SHAP,0.5673654576693635,LIME,0.21063252831490398,0.5673654576693635,0.35673292935445955,0.35,0.11666666666666667
19678,patient,SHAP,0.4408420909659958,Counterfactual,0.05254771140371489,0.4408420909659958,0.3348263244528833,0.3882943795622809,0.31666666666666665
19678,auditor,SHAP,0.6666666666666667,LIME,0.3619490030260333,0.6666666666666667,0.30471766364063346,-0.0611111111111111,6.938893903907228e-18
19678,model_centric,SHAP,0.8333333333333333,LIME,0.28576958711587486,0.8333333333333333,0.5475637462174584,0.0,0.0
2135,doctor,Counterfactual,0.7317593108744208,SHAP,0.062061826147347454,0.6696974847270734,0.4914211806254621,0.7317593108744208,0.6010961376500175
2135,patient,Counterfactual,0.7661419925136959,Rules,0.08133216885257888,0.5046465735248035,0.5160634998919568,0.7661419925136959,0.684809823661117
2135,auditor,SHAP,0.7829481878194007,Rules,0.18628761780883574,0.7829481878194007,0.5298883002552557,0.5180248289984556,0.5966605700105649
2135,model_centric,SHAP,0.9786852347742507,LIME,0.14965819278851455,0.9786852347742507,0.8290270419857362,0.7169754806925138,0.773603490290984
18964,doctor,SHAP,0.5020683561872945,Rules,0.10206835618729454,0.5020683561872945,0.36667362460080716,0.35,0.39999999999999997
18964,patient,Rules,0.6777777777777777,SHAP,0.281534966729593,0.3962428110481847,0.36913978499618016,0.3842940575908194,0.6777777777777777
18964,auditor,SHAP,0.6023603816437113,LIME,0.30808864832743926,0.6023603816437113,0.29427173331627204,-0.0611111111111111,-0.00555555555555555
18964,model_centric,SHAP,0.752950477054639,LIME,0.21844414374263232,0.752950477054639,0.5345063333120067,0.0,0.0
3144,doctor,Rules,0.85,Counterfactual,0.3255955767777221,0.49930257355083196,0.4819354497048265,0.5244044232222779,0.85
3144,patient,Rules,0.8277777777777777,Counterfactual,0.21557511579646427,0.3773788864350751,0.29917884498381875,0.6122026619813135,0.8277777777777777
3144,auditor,Rules,0.7944444444444445,SHAP,0.09589726497538564,0.6985471794690589,0.46155424860283056,0.6049272620684754,0.7944444444444445
3144,model_centric,Rules,1.0,SHAP,0.12681602566367645,0.8731839743363236,0.7436094774202048,0.8394924109189276,1.0
9146,doctor,Counterfactual,0.7895707678989816,SHAP,0.07534688884907559,0.714223879049906,0.6001465387308921,0.7895707678989816,0.6869190437141298
9146,patient,Counterfactual,0.7854124781885494,Rules,0.12603010689202654,0.5209874170374168,0.44078113411571873,0.7854124781885494,0.6593823712965229
9146,auditor,SHAP,0.7743715904492492,Rules,0.01666666666666672,0.7743715904492492,0.6410382571159158,0.6721887143972844,0.7577049237825825
9146,model_centric,SHAP,0.9679644880615614,LIME,0.0,0.9679644880615614,0.9679644880615614,0.90968033744105,0.9679644880615614
14235,doctor,Rules,0.85,SHAP,0.26361199433901517,0.5863880056609848,0.5750155664077028,0.48017759367664725,0.85
14235,patient,Rules,0.8277777777777777,Counterfactual,0.3426177587994859,0.3346573969274224,0.36136818784706937,0.4851600189782918,0.8277777777777777
14235,auditor,Rules,0.7944444444444445,SHAP,0.06791937708244067,0.7265250673620038,0.6299292003476685,0.4667017561034099,0.7944444444444445
14235,model_centric,Rules,1.0,LIME,0.04592183289874763,0.9081563342025047,0.9540781671012524,0.6667105284625957,1.0
12397,doctor,Counterfactual,0.7873184571935088,SHAP,0.07238190750872842,0.7149365496847804,0.5858510255605416,0.7873184571935088,0.6701831189117655
12397,patient,Counterfactual,0.7846617079533919,Rules,0.16920384291931123,0.4931048284763573,0.4820026023272069,0.7846617079533919,0.6154578650340806
12397,auditor,SHAP,0.7880125023184884,Rules,0.11503086871016477,0.7880125023184884,0.6096938150355166,0.6661825525160237,0.6729816336083236
12397,model_centric,SHAP,0.9850156278981105,LIME,0.056231692437048175,0.9850156278981105,0.9287839354610623,0.902172635089474,0.8620603753437378
5425,doctor,SHAP,0.47965758822457205,LIME,0.08885654535093401,0.47965758822457205,0.39080104287363804,0.3405888545883588,0.11666666666666667
5425,patient,Counterfactual,0.6215189605464876,LIME,0.2666831997750918,0.33788441833224747,0.3548357607713958,0.6215189605464876,0.31666666666666665
5425,auditor,SHAP,0.643955001456713,LIME,0.25531083406168986,0.643955001456713,0.38864416739502317,0.040283179683578065,6.938893903907228e-18
5425,model_centric,SHAP,0.8049437518208912,LIME,0.15247187591044564,0.8049437518208912,0.6524718759104455,0.12674286349336145,0.0
11394,doctor,Counterfactual,0.7999534441085021,Rules,0.07995273099228895,0.7078880565296446,0.5955044446722909,0.7999534441085021,0.7200007131162132
11394,patient,Counterfactual,0.6546310016663991,Rules,0.09139844072867143,0.4987902924499111,0.38963331175627564,0.6546310016663991,0.5632325609377277
11394,auditor,SHAP,0.7802763091374141,Rules,0.016813342894219097,0.7802763091374141,0.656616764133738,0.7388268143668919,0.763462966243195
11394,model_centric,Counterfactual,0.9999224068475037,LIME,0.012484785013664457,0.9753453864217676,0.9874376218338392,0.9999224068475037,0.975162041137327
13796,doctor,LIME,0.638219130211751,SHAP,0.05452490932296816,0.5836942208887829,0.638219130211751,0.08333333333333333,0.11666666666666667
13796,patient,LIME,0.44632113394725054,SHAP,0.02152000142160726,0.4248011325256433,0.44632113394725054,0.2833333333333333,0.31666666666666665
13796,auditor,SHAP,0.667156348942068,LIME,0.015289284272597015,0.667156348942068,0.651867064669471,-0.04999999999999999,6.938893903907228e-18
13796,model_centric,LIME,0.9815004975035053,SHAP,0.14755506132592022,0.8339454361775851,0.9815004975035053,0.0,0.0
6320,doctor,Counterfactual,0.7758499446855988,SHAP,0.05599651208057488,0.7198534326050239,0.5801544972584225,0.7758499446855988,0.6848336979616694
6320,patient,Counterfactual,0.7808388704507552,Rules,0.06049747906670655,0.509814480266544,0.4742103390837792,0.7808388704507552,0.7203413913840486
6320,auditor,SHAP,0.7930422696009596,Counterfactual,0.15744241710602958,0.7930422696009596,0.6336639932720591,0.63559985249493,0.6064978937940392
6320,model_centric,SHAP,0.9913028370011994,LIME,0.03255617874445882,0.9913028370011994,0.9587466582567405,0.8639442600631069,0.7789557005758823
2973,doctor,SHAP,0.5627665083732966,LIME,0.10776859848979775,0.5627665083732966,0.4549979098834988,0.35,0.39999999999999997
2973,patient,Rules,0.6777777777777777,SHAP,0.278152472856207,0.3996253049215707,0.36351031280023616,0.38924142222138036,0.6777777777777777
2973,auditor,SHAP,0.6652678694276811,LIME,0.26596726804717385,0.6652678694276811,0.39930060138050727,-0.0611111111111111,-0.00555555555555555
2973,model_centric,SHAP,0.8315848367846014,LIME,0.16579241839230063,0.8315848367846014,0.6657924183923007,0.0,0.0
17807,doctor,Counterfactual,0.8166666666666667,SHAP,0.13885829656776882,0.6778083700988978,0.5618273916205051,0.8166666666666667,0.6662881085517207
17807,patient,Counterfactual,0.7944444444444444,Rules,0.14193905153539121,0.47916234457908946,0.3535821722163686,0.7944444444444444,0.6525053929090532
17807,auditor,SHAP,0.7496432814734387,Counterfactual,0.005198837028994263,0.7496432814734387,0.6414336875696321,0.7444444444444445,0.7288120936048503
17807,model_centric,Counterfactual,1.0,LIME,0.03154122387129321,0.9370541018417984,0.9684587761287068,1.0,0.9318484503393961
6730,doctor,SHAP,0.4758975349340894,LIME,0.10623094791792104,0.4758975349340894,0.36966658701616834,0.35,0.11666666666666667
6730,patient,Counterfactual,0.4804932329043458,SHAP,0.08718865776003332,0.3933045751443125,0.361295866041849,0.4804932329043458,0.31666666666666665
6730,auditor,SHAP,0.5896040427786107,LIME,0.23536007564361627,0.5896040427786107,0.3542439671349944,-0.0611111111111111,6.938893903907228e-18
6730,model_centric,SHAP,0.7370050534732633,LIME,0.1275334278878537,0.7370050534732633,0.6094716255854096,0.0,0.0
529,doctor,SHAP,0.6894845180741067,Rules,0.028385875169488206,0.6894845180741067,0.597263548511547,0.647826432205824,0.6610986429046185
529,patient,Rules,0.540810658745984,Counterfactual,0.04548531441170112,0.48939192523647607,0.3643157067526001,0.4953253443342829,0.540810658745984
529,auditor,SHAP,0.7651969270128808,Rules,0.03501969516900094,0.7651969270128808,0.6485297811403742,0.5359907984966543,0.7301772318438798
529,model_centric,LIME,0.9773288930921343,SHAP,0.020832734326033386,0.956496158766101,0.9773288930921343,0.7463773870097068,0.9404993175826275
15001,doctor,Rules,0.85,Counterfactual,0.05118989977842936,0.44741310104757614,0.535368237328987,0.7988101002215706,0.85
15001,patient,Rules,0.8277777777777777,Counterfactual,0.2258736670038335,0.26378449825214584,0.3455377274793662,0.6019041107739442,0.8277777777777777
15001,auditor,Rules,0.7944444444444445,Counterfactual,0.05714208859346137,0.5694541375255451,0.6013208273998671,0.7373023558509831,0.7944444444444445
15001,model_centric,Rules,1.0,Counterfactual,0.001983166297382155,0.7118176719069313,0.9183177009165004,0.9980168337026178,1.0
15073,doctor,SHAP,0.46908394586588337,Counterfactual,0.045382151156137585,0.46908394586588337,0.3691408623546098,0.4237017947097458,0.39999999999999997
15073,patient,Rules,0.6777777777777777,Counterfactual,0.02087370719577908,0.4142010100459543,0.3397651088711026,0.6569040705819986,0.6777777777777777
15073,auditor,SHAP,0.5371033524707565,LIME,0.19251865050114314,0.5371033524707565,0.3445847019696133,0.23492649345282998,-0.00555555555555555
15073,model_centric,SHAP,0.6713791905884456,LIME,0.07398164645976235,0.6713791905884456,0.5973975441286833,0.3700470057049263,0.0
6373,doctor,Counterfactual,0.7670750727359648,SHAP,0.06664625430048499,0.7004288184354798,0.5412016910567812,0.7670750727359648,0.692496983138971
6373,patient,Counterfactual,0.7779139131342104,Rules,0.1238492621888968,0.504722792425583,0.4654736915790463,0.7779139131342104,0.6540646509453136
6373,auditor,SHAP,0.7826298701151222,Rules,0.13974826956433528,0.7826298701151222,0.601090376131352,0.612200193962573,0.6428816005507869
6373,model_centric,SHAP,0.9782873376439026,LIME,0.060257700813046045,0.9782873376439026,0.9180296368308566,0.8346946868976606,0.8244353340218169
894,doctor,Counterfactual,0.8139309842765353,SHAP,0.09124704342927437,0.722683940847261,0.593276409928187,0.8139309842765353,0.439833615007291
894,patient,Counterfactual,0.7935325503144006,SHAP,0.2663422171762371,0.5271903331381635,0.4394441850295631,0.7935325503144006,0.4577223161135414
894,auditor,SHAP,0.8,Counterfactual,0.0628507085959058,0.8,0.6217723706790456,0.7371492914040942,0.5041694948197232
894,model_centric,SHAP,1.0,Counterfactual,0.009118941300437777,1.0,0.9438821300154736,0.9908810586995622,0.6441007574135428
9004,doctor,SHAP,0.49328138245147757,LIME,0.07414919406974063,0.49328138245147757,0.41913218838173694,0.35,0.11666666666666667
9004,patient,Counterfactual,0.391048831268946,LIME,0.03404248084949962,0.319680393900744,0.3570063504194464,0.391048831268946,0.31666666666666665
9004,auditor,SHAP,0.6533503630578923,LIME,0.2600085148622795,0.6533503630578923,0.3933418481956128,-0.0611111111111111,6.938893903907228e-18
9004,model_centric,SHAP,0.8166879538223653,LIME,0.15834397691118263,0.8166879538223653,0.6583439769111826,0.0,0.0
15345,doctor,SHAP,0.5406951386369713,LIME,0.14961321126067578,0.5406951386369713,0.3910819273762955,0.2154127978146225,0.11666666666666667
15345,patient,Counterfactual,0.6182714590897859,LIME,0.2636931183908178,0.3219170064587493,0.35457834069896804,0.6182714590897859,0.31666666666666665
15345,auditor,SHAP,0.7691883822155985,LIME,0.3897294607385329,0.7691883822155985,0.3794589214770656,0.005626006927904763,6.938893903907228e-18
15345,model_centric,SHAP,0.961485477769498,LIME,0.3204951592564994,0.961485477769498,0.6409903185129986,0.08342139754876983,0.0
5118,doctor,SHAP,0.713843422068871,LIME,0.06781059719241322,0.713843422068871,0.6460328248764577,0.48910187734515076,0.07390483354470447
5118,patient,Counterfactual,0.6970547935315055,Rules,0.16736934396609882,0.4494243862562573,0.413390685187589,0.6970547935315055,0.5296854495654066
5118,auditor,SHAP,0.77878207235235,LIME,0.1797873732503199,0.77878207235235,0.5989946991020301,0.399555154881646,-0.0028047127495422347
5118,model_centric,SHAP,0.9734775904404375,LIME,0.058067549896233195,0.9734775904404375,0.9154100405442043,0.5758328324909463,0.017327442396405525
931,doctor,SHAP,0.6487035131302388,LIME,0.03707205931148205,0.6487035131302388,0.6116314538187567,0.1803679825266312,0.18727397995491835
931,patient,Counterfactual,0.6823448830644326,Rules,0.17071387387311066,0.4357010979371359,0.412465927201623,0.6823448830644326,0.511631009191322
931,auditor,SHAP,0.7593965488199673,LIME,0.11256599627734576,0.7593965488199673,0.6468305525426216,0.12111099282389087,0.12383320146581783
931,model_centric,LIME,0.9752048573449437,SHAP,0.025959171319984597,0.9492456860249591,0.9752048573449437,0.22083318547430802,0.1756248351656056
6784,doctor,SHAP,0.6745341694839093,LIME,0.13917698309255067,0.6745341694839093,0.5353571863913587,0.08333333333333333,0.11666666666666667
6784,patient,SHAP,0.4474096194467201,LIME,0.03323218411261536,0.4474096194467201,0.4141774353341047,0.2833333333333333,0.31666666666666665
6784,auditor,SHAP,0.7920527354879726,LIME,0.25437870058238243,0.7920527354879726,0.5376740349055902,-0.04999999999999999,6.938893903907228e-18
6784,model_centric,SHAP,0.9900659193599657,LIME,0.15130670906131138,0.9900659193599657,0.8387592102986543,0.0,0.0
14443,doctor,Counterfactual,0.8035533987789436,Rules,0.08870766562454935,0.6876840607146069,0.4747147897945186,0.8035533987789436,0.7148457331543943
14443,patient,Counterfactual,0.7900733551485367,Rules,0.22855912086474872,0.4865224232048655,0.42358512322860725,0.7900733551485367,0.561514234283788
14443,auditor,SHAP,0.7875512148615601,Rules,0.030888217120347505,0.7875512148615601,0.5828820455563269,0.7094757300771829,0.7566629977412126
14443,model_centric,SHAP,0.98443901857695,Rules,0.017776938067101122,0.98443901857695,0.8952692236120752,0.9562891070409231,0.9666620805098489
13,doctor,Counterfactual,0.7999018337092096,SHAP,0.09382627939037202,0.7060755543188376,0.6454693357416638,0.7999018337092096,0.6774525145620397
13,patient,Counterfactual,0.6462603864588087,Rules,0.09999843716035095,0.50079516406578,0.44219445811876845,0.6462603864588087,0.5462619492984577
13,auditor,SHAP,0.7806033527493863,Rules,0.022222222222222143,0.7806033527493863,0.656881093632825,0.7387580005011686,0.7583811305271642
13,model_centric,Counterfactual,0.9998363895153495,LIME,0.012068355807651754,0.9757541909367329,0.9877680337076977,0.9998363895153495,0.9757541909367329
14333,doctor,SHAP,0.5499387528972326,LIME,0.1129080099699249,0.5499387528972326,0.4370307429273077,0.3966708275727801,0.11666666666666667
14333,patient,Counterfactual,0.5388273387940088,LIME,0.1495106854070068,0.38540267129175915,0.389316653387002,0.5388273387940088,0.31666666666666665
14333,auditor,SHAP,0.7500695079383463,LIME,0.30200700703286265,0.7500695079383463,0.4480625009054836,0.18978592440221023,6.938893903907228e-18
14333,model_centric,SHAP,0.9375868849229327,LIME,0.21084209212441163,0.9375868849229327,0.7267447927985211,0.32056573883609607,0.0
623,doctor,SHAP,0.5407761240320658,Rules,0.1407761240320658,0.5407761240320658,0.37655294732472144,0.35,0.39999999999999997
623,patient,Rules,0.6777777777777777,Counterfactual,0.28874810811844487,0.3281580052532137,0.33744497477985425,0.38902966965933283,0.6777777777777777
623,auditor,SHAP,0.7439734818538469,LIME,0.3626489879025646,0.7439734818538469,0.3813244939512823,-0.0611111111111111,-0.00555555555555555
623,model_centric,SHAP,0.9299668523173086,LIME,0.28664456821153905,0.9299668523173086,0.6433222841057695,0.0,0.0
20129,doctor,SHAP,0.6853903952771745,Counterfactual,0.05028698774805074,0.6853903952771745,0.5110783798429449,0.6351034075291238,0.11666666666666667
20129,patient,Counterfactual,0.5129570222286098,SHAP,0.06757291136153853,0.4453841108670713,0.4041608102494504,0.5129570222286098,0.31666666666666665
20129,auditor,SHAP,0.8,LIME,0.28555928095354366,0.8,0.5144407190464564,0.4253384308437439,6.938893903907228e-18
20129,model_centric,SHAP,1.0,LIME,0.19028243452526294,1.0,0.809717565474737,0.6080619274435688,0.0
18917,doctor,Counterfactual,0.6618845190896055,LIME,0.03627004468385098,0.5829711206005894,0.6256144744057546,0.6618845190896055,0.11666666666666667
18917,patient,Counterfactual,0.6556979048864356,LIME,0.1924571805253461,0.44088394993056074,0.46324072436108954,0.6556979048864356,0.31666666666666665
18917,auditor,Counterfactual,0.7333333333333334,SHAP,0.07780620020380669,0.6555271331295267,0.6533180481097903,0.7333333333333334,6.938893903907228e-18
18917,model_centric,Counterfactual,1.0,LIME,0.016685773196095433,0.8194089164119083,0.9833142268039046,1.0,0.0
6018,doctor,SHAP,0.5443026441729444,Rules,0.14430264417294442,0.5443026441729444,0.19747220754074313,0.35,0.39999999999999997
6018,patient,Rules,0.6777777777777777,Counterfactual,0.2906623528187226,0.35733829996926025,0.29884437160599414,0.3871154249590551,0.6777777777777777
6018,auditor,SHAP,0.6666666666666667,Rules,0.6722222222222223,0.6666666666666667,-0.13333333333333333,-0.0611111111111111,-0.00555555555555555
6018,model_centric,SHAP,0.8333333333333333,LIME,0.8333333333333333,0.8333333333333333,0.0,0.0,0.0
450,doctor,Rules,0.5755623295102299,SHAP,0.04614178963939908,0.5294205398708308,0.3926790255360234,0.35,0.5755623295102299
450,patient,Rules,0.6029652209478544,Counterfactual,0.22006263568861295,0.34406944952112883,0.33870570905865005,0.3829025852592415,0.6029652209478544
450,auditor,SHAP,0.66053827023135,Rules,0.08898886561172492,0.66053827023135,0.38297951010542314,-0.0611111111111111,0.5715494046196251
450,model_centric,SHAP,0.8256728377891875,Rules,0.09734719312576723,0.8256728377891875,0.6453910542984456,0.0,0.7283256446634203
7185,doctor,SHAP,0.5287847917327317,Rules,0.12878479173273177,0.5287847917327317,0.3662756077988857,0.35,0.39999999999999997
7185,patient,Rules,0.6777777777777777,Counterfactual,0.2911781712836503,0.31253899330122203,0.3401730947507491,0.3865996064941274,0.6777777777777777
7185,auditor,SHAP,0.7634020514338653,LIME,0.391329146984545,0.7634020514338653,0.3720729044493203,-0.0611111111111111,-0.00555555555555555
7185,model_centric,SHAP,0.9542525642923315,LIME,0.3224947670640146,0.9542525642923315,0.6317577972283169,0.0,0.0
12520,doctor,Rules,0.5833333333333333,SHAP,0.013754969839667508,0.5695783634936658,0.3897138036066352,0.35,0.5833333333333333
12520,patient,Rules,0.6055555555555555,Counterfactual,0.12848528364979872,0.2971617989692517,0.3456933932353682,0.4770702719057568,0.6055555555555555
12520,auditor,SHAP,0.8,Rules,0.21111111111111114,0.8,0.4,-0.0611111111111111,0.5888888888888889
12520,model_centric,SHAP,1.0,Rules,0.25,1.0,0.6666666666666666,0.0,0.75
17729,doctor,Rules,0.6788925775139514,Counterfactual,0.17368023956405598,0.28108325059117883,0.49417340801332754,0.5052123379498954,0.6788925775139514
17729,patient,Rules,0.540438939979398,Counterfactual,0.12972989981751876,0.24745414645334762,0.3148330273292907,0.4107090401618792,0.540438939979398
17729,auditor,Rules,0.6723618205236525,LIME,0.1166666666666667,0.4797321163740507,0.5556951538569858,0.24811156349771274,0.6723618205236525
17729,model_centric,LIME,0.8612856089878989,Rules,0.0,0.5996651454675633,0.8612856089878989,0.3865283432610298,0.8612856089878989
18539,doctor,Rules,0.5499999999999999,SHAP,0.06587956702918529,0.48412043297081464,0.39895235150217145,0.35,0.5499999999999999
18539,patient,Rules,0.42777777777777776,Counterfactual,0.037817070965823374,0.33299939514566657,0.3340683315315477,0.3899607068119544,0.42777777777777776
18539,auditor,Rules,0.7944444444444445,SHAP,0.1493773320586036,0.6450671123858409,0.4,-0.0611111111111111,0.7944444444444445
18539,model_centric,Rules,1.0,SHAP,0.19366610951769891,0.8063338904823011,0.6666666666666666,0.0,1.0
17441,doctor,SHAP,0.4487033546516065,Rules,0.04870335465160652,0.4487033546516065,0.368653528864354,0.35,0.39999999999999997
17441,patient,Rules,0.6777777777777777,Counterfactual,0.18975957602775873,0.3594770028294807,0.33349874481485053,0.488018201750019,0.6777777777777777
17441,auditor,SHAP,0.5377912372557205,LIME,0.3452539513439225,0.5377912372557205,0.19253728591179803,-0.0611111111111111,-0.00555555555555555
17441,model_centric,SHAP,0.6722390465696506,LIME,0.2649007725132364,0.6722390465696506,0.4073382740564142,0.0,0.0
17956,doctor,SHAP,0.688448598283007,LIME,0.13429075312118488,0.688448598283007,0.5541578451618221,0.5210226749887739,0.11666666666666667
17956,patient,Counterfactual,0.7016060057381254,SHAP,0.25278814966963237,0.448817856068493,0.4007624852483513,0.7016060057381254,0.31666666666666665
17956,auditor,SHAP,0.7956608288100684,LIME,0.22158623621578932,0.7956608288100684,0.5740745925942791,0.4306589280326394,6.938893903907228e-18
17956,model_centric,SHAP,0.9945760360125854,LIME,0.11031612860306994,0.9945760360125854,0.8842599074095154,0.6147125489296881,0.0
19245,doctor,Rules,0.6324851584956122,SHAP,0.10137295915074851,0.5311121993448636,0.4158243631109503,0.35,0.6324851584956122
19245,patient,Rules,0.5219394972763152,Counterfactual,0.13464263247522734,0.3455421290431615,0.32800310605284727,0.3872968648010878,0.5219394972763152
19245,auditor,Rules,0.787366565070364,SHAP,0.12135680537470239,0.6660097596956616,0.3996715465144975,-0.0611111111111111,0.787366565070364
19245,model_centric,Rules,0.9980970952268438,SHAP,0.16558489560726675,0.832512199619577,0.6662560998097885,0.0,0.9980970952268438
5192,doctor,SHAP,0.46239519105527643,LIME,0.09878201106935436,0.46239519105527643,0.3636131799859221,0.35,0.11666666666666667
5192,patient,Counterfactual,0.46278658623831537,SHAP,0.058801208114577896,0.40398537812373747,0.34297922504411615,0.46278658623831537,0.31666666666666665
5192,auditor,SHAP,0.5377237762575698,LIME,0.1934062928228788,0.5377237762575698,0.34431748343469104,-0.0611111111111111,6.938893903907228e-18
5192,model_centric,SHAP,0.6721547203219622,LIME,0.07509119936193176,0.6721547203219622,0.5970635209600305,0.0,0.0
16873,doctor,Counterfactual,0.7693506143145878,SHAP,0.054911226305425664,0.7144393880091622,0.5742045522681783,0.7693506143145878,0.6971039797433495
16873,patient,Counterfactual,0.7786724269937515,Rules,0.015193322634857287,0.49773516249307864,0.4642621676940479,0.7786724269937515,0.7634791043588942
16873,auditor,SHAP,0.7931493936665537,LIME,0.15986206987604,0.7931493936665537,0.6332873237905137,0.6182683048389009,0.6241616809661387
16873,model_centric,SHAP,0.991436742083192,LIME,0.033160920678383166,0.991436742083192,0.9582758214048088,0.8422798254930706,0.7940909900965621
19960,doctor,SHAP,0.5222273648446131,Rules,0.1222273648446131,0.5222273648446131,0.37129408552703275,0.1764292602406496,0.39999999999999997
19960,patient,Rules,0.6777777777777777,Counterfactual,0.07222222222222219,0.32402904410179506,0.3353136041373893,0.6055555555555555,0.6777777777777777
19960,auditor,SHAP,0.7518363921615221,LIME,0.38808090767115777,0.7518363921615221,0.3637554844903643,-0.0611111111111111,-0.00555555555555555
19960,model_centric,SHAP,0.9397954902019026,LIME,0.3184344679222806,0.9397954902019026,0.621361022279622,0.0,0.0
12702,doctor,SHAP,0.5712387254701426,LIME,0.09253335642129984,0.5712387254701426,0.4787053690488428,0.08333333333333333,0.46161278175366693
12702,patient,Rules,0.5861941595744546,LIME,0.2647000767114066,0.30404121174826415,0.32149408286304804,0.2833333333333333,0.5861941595744546
12702,auditor,SHAP,0.7931716208275852,LIME,0.25831048993907313,0.7931716208275852,0.5348611308885121,-0.04999999999999999,0.2893465349900659
12702,model_centric,SHAP,0.9914645260344814,LIME,0.15622144575717467,0.9914645260344814,0.8352430802773068,0.0,0.3825165020709157
18267,doctor,SHAP,0.6215557551034654,LIME,0.10291209008351188,0.6215557551034654,0.5186436650199535,0.08333333333333333,0.18674243823673362
18267,patient,LIME,0.38110850595501833,Rules,0.03274991543166267,0.32253062073708033,0.38110850595501833,0.2833333333333333,0.34835859052335566
18267,auditor,SHAP,0.7350131739930604,LIME,0.23442865433291815,0.7350131739930604,0.5005845196601423,-0.04999999999999999,0.03706450766908282
18267,model_centric,SHAP,0.9187664674913254,LIME,0.1263691512494809,0.9187664674913254,0.7923973162418445,0.0,0.060219523475242405
13076,doctor,Rules,0.5830206146872301,SHAP,0.10058270762549898,0.4824379070617311,0.44331862755675167,0.08333333333333333,0.5830206146872301
13076,patient,Rules,0.7387846493401878,LIME,0.2596418276126996,0.3991109995287838,0.47914282172748823,0.2833333333333333,0.7387846493401878
13076,auditor,SHAP,0.6014366249513526,LIME,0.2284545580614007,0.6014366249513526,0.37298206688995195,-0.04999999999999999,0.2886881045051687
13076,model_centric,SHAP,0.7517957811891908,LIME,0.11890153091008426,0.7517957811891908,0.6328942502791065,0.0,0.36780457507590525
4976,doctor,SHAP,0.6229091072602644,LIME,0.07160399644861692,0.6229091072602644,0.5513051108116475,0.08333333333333333,0.31530096833210786
4976,patient,Rules,0.4192417369187834,SHAP,0.042787069054126936,0.3764546678646565,0.34727361729796397,0.2833333333333333,0.4192417369187834
4976,auditor,SHAP,0.7099889527674289,LIME,0.06888560219041262,0.7099889527674289,0.6411033505770163,-0.04999999999999999,0.1622200362856899
4976,model_centric,LIME,0.9680458548879369,SHAP,0.08055966392865088,0.887486190959286,0.9680458548879369,0.0,0.22360837869044567
20353,doctor,SHAP,0.6583363287018696,LIME,0.11263316431503823,0.6583363287018696,0.5457031643868314,0.46212625856890294,0.11666666666666667
20353,patient,Counterfactual,0.676615666722194,SHAP,0.2498951011944862,0.42672056552770776,0.38672266349711837,0.676615666722194,0.31666666666666665
20353,auditor,SHAP,0.7860685898658339,LIME,0.21993292038410228,0.7860685898658339,0.5661356694817317,0.30021840642807013,6.938893903907228e-18
20353,model_centric,SHAP,0.9825857373322924,LIME,0.10824948381346111,0.9825857373322924,0.8743362535188313,0.4516618969239765,0.0
17849,doctor,Rules,0.5831860595028164,SHAP,0.001869386017014918,0.5813166734858015,0.39631372724574776,0.35,0.5831860595028164
17849,patient,Rules,0.6055064642787166,Counterfactual,0.21449402275882773,0.32541614186037493,0.33163724045691984,0.39101244151988884,0.6055064642787166
17849,auditor,SHAP,0.7994765310321181,Rules,0.210784007250585,0.7994765310321181,0.39982551034403935,-0.0611111111111111,0.5886925237815331
17849,model_centric,SHAP,0.9993456637901476,Rules,0.24959112017434226,0.9993456637901476,0.6664485545967158,0.0,0.7497545436158053
11392,doctor,Rules,0.8100156633616354,Counterfactual,0.06358964587172,0.5899180888313821,0.5369799981019565,0.7464260174899154,0.8100156633616354
11392,patient,Counterfactual,0.7710308947188607,Rules,0.12324789582053775,0.4057645981715913,0.43056746798376305,0.7710308947188607,0.6477829988983229
11392,auditor,SHAP,0.7969485425877258,Rules,0.07024010695669791,0.7969485425877258,0.6143850057855632,0.5571360466397747,0.7267084356310279
11392,model_centric,SHAP,0.9961856782346572,LIME,0.0615377543360367,0.9961856782346572,0.9346479238986205,0.7658645027441628,0.9222744334276737
6983,doctor,Rules,0.5499999999999999,SHAP,0.04824409902479665,0.5017559009752033,0.23871589643593558,0.35,0.5499999999999999
6983,patient,Rules,0.42777777777777776,Counterfactual,0.04549489115070232,0.3710698359062489,0.3530937127383101,0.38228288662707544,0.42777777777777776
6983,auditor,Rules,0.7944444444444445,SHAP,0.15993209391351282,0.6345123505309317,0.028735105197187416,-0.0611111111111111,0.7944444444444445
6983,model_centric,Rules,1.0,SHAP,0.20685956183633536,0.7931404381636646,0.2025855481631509,0.0,1.0
18376,doctor,SHAP,0.5363036826019956,LIME,0.27445821517706315,0.5363036826019956,0.2618454674249324,0.08333333333333333,0.11666666666666667
18376,patient,SHAP,0.417014119137733,LIME,0.08770252831686848,0.417014119137733,0.32931159082086453,0.2833333333333333,0.31666666666666665
18376,auditor,SHAP,0.6445851746425013,LIME,0.6040020402401514,0.6445851746425013,0.0405831344023499,-0.04999999999999999,6.938893903907228e-18
18376,model_centric,SHAP,0.8057314683031266,LIME,0.5883358836335226,0.8057314683031266,0.21739558466960401,0.0,0.0
10635,doctor,SHAP,0.6844670302803558,LIME,0.11801632147217422,0.6844670302803558,0.5664507088081816,0.5256417754973398,0.11666666666666667
10635,patient,Counterfactual,0.6079096404805285,SHAP,0.1561656466798388,0.45174399380068975,0.3854480524039978,0.6079096404805285,0.31666666666666665
10635,auditor,SHAP,0.7946134601528754,LIME,0.20389364150236622,0.7946134601528754,0.5907198186505092,0.47583534253111526,6.938893903907228e-18
10635,model_centric,SHAP,0.9932668251910941,LIME,0.08820038521129103,0.9932668251910941,0.9050664399798031,0.6781275114972274,0.0
19873,doctor,Rules,0.6980727689009221,SHAP,0.04101895595552185,0.6570538129454002,0.4669882827933616,0.3702428061192727,0.6980727689009221
19873,patient,Counterfactual,0.6820647197275848,Rules,0.03826268564949964,0.47390664970054797,0.34584759845384455,0.6820647197275848,0.6438020340780851
19873,auditor,SHAP,0.7838415643911771,Rules,0.08898084732205136,0.7838415643911771,0.5326372131948873,0.3386365007021678,0.6948607170691258
19873,model_centric,SHAP,0.9798019554889713,Rules,0.09733717026367528,0.9798019554889713,0.8324631831602758,0.49968451476659853,0.882464785225296
18789,doctor,LIME,0.5300166411337208,SHAP,0.04342242624046605,0.4865942148932548,0.5300166411337208,0.08333333333333333,0.11666666666666667
18789,patient,LIME,0.3645936359333519,SHAP,0.027678291050798443,0.3369153448825535,0.3645936359333519,0.2833333333333333,0.31666666666666665
18789,auditor,SHAP,0.601104116077012,LIME,0.05544548173625641,0.601104116077012,0.5456586343407556,-0.04999999999999999,6.938893903907228e-18
18789,model_centric,LIME,0.8487399595926111,SHAP,0.09735981449634612,0.7513801450962649,0.8487399595926111,0.0,0.0
4950,doctor,Counterfactual,0.6738242266826954,LIME,0.22157431272273514,0.39358021524100884,0.4522499139599602,0.6738242266826954,0.11666666666666667
4950,patient,Counterfactual,0.7467262115179725,LIME,0.37815458669677887,0.3302679901584397,0.3685716248211936,0.7467262115179725,0.31666666666666665
4950,auditor,Counterfactual,0.7035715127385568,SHAP,0.1404780323750766,0.5630934803634802,0.4737817158584967,0.7035715127385568,6.938893903907228e-18
4950,model_centric,Counterfactual,0.9558532798120847,LIME,0.19695946832229716,0.7038668504543502,0.7588938114897875,0.9558532798120847,0.0
7129,doctor,Counterfactual,0.7895379023950823,SHAP,0.07954379468497041,0.7099941077101118,0.5701792352548737,0.7895379023950823,0.6419069455930104
7129,patient,Counterfactual,0.785401523020583,Rules,0.056812658115310444,0.5057337766037177,0.48445272580638676,0.785401523020583,0.7285888649052725
7129,auditor,SHAP,0.7831794008826841,Counterfactual,0.11107832782913118,0.7831794008826841,0.6342880857999428,0.6721010730535529,0.6608042363015909
7129,model_centric,SHAP,0.978974251103355,LIME,0.019447477186759876,0.978974251103355,0.9595267739165951,0.9095707857613855,0.8468386287103219
14309,doctor,Rules,0.8423502270573542,Counterfactual,0.07894265087013508,0.5528143092280913,0.5253487701373164,0.7634075761872191,0.8423502270573542
14309,patient,Rules,0.8252278534635625,Counterfactual,0.17974928093310494,0.3782121073623714,0.3357003692348665,0.6454785725304576,0.8252278534635625
14309,auditor,Rules,0.7740450499307224,SHAP,0.06322003590221326,0.7108250140285092,0.5529126386006958,0.6798992932149869,0.7740450499307224
14309,model_centric,Rules,0.9745007568578474,Counterfactual,0.04823775145022502,0.8885312675356365,0.8578074649175365,0.9262630054076224,0.9745007568578474
2365,doctor,SHAP,0.6380371953368644,LIME,0.1550084751363125,0.6380371953368644,0.48302872020055193,0.36666666666666664,0.24280582391947148
2365,patient,Counterfactual,0.6444444444444444,Rules,0.25941560255315854,0.2604923358715523,0.3504762321530687,0.6444444444444444,0.38502884189128583
2365,auditor,SHAP,0.8,LIME,0.2885167846157467,0.8,0.5114832153842533,-0.055555555555555546,0.17239938988099138
2365,model_centric,SHAP,1.0,LIME,0.19397931410301683,1.0,0.8060206858969832,0.0,0.23633257068457253
757,doctor,Counterfactual,0.7932323844335052,Rules,0.06155784016934429,0.7266804218554502,0.6044955301766103,0.7932323844335052,0.7316745442641609
757,patient,Counterfactual,0.7866330170333906,Rules,0.09163039116755911,0.5076167997450205,0.49338216133960255,0.7866330170333906,0.6950026258658315
757,auditor,SHAP,0.8,Rules,0.09687449448875018,0.8,0.6511394779438688,0.6819530251560141,0.7031255055112499
757,model_centric,SHAP,1.0,LIME,0.019408985903497378,1.0,0.9805910140965026,0.9218857258894619,0.892795770777951
17637,doctor,SHAP,0.528544216276954,Counterfactual,0.10573546336736406,0.528544216276954,0.41633667854691914,0.42280875290958997,0.11666666666666667
17637,patient,Counterfactual,0.5254007235174345,LIME,0.1499803032332384,0.35834036422356086,0.3754204202841961,0.5254007235174345,0.31666666666666665
17637,auditor,SHAP,0.6956629146568767,LIME,0.2912901197797723,0.6956629146568767,0.40437279487710437,0.059266088523645455,6.938893903907228e-18
17637,model_centric,SHAP,0.8695786433210958,LIME,0.19744598305804872,0.8695786433210958,0.6721326602630471,0.15047149954344569,0.0
945,doctor,SHAP,0.5501976949722516,Rules,0.1501976949722516,0.5501976949722516,0.3668456972961318,0.35,0.39999999999999997
945,patient,Rules,0.6777777777777777,Counterfactual,0.19701507872498636,0.34205452150088306,0.346342265202437,0.48076269905279134,0.6777777777777777
945,auditor,SHAP,0.7626493800445396,LIME,0.38754979334817985,0.7626493800445396,0.3750995866963598,-0.0611111111111111,-0.00555555555555555
945,model_centric,SHAP,0.9533117250556744,LIME,0.3177705750185581,0.9533117250556744,0.6355411500371163,0.0,0.0
4627,doctor,SHAP,0.5455073430291022,LIME,0.13098542557548498,0.5455073430291022,0.4145219174536172,0.35,0.11666666666666667
4627,patient,Counterfactual,0.391309892240872,SHAP,0.019146225829258068,0.3721636664116139,0.3696331023103302,0.391309892240872,0.31666666666666665
4627,auditor,SHAP,0.6575517029184211,LIME,0.26210918479254386,0.6575517029184211,0.3954425181258773,-0.0611111111111111,6.938893903907228e-18
4627,model_centric,SHAP,0.8219396286480264,LIME,0.16096981432401314,0.8219396286480264,0.6609698143240132,0.0,0.0
20053,doctor,Counterfactual,0.785701596747362,SHAP,0.09062924393740979,0.6950723528099522,0.6030324349284406,0.785701596747362,0.6637224073048276
20053,patient,Counterfactual,0.7841227544713428,Rules,0.04826206899546459,0.5075005535069176,0.45744886743135943,0.7841227544713428,0.7358606854758782
20053,auditor,SHAP,0.7659177299565382,Rules,0.06161664277271717,0.7659177299565382,0.5876344205171543,0.661870924659632,0.704301087183821
20053,model_centric,SHAP,0.9573971624456726,LIME,0.0561874701325632,0.9573971624456726,0.9012096923131094,0.8967831002689846,0.9012096923131094
18943,doctor,Rules,0.85,Counterfactual,0.19999999999999996,0.5059666706740047,0.5586196817792913,0.65,0.85
18943,patient,Rules,0.8277777777777777,Counterfactual,0.3754588306384898,0.450734886517489,0.37077632930581605,0.45231894713928794,0.8277777777777777
18943,auditor,Rules,0.7944444444444445,SHAP,0.08068676281720688,0.7137576816272376,0.6482286050821511,0.538888888888889,0.7944444444444445
18943,model_centric,Rules,1.0,LIME,0.023047576980644524,0.8921971020340469,0.9769524230193555,0.75,1.0
137,doctor,SHAP,0.5630288378241833,LIME,0.038934414892712765,0.5630288378241833,0.5240944229314706,0.5193683490078713,0.11666666666666667
137,patient,Counterfactual,0.6976991918013643,SHAP,0.25706700804615795,0.44063218375520635,0.4387679809931291,0.6976991918013643,0.31666666666666665
137,auditor,SHAP,0.7256515631872129,Counterfactual,0.068188129315089,0.7256515631872129,0.547926541903815,0.6574634338721239,6.938893903907228e-18
137,model_centric,SHAP,0.9070644539840161,Counterfactual,0.0019018283105279865,0.9070644539840161,0.8515748440464352,0.9051626256734882,0.0
17015,doctor,SHAP,0.6707462933593772,LIME,0.06461368008084323,0.6707462933593772,0.606132613278534,0.08333333333333333,0.5302531006156442
17015,patient,Rules,0.49089244767996226,SHAP,0.10349472081854466,0.3873977268614176,0.3112807017024733,0.2833333333333333,0.49089244767996226
17015,auditor,SHAP,0.8,LIME,0.1333333333333333,0.8,0.6666666666666667,-0.04999999999999999,0.45592746022757663
17015,model_centric,SHAP,1.0,LIME,0.0,1.0,1.0,0.0,0.5907426586178041
5853,doctor,SHAP,0.5956578140775304,LIME,0.08807333741509182,0.5956578140775304,0.5075844766624386,0.36666666666666664,0.1754272875026822
5853,patient,Counterfactual,0.6444444444444444,Rules,0.2653337613086297,0.2950676137391298,0.36841018863365815,0.6444444444444444,0.3791106831358147
5853,auditor,SHAP,0.7123368172180142,LIME,0.23347785693040413,0.7123368172180142,0.4788589602876101,-0.055555555555555546,0.024303834026086327
5853,model_centric,SHAP,0.8904210215225177,LIME,0.12518065449633853,0.8904210215225177,0.7652403670261791,0.0,0.05121312586594123
13718,doctor,LIME,0.41484543377887073,SHAP,0.0028774242677683803,0.41196800951110235,0.41484543377887073,0.35,0.11666666666666667
13718,patient,Counterfactual,0.3890517736965224,SHAP,0.011154689688425257,0.37789708400809713,0.36416313572188463,0.3890517736965224,0.31666666666666665
13718,auditor,SHAP,0.4,LIME,0.06531188942433808,0.4,0.33468811057566195,-0.0611111111111111,6.938893903907228e-18
13718,model_centric,LIME,0.585026804886244,SHAP,0.08502680488624403,0.5,0.585026804886244,0.0,0.0
8632,doctor,SHAP,0.5711353837454078,LIME,0.12890246949815598,0.5711353837454078,0.44223291424725186,0.08333333333333333,0.11666666666666667
8632,patient,LIME,0.388635719171227,SHAP,0.001690211388102214,0.3869455077831248,0.388635719171227,0.2833333333333333,0.31666666666666665
8632,auditor,SHAP,0.7720586613711423,LIME,0.31432228367384324,0.7720586613711423,0.4577363776972991,-0.04999999999999999,6.938893903907228e-18
8632,model_centric,SHAP,0.9650733267139279,LIME,0.22623618792563738,0.9650733267139279,0.7388371387882905,0.0,0.0
12658,doctor,SHAP,0.5568842685323027,LIME,0.13338188938977058,0.5568842685323027,0.4235023791425321,0.35,0.39999999999999997
12658,patient,Rules,0.6777777777777777,Counterfactual,0.20397533699276998,0.45483100615997296,0.3759269458336535,0.4738024407850077,0.6777777777777777
12658,auditor,SHAP,0.6666666666666667,LIME,0.26666666666666666,0.6666666666666667,0.4000000000000001,-0.0611111111111111,-0.00555555555555555
12658,model_centric,SHAP,0.8333333333333334,LIME,0.16666666666666663,0.8333333333333334,0.6666666666666667,0.0,0.0
8993,doctor,SHAP,0.624761649816335,LIME,0.14375791701619306,0.624761649816335,0.4810037328001419,0.39549532131698567,0.19926650596128662
8993,patient,Counterfactual,0.6540539959945507,LIME,0.33528111187718496,0.27030845773405543,0.31877288411736576,0.6540539959945507,0.3108666130982066
8993,auditor,SHAP,0.7194660340534971,LIME,0.24160079260320666,0.7194660340534971,0.4778652414502904,-0.005633599670957629,0.16634209945217449
8993,model_centric,SHAP,0.8993325425668712,LIME,0.13533432408734158,0.8993325425668712,0.7639982184795296,0.06240244485574739,0.21487206875966253
15262,doctor,Counterfactual,0.7264530423237614,SHAP,0.1037841151391975,0.6226689271845639,0.5373944814795971,0.7264530423237614,0.31569224524720785
15262,patient,Counterfactual,0.7643732363301426,Rules,0.08136471013662894,0.4517815864089232,0.40843712849990743,0.7643732363301426,0.6830085261935137
15262,auditor,SHAP,0.7704732078342892,LIME,0.21230751809370196,0.7704732078342892,0.5581656897405872,0.5038747795300306,0.22895988003712342
15262,model_centric,SHAP,0.9630915097928614,LIME,0.09871773095046077,0.9630915097928614,0.8643737788424006,0.6992879188569827,0.3000887389352931
17632,doctor,SHAP,0.47264647500556717,Rules,0.0726464750055672,0.47264647500556717,0.3770588529524323,0.35,0.39999999999999997
17632,patient,Rules,0.6777777777777777,Counterfactual,0.2867877472108133,0.3553993726188778,0.37418208091701044,0.3909900305669644,0.6777777777777777
17632,auditor,SHAP,0.5961754155955942,LIME,0.2819264131842938,0.5961754155955942,0.3142490024113004,-0.0611111111111111,-0.00555555555555555
17632,model_centric,SHAP,0.7452192694944927,LIME,0.1857413498137006,0.7452192694944927,0.5594779196807921,0.0,0.0
8094,doctor,SHAP,0.5722431258848003,LIME,0.1553640635548949,0.5722431258848003,0.4168790623299054,0.35,0.39999999999999997
8094,patient,Rules,0.6777777777777777,SHAP,0.22711692134292083,0.45066085643485687,0.40386957693997677,0.38448764263808316,0.6777777777777777
8094,auditor,SHAP,0.6574822216352247,LIME,0.282389601510305,0.6574822216352247,0.37509262012491973,-0.0611111111111111,-0.00555555555555555
8094,model_centric,SHAP,0.8218527770440308,LIME,0.1863203352212145,0.8218527770440308,0.6355324418228163,0.0,0.0
7433,doctor,SHAP,0.48602345561754945,Counterfactual,0.13602345561754947,0.48602345561754945,0.30005518370585427,0.35,0.11666666666666667
7433,patient,Counterfactual,0.3865977169290182,SHAP,0.005488254867835551,0.3811094620611826,0.34925504287484394,0.3865977169290182,0.31666666666666665
7433,auditor,SHAP,0.6088108792663693,LIME,0.46887380194835826,0.6088108792663693,0.13993707731801108,-0.0611111111111111,6.938893903907228e-18
7433,model_centric,SHAP,0.7610135990829616,LIME,0.4194255857687811,0.7610135990829616,0.34158801331418054,0.0,0.0
7145,doctor,Counterfactual,0.8072718938276369,SHAP,0.08777613321109312,0.7194957606165437,0.572955168887594,0.8072718938276369,0.6497557146008516
7145,patient,Counterfactual,0.7913128534981011,Rules,0.144318258572671,0.5254167716741073,0.4376473665221605,0.7913128534981011,0.6469945949254301
7145,auditor,SHAP,0.7948652508676524,Counterfactual,0.07547353399395407,0.7948652508676524,0.6213955362373291,0.7193917168736983,0.6851140323273597
7145,model_centric,SHAP,0.9935815635845653,Counterfactual,0.024897473047998053,0.9935815635845653,0.9434110869633281,0.9686840905365672,0.8772258737425329
16123,doctor,Counterfactual,0.7998769923859019,SHAP,0.09949964347146212,0.7003773489144398,0.44395905257711193,0.7998769923859019,0.5965727332363112
16123,patient,Counterfactual,0.7888478863508561,Rules,0.18954586416097463,0.5055141286347132,0.32868566907443986,0.7888478863508561,0.5993020221898815
16123,auditor,SHAP,0.799180704123523,Rules,0.08596726375692343,0.799180704123523,0.4921338189120497,0.6996719796957385,0.7132134403665996
16123,model_centric,SHAP,0.9989758801544038,Counterfactual,0.0549414610902863,0.9989758801544038,0.7818339403067287,0.9440344190641174,0.9192945782360273
11409,doctor,SHAP,0.5408200482046625,Rules,0.007905960490266262,0.5408200482046625,0.4617769006218154,0.08333333333333333,0.5329140877143962
11409,patient,Rules,0.42208247368257645,LIME,0.03969472960303927,0.33034127696929494,0.3823877440795372,0.2833333333333333,0.42208247368257645
11409,auditor,SHAP,0.7734875392989266,Rules,0.024605527616092138,0.7734875392989266,0.49809351591044526,-0.04999999999999999,0.7488820116828344
11409,model_centric,SHAP,0.9668594241236581,Rules,0.023812465075670586,0.9668594241236581,0.7892835615547231,0.0,0.9430469590479875
12176,doctor,Rules,0.707965253940577,SHAP,0.0038912624468337986,0.7040739914937432,0.5716640022761919,0.6924801730428514,0.707965253940577
12176,patient,Counterfactual,0.7530489465698393,Rules,0.1077038034434481,0.39806995496922637,0.33557178275611,0.7530489465698393,0.6453451431263912
12176,auditor,SHAP,0.78168508043307,Rules,0.1278418066536463,0.78168508043307,0.6474618423978367,0.4132804614476039,0.6538432737794236
12176,model_centric,SHAP,0.9771063505413374,LIME,0.0011123808773749744,0.9771063505413374,0.9759939696639625,0.5860450212539492,0.8381374255576128
835,doctor,SHAP,0.5518460844151991,Rules,0.15184608441519915,0.5518460844151991,0.3249972021586571,0.19718393177886712,0.39999999999999997
835,patient,Rules,0.6777777777777777,Counterfactual,0.23246433941412747,0.3680606602330204,0.3432093173456123,0.4453134383636502,0.6777777777777777
835,auditor,SHAP,0.6666666666666667,LIME,0.4,0.6666666666666667,0.2666666666666667,-0.06666666666666665,-0.00555555555555555
835,model_centric,SHAP,0.8333333333333333,LIME,0.33333333333333326,0.8333333333333333,0.5,0.0,0.0
4287,doctor,SHAP,0.7096781950781892,Counterfactual,0.012653647639111809,0.7096781950781892,0.5694146968158112,0.6970245474390774,0.5675490644568867
4287,patient,Counterfactual,0.754563738035248,Rules,0.16093627210517458,0.3815340777078384,0.33615025751937266,0.754563738035248,0.5936274659300734
4287,auditor,SHAP,0.8,LIME,0.16196449934222934,0.8,0.6380355006577707,0.4253987931708732,0.5134478044286
4287,model_centric,SHAP,1.0,LIME,0.0357889575111201,1.0,0.9642110424888799,0.6011929359080359,0.6695875333135278
5681,doctor,SHAP,0.4180286631568235,LIME,0.022564775091622025,0.4180286631568235,0.3954638880652015,0.36666666666666664,0.11666666666666667
5681,patient,Counterfactual,0.6444444444444444,SHAP,0.265562325550202,0.3788821188942424,0.36245493279516494,0.6444444444444444,0.31666666666666665
5681,auditor,SHAP,0.4,LIME,0.08331304369888687,0.4,0.31668695630111315,-0.055555555555555546,6.938893903907228e-18
5681,model_centric,LIME,0.562525362043058,SHAP,0.06252536204305803,0.5,0.562525362043058,0.0,0.0
1577,doctor,SHAP,0.5577079487965865,LIME,0.12327369653895037,0.5577079487965865,0.4344342522576361,0.35,0.39999999999999997
1577,patient,Rules,0.6777777777777777,Counterfactual,0.2913732541774171,0.3679458044565196,0.35849725268178717,0.3864045236003606,0.6777777777777777
1577,auditor,SHAP,0.6666666666666667,LIME,0.2666666666666667,0.6666666666666667,0.4,-0.0611111111111111,-0.00555555555555555
1577,model_centric,SHAP,0.8333333333333333,LIME,0.16666666666666663,0.8333333333333333,0.6666666666666666,0.0,0.0
19335,doctor,SHAP,0.6039362884625344,LIME,0.19036135696341777,0.6039362884625344,0.41357493149911667,0.35,0.11666666666666667
19335,patient,Counterfactual,0.48336178894050824,LIME,0.13392963913000527,0.33393080110070317,0.34943214981050297,0.48336178894050824,0.31666666666666665
19335,auditor,SHAP,0.8,LIME,0.4,0.8,0.4,-0.0611111111111111,6.938893903907228e-18
19335,model_centric,SHAP,1.0,LIME,0.33333333333333337,1.0,0.6666666666666666,0.0,0.0
5753,doctor,SHAP,0.5177820450694112,Rules,0.1177820450694112,0.5177820450694112,0.3776489445547861,0.2733971975717885,0.39999999999999997
5753,patient,Rules,0.6777777777777777,Counterfactual,0.07107244956763559,0.3118901134645866,0.3385667707136381,0.6067053282101421,0.6777777777777777
5753,auditor,SHAP,0.7561607575627163,LIME,0.3810915878559919,0.7561607575627163,0.3750691697067244,-0.05444868016522783,-0.00555555555555555
5753,model_centric,SHAP,0.9452009469533953,LIME,0.3096978181533232,0.9452009469533953,0.6355031288000721,0.008328038682354086,0.0
11922,doctor,Counterfactual,0.7915678041014865,SHAP,0.06298685511871494,0.7285809489827716,0.5921964109324399,0.7915678041014865,0.7109944712704553
11922,patient,Counterfactual,0.7860781569227178,Rules,0.055512748370577625,0.5127619813361695,0.4509947919476348,0.7860781569227178,0.7305654085521401
11922,auditor,SHAP,0.7992006421186253,Counterfactual,0.12168649784799446,0.7992006421186253,0.551859912972268,0.6775141442706308,0.6737083043406797
11922,model_centric,SHAP,0.9990008026482815,Counterfactual,0.08266367786554851,0.9990008026482815,0.8564915578820016,0.916337124782733,0.8629687137591829
16567,doctor,SHAP,0.5180930914769843,Counterfactual,0.03200221091578542,0.5180930914769843,0.36500642792575366,0.4860908805611989,0.39999999999999997
16567,patient,Rules,0.6777777777777777,SHAP,0.2535397080763877,0.42423806970139,0.3433873957831655,0.41020038786578933,0.6777777777777777
16567,auditor,SHAP,0.5918972818378244,LIME,0.2717991255151485,0.5918972818378244,0.3200981563226759,0.2817357470856004,-0.00555555555555555
16567,model_centric,SHAP,0.7398716022972804,LIME,0.17308224022726892,0.7398716022972804,0.5667893620700115,0.43550301719033374,0.0
13799,doctor,SHAP,0.4505475897884433,Rules,0.050547589788443315,0.4505475897884433,0.18520686117078802,0.36666666666666664,0.39999999999999997
13799,patient,Rules,0.6777777777777777,Counterfactual,0.033333333333333326,0.3428309427632165,0.36636000945871083,0.6444444444444444,0.6777777777777777
13799,auditor,SHAP,0.5356958771687932,Rules,0.5412514327243487,0.5356958771687932,-0.05065544458069842,-0.055555555555555546,-0.00555555555555555
13799,model_centric,SHAP,0.6696198464609915,LIME,0.5662724855201978,0.6696198464609915,0.10334736094079362,0.0,0.0
20068,doctor,SHAP,0.524406542916882,LIME,0.10793176881874461,0.524406542916882,0.41647477409813743,0.35,0.39999999999999997
20068,patient,Rules,0.6777777777777777,Counterfactual,0.2080577035200647,0.32881822309832615,0.3554816059797161,0.469720074257713,0.6777777777777777
20068,auditor,SHAP,0.6666666666666667,LIME,0.26666666666666666,0.6666666666666667,0.4000000000000001,-0.0611111111111111,-0.00555555555555555
20068,model_centric,SHAP,0.8333333333333334,LIME,0.16666666666666663,0.8333333333333334,0.6666666666666667,0.0,0.0
13489,doctor,Counterfactual,0.736413167523761,SHAP,0.008246047642452847,0.7281671198813081,0.5503492619034784,0.736413167523761,0.3919319897152103
13489,patient,Counterfactual,0.7676932780634759,Rules,0.23070007514253266,0.4188303663048358,0.29152874182873345,0.7676932780634759,0.5369932029209432
13489,auditor,SHAP,0.7919538559862648,LIME,0.2221073233158044,0.7919538559862648,0.5698465326704604,0.5304351133966959,0.24384000438846987
13489,model_centric,SHAP,0.989942319982831,LIME,0.11096748747808904,0.989942319982831,0.878974832504742,0.7324883361903143,0.32563333881892065
1126,doctor,Counterfactual,0.8166666666666667,LIME,0.23202167739506618,0.5131517624518459,0.5846449892716005,0.8166666666666667,0.11666666666666667
1126,patient,Counterfactual,0.7944444444444444,SHAP,0.37245738179521143,0.42198706264923297,0.3955301239297251,0.7944444444444444,0.31666666666666665
1126,auditor,Counterfactual,0.7444444444444445,LIME,0.13042016873779072,0.5671703889999735,0.6140242757066537,0.7444444444444445,6.938893903907228e-18
1126,model_centric,Counterfactual,1.0,LIME,0.06580298870001622,0.7089629862499669,0.9341970112999838,1.0,0.0
2226,doctor,Rules,0.572900715526496,SHAP,0.017923138288766127,0.5549775772377299,0.3924118995541671,0.5456293869321251,0.572900715526496
2226,patient,Rules,0.7354113496199431,Counterfactual,0.04629568990826105,0.39454551091731427,0.3191189704619746,0.6891156597116821,0.7354113496199431
2226,auditor,SHAP,0.7058187378002767,Counterfactual,0.23268943228688155,0.7058187378002767,0.42663365007584864,0.47312930551339516,0.4033775202035113
2226,model_centric,SHAP,0.8822734222503459,LIME,0.1823146929888685,0.8822734222503459,0.6999587292614774,0.6678005207806328,0.5111663446988335
17097,doctor,SHAP,0.7151554890352547,LIME,0.08144574405893812,0.7151554890352547,0.6337097449763166,0.5025475781611785,0.34752048373336664
17097,patient,Counterfactual,0.6897380816092816,Rules,0.16754871401561966,0.27791388460783556,0.35537679681699963,0.6897380816092816,0.522189367593662
17097,auditor,SHAP,0.7886936041949655,LIME,0.14822358499986743,0.7886936041949655,0.640470019195098,0.16340026715397485,0.17182959246641957
17097,model_centric,SHAP,0.9858670052437067,LIME,0.018612814583167547,0.9858670052437067,0.9672541906605392,0.273694778386913,0.23562032391635776
5094,doctor,SHAP,0.5696589047911984,Counterfactual,0.21965890479119843,0.5696589047911984,0.3267398875475258,0.35,0.11666666666666667
5094,patient,Counterfactual,0.4852737190559798,SHAP,0.030027292298522912,0.4552464267574569,0.3332583816105381,0.4852737190559798,0.31666666666666665
5094,auditor,SHAP,0.6571389769637872,LIME,0.4106404731339317,0.6571389769637872,0.24649850382985547,-0.0611111111111111,6.938893903907228e-18
5094,model_centric,SHAP,0.8214237212047341,LIME,0.3466339247507481,0.8214237212047341,0.47478979645398595,0.0,0.0
18718,doctor,Counterfactual,0.7715073438828588,Rules,0.028918884070531226,0.7001293215098748,0.5642070258942092,0.7715073438828588,0.7425884598123276
18718,patient,Counterfactual,0.7793913368498419,Rules,0.09575073913462151,0.4946502419404441,0.4255444358100204,0.7793913368498419,0.6836405977152203
18718,auditor,SHAP,0.8,Rules,0.053097440500459614,0.8,0.6185171159790134,0.6240195836876236,0.7469025594995404
18718,model_centric,SHAP,1.0,Rules,0.05248291173668562,1.0,0.9398130616404334,0.8494689240539739,0.9475170882633144
2967,doctor,Rules,0.7996255607514492,SHAP,0.15056527583650114,0.649060284914948,0.5145548874642899,0.5967719085167938,0.7996255607514492
2967,patient,Counterfactual,0.7281789001886578,Rules,0.08385926882706363,0.4308315957909873,0.4637446239811599,0.7281789001886578,0.6443196313615942
2967,auditor,SHAP,0.7872386899835065,Rules,0.08823719464630864,0.7872386899835065,0.5785936359957357,0.5584831508642278,0.6990014953371979
2967,model_centric,SHAP,0.9840483624793831,LIME,0.09413965081804687,0.9840483624793831,0.8899087116613362,0.7744928274691736,0.8876407580603862
3805,doctor,Counterfactual,0.6571763376960209,SHAP,0.16095413709740658,0.4962222005986143,0.3306044175871421,0.6571763376960209,0.11666666666666667
3805,patient,Counterfactual,0.7412810014542291,LIME,0.3651832655231124,0.33030676798809844,0.37609773593111673,0.7412810014542291,0.31666666666666665
3805,auditor,SHAP,0.5690552182125073,Counterfactual,0.03726454572892368,0.5690552182125073,0.15507831859570917,0.5317906724835836,6.938893903907228e-18
3805,model_centric,Counterfactual,0.7341827850489238,SHAP,0.02286376228328968,0.7113190227656341,0.36051456491130307,0.7341827850489238,0.0
2933,doctor,SHAP,0.5742414580775349,LIME,0.0035989687539023096,0.5742414580775349,0.5706424893236326,0.08333333333333333,0.11666666666666667
2933,patient,LIME,0.46875425917901187,SHAP,0.019536370201344466,0.4492178889776674,0.46875425917901187,0.2833333333333333,0.31666666666666665
2933,auditor,SHAP,0.7171259766192244,LIME,0.1168966075899679,0.7171259766192244,0.6002293690292565,-0.04999999999999999,6.938893903907228e-18
2933,model_centric,LIME,0.9169533779532373,SHAP,0.0205459071792069,0.8964074707740304,0.9169533779532373,0.0,0.0
17135,doctor,Counterfactual,0.5326701579364179,SHAP,0.047863009179848426,0.4848071487565695,0.405529351378558,0.5326701579364179,0.39999999999999997
17135,patient,Counterfactual,0.6971677084093664,Rules,0.01938993063158867,0.38760578680856617,0.3598769699035579,0.6971677084093664,0.6777777777777777
17135,auditor,SHAP,0.5333333333333334,Counterfactual,0.0279958330292015,0.5333333333333334,0.4000000000000001,0.5053375003041319,-0.00555555555555555
17135,model_centric,Counterfactual,0.7080607642690537,SHAP,0.04139409760238699,0.6666666666666667,0.6666666666666667,0.7080607642690537,0.0
15440,doctor,Counterfactual,0.7514633123766551,Rules,0.06430738467306019,0.6648091708035004,0.49669282519415864,0.7514633123766551,0.6871559277035949
15440,patient,Counterfactual,0.7727099930144405,Rules,0.113248660388096,0.44658785134872436,0.3661515113354054,0.7727099930144405,0.6594613326263445
15440,auditor,SHAP,0.7898492235124467,Rules,0.04699024215448799,0.7898492235124467,0.5933663666254834,0.5705688330044137,0.7428589813579587
15440,model_centric,SHAP,0.9873115293905583,Rules,0.03790446935977676,0.9873115293905583,0.9083746249485207,0.7826554856999615,0.9494070600307816
17895,doctor,SHAP,0.40641695658461285,Rules,0.006416956584612887,0.40641695658461285,0.16898222612153313,0.35,0.39999999999999997
17895,patient,Rules,0.6777777777777777,Counterfactual,0.29740138661226867,0.37403917870710557,0.2784050207398979,0.38037639116550903,0.6777777777777777
17895,auditor,SHAP,0.4,Rules,0.40555555555555556,0.4,-0.13333333333333333,-0.0611111111111111,-0.00555555555555555
17895,model_centric,SHAP,0.5,LIME,0.5,0.5,0.0,0.0,0.0
7226,doctor,Rules,0.5497291565755464,SHAP,0.02346717258643194,0.5262619839891145,0.3983514665752428,0.35,0.5497291565755464
7226,patient,Rules,0.42768749663629324,Counterfactual,0.04284579783978276,0.3401120043443745,0.3333676541147585,0.3848416987965105,0.42768749663629324
7226,auditor,Rules,0.7937221953125684,SHAP,0.12766160936438697,0.6660605859481814,0.3989747105088813,-0.0611111111111111,0.7937221953125684
7226,model_centric,Rules,0.999097188585155,SHAP,0.1665214561499283,0.8325757324352266,0.6653850548027682,0.0,0.999097188585155
2861,doctor,Counterfactual,0.7519278703180312,SHAP,0.07007748114524637,0.6818503891727848,0.5536634148586529,0.7519278703180312,0.6147787967007197
2861,patient,Counterfactual,0.7728648456615659,Rules,0.03182746898354816,0.4563216117373751,0.41189852435559,0.7728648456615659,0.7410373766780177
2861,auditor,SHAP,0.7989792991051163,LIME,0.2024116693181538,0.7989792991051163,0.5965676297869625,0.5718076541814165,0.5127906241924539
2861,model_centric,SHAP,0.9987241238813954,LIME,0.08634791998102564,0.9987241238813954,0.9123762039003698,0.784204012171215,0.6548771691294563
271,doctor,Rules,0.85,SHAP,0.26752009170595425,0.5824799082940457,0.5768895873620926,0.5387382845853168,0.85
271,patient,Rules,0.8277777777777777,Counterfactual,0.23175532929444964,0.3463021516281095,0.3793378301592411,0.5960224484833281,0.8277777777777777
271,auditor,Rules,0.7944444444444445,SHAP,0.06524308831613301,0.7292013561283115,0.6276843161758626,0.5928340226911819,0.7944444444444445
271,model_centric,Rules,1.0,LIME,0.048727938113505176,0.9115016951603894,0.9512720618864948,0.8243758616973106,1.0
13276,doctor,SHAP,0.5027925633188552,Rules,0.10279256331885528,0.5027925633188552,0.3521620215406491,0.35,0.39999999999999997
13276,patient,Rules,0.6777777777777777,Counterfactual,0.19708220202635174,0.36573784247291075,0.3492674963086466,0.48069557575142596,0.6777777777777777
13276,auditor,SHAP,0.6448094674597266,LIME,0.37814280079305984,0.6448094674597266,0.2666666666666667,-0.0611111111111111,-0.00555555555555555
13276,model_centric,SHAP,0.8060118343246582,LIME,0.30601183432465817,0.8060118343246582,0.5,0.0,0.0
14599,doctor,SHAP,0.5935315564343986,LIME,0.14493003064811544,0.5935315564343986,0.44860152578628315,0.32910019649078265,0.11666666666666667
14599,patient,Counterfactual,0.5201871892060446,LIME,0.14850766262221132,0.35724343312653367,0.37167952658383324,0.5201871892060446,0.31666666666666665
14599,auditor,SHAP,0.8,LIME,0.34553552274892435,0.8,0.4544644772510757,0.07350702182421402,6.938893903907228e-18
14599,model_centric,SHAP,1.0,LIME,0.2652527367694888,1.0,0.7347472632305112,0.17521711061360085,0.0
12634,doctor,Counterfactual,0.7729828625386856,Rules,0.054966725505014136,0.7023418027525372,0.6074874939159175,0.7729828625386856,0.7180161370336715
12634,patient,Counterfactual,0.7798831764017841,Rules,0.12592458101629111,0.5082296886904761,0.4613783250986827,0.7798831764017841,0.653958595385493
12634,auditor,SHAP,0.795566344982298,Rules,0.08619480055116424,0.795566344982298,0.6170043653369497,0.6279543001031619,0.7093715444311337
12634,model_centric,SHAP,0.9944579312278723,LIME,0.05653580789001855,0.9944579312278723,0.9379221233378537,0.8543873195733969,0.9075477638722503
1359,doctor,Rules,0.808816160894173,SHAP,0.16476855034588467,0.6440476105482883,0.4521269642941578,0.5848902568053722,0.808816160894173
1359,patient,Rules,0.8140498314091688,Counterfactual,0.3824512461847957,0.37144005149061954,0.3406026695810152,0.43159858522437305,0.8140498314091688
1359,auditor,SHAP,0.759612413869122,Rules,0.07499154037354949,0.759612413869122,0.3696596475432907,0.39716411248828254,0.6846208734955725
1359,model_centric,SHAP,0.9495155173364025,Rules,0.08679498102249239,0.9495155173364025,0.6287412260957801,0.572844029499242,0.8627205363139101
16356,doctor,Counterfactual,0.7999999999999999,SHAP,0.13635758970323308,0.6636424102967668,0.588872807463029,0.7999999999999999,0.11666666666666667
16356,patient,Counterfactual,0.5581448666492692,SHAP,0.07123818039533686,0.48690668625393235,0.409829653560598,0.5581448666492692,0.31666666666666665
16356,auditor,SHAP,0.7445958748489476,Counterfactual,0.005706985960058697,0.7445958748489476,0.6112625415156143,0.7388888888888889,6.938893903907228e-18
16356,model_centric,Counterfactual,1.0,SHAP,0.06925515643881552,0.9307448435611845,0.9307448435611845,1.0,0.0
783,doctor,SHAP,0.5213221146711318,Rules,0.1213221146711318,0.5213221146711318,0.34567899869636715,0.35,0.39999999999999997
783,patient,Rules,0.6777777777777777,Counterfactual,0.29358953863549764,0.35477261790501957,0.35671299438102916,0.38418823914228006,0.6777777777777777
783,auditor,SHAP,0.636621931342716,LIME,0.38415570621852413,0.636621931342716,0.2524662251241919,-0.0611111111111111,-0.00555555555555555
783,model_centric,SHAP,0.795777414178395,LIME,0.3135279661064885,0.795777414178395,0.4822494480719065,0.0,0.0
9179,doctor,Counterfactual,0.6322204059690507,LIME,0.2093399067588319,0.4021465411866165,0.4228804992102188,0.6322204059690507,0.39999999999999997
9179,patient,Rules,0.6777777777777777,Counterfactual,0.023773165382913075,0.39213470739652534,0.3965074025096033,0.6540046123948646,0.6777777777777777
9179,auditor,Counterfactual,0.7333333333333334,SHAP,0.16816527588359864,0.5651680574497348,0.4,0.7333333333333334,-0.00555555555555555
9179,model_centric,Counterfactual,1.0,SHAP,0.2935399281878316,0.7064600718121684,0.6666666666666666,1.0,0.0
196,doctor,Counterfactual,0.7926265309791886,SHAP,0.06112032910384946,0.7315062018753391,0.6126886111413457,0.7926265309791886,0.6818999518526994
196,patient,Counterfactual,0.7864310658819518,Rules,0.054080576880546904,0.5208601300243036,0.5286013525887292,0.7864310658819518,0.7323504890014049
196,auditor,SHAP,0.7921271548015054,Counterfactual,0.1117897388570025,0.7921271548015054,0.6191137009291224,0.6803374159445029,0.6781354040085122
196,model_centric,SHAP,0.9901589435018816,LIME,0.04960015067381196,0.9901589435018816,0.9405587928280696,0.9198662143750731,0.8685025883439734
9980,doctor,SHAP,0.5137309022333107,Rules,0.11373090223331078,0.5137309022333107,0.3463866744144689,0.3415324457727764,0.39999999999999997
9980,patient,Rules,0.6777777777777777,Counterfactual,0.2085919342768005,0.38328329205563216,0.3582049554030644,0.4691858435009772,0.6777777777777777
9980,auditor,SHAP,0.6518021146130151,LIME,0.3483186247841104,0.6518021146130151,0.30348348982890466,0.1431558635376459,-0.00555555555555555
9980,model_centric,SHAP,0.8147526432662688,LIME,0.26873161431347137,0.8147526432662688,0.5460210289527975,0.2622781627553907,0.0
2100,doctor,Counterfactual,0.6729472365525102,SHAP,0.11843382243823086,0.5545134141142793,0.3440454372798655,0.6729472365525102,0.39999999999999997
2100,patient,Rules,0.6777777777777777,Counterfactual,0.097494744573553,0.428915692504808,0.3423170076535506,0.5802830332042247,0.6777777777777777
2100,auditor,Counterfactual,0.7333333333333334,SHAP,0.06666666666666665,0.6666666666666667,0.2911099850166803,0.7333333333333334,-0.00555555555555555
2100,model_centric,Counterfactual,1.0,SHAP,0.16666666666666674,0.8333333333333333,0.530554147937517,1.0,0.0
15570,doctor,Counterfactual,0.7785834028597073,SHAP,0.19616926420151948,0.5824141386581878,0.5243832806073017,0.7785834028597073,0.11666666666666667
15570,patient,Counterfactual,0.7817500231754579,SHAP,0.3576982183248905,0.4240518048505674,0.415566788587273,0.7817500231754579,0.31666666666666665
15570,auditor,SHAP,0.7358801722358564,Counterfactual,0.04221341286735769,0.7358801722358564,0.573136957629172,0.6936667593684988,6.938893903907228e-18
15570,model_centric,Counterfactual,0.9365278936550678,SHAP,0.01667767836024736,0.9198502152948205,0.8830878637031316,0.9365278936550678,0.0
17278,doctor,Counterfactual,0.724756323313869,Rules,0.022171400093799254,0.6813492775715011,0.5295123275155208,0.724756323313869,0.7025849232200697
17278,patient,Counterfactual,0.6246946502770753,Rules,0.03903768756629167,0.5100271433049972,0.33949595127417775,0.6246946502770753,0.5856569627107836
17278,auditor,SHAP,0.7647134363160064,Rules,0.08693075779832027,0.7647134363160064,0.6149286239865878,0.5741576886256594,0.6777826785176861
17278,model_centric,SHAP,0.9558917953950079,LIME,0.020564348745106598,0.9558917953950079,0.9353274466499013,0.7940859996709632,0.8680616814804409
8778,doctor,SHAP,0.5469213249043832,Counterfactual,0.1969213249043832,0.5469213249043832,0.33607809597538063,0.35,0.11666666666666667
8778,patient,Counterfactual,0.48083526803156607,SHAP,0.03897236160596729,0.4418629064255988,0.34771254914404987,0.48083526803156607,0.31666666666666665
8778,auditor,SHAP,0.6666666666666667,LIME,0.37533227616650516,0.6666666666666667,0.2913343905001616,-0.0611111111111111,6.938893903907228e-18
8778,model_centric,SHAP,0.8333333333333333,LIME,0.3024986785414646,0.8333333333333333,0.5308346547918686,0.0,0.0
8978,doctor,SHAP,0.5816755490894182,LIME,0.15333112339562216,0.5816755490894182,0.42834442569379605,0.35,0.39999999999999997
8978,patient,Rules,0.6777777777777777,SHAP,0.28322220957236355,0.39455556820541415,0.36438178824723,0.38683402322979454,0.6777777777777777
8978,auditor,SHAP,0.6666666666666667,LIME,0.26666666666666666,0.6666666666666667,0.4000000000000001,-0.0611111111111111,-0.00555555555555555
8978,model_centric,SHAP,0.8333333333333334,LIME,0.16666666666666663,0.8333333333333334,0.6666666666666667,0.0,0.0
18555,doctor,Rules,0.7333333333333333,SHAP,0.11245220969449099,0.6208811236388423,0.5702769166975343,0.5156573428615433,0.7333333333333333
18555,patient,Counterfactual,0.7065201555132177,Rules,0.050964599957662116,0.3293253655695395,0.34134317268846925,0.7065201555132177,0.6555555555555556
18555,auditor,SHAP,0.8,Rules,0.011111111111111072,0.8,0.6666666666666667,0.4565710386037465,0.788888888888889
18555,model_centric,SHAP,1.0,LIME,0.0,1.0,1.0,0.6471026871435719,1.0
10058,doctor,SHAP,0.471089798750702,Counterfactual,0.05565837219969744,0.471089798750702,0.31390312062797565,0.41543142655100457,0.11666666666666667
10058,patient,Counterfactual,0.4279980677388216,LIME,0.057675538742513965,0.368862839745687,0.37032252899630763,0.4279980677388216,0.31666666666666665
10058,auditor,SHAP,0.6174595357160777,Counterfactual,0.3867255717027278,0.6174595357160777,0.16406729734668318,0.23073396401334986,6.938893903907228e-18
10058,model_centric,SHAP,0.771824419645097,LIME,0.40007363129507634,0.771824419645097,0.3717507883500206,0.3717507883500206,0.0
10551,doctor,Counterfactual,0.7384957541895261,SHAP,0.10502930748064143,0.6334664467088846,0.5657532154376111,0.7384957541895261,0.18333333333333332
10551,patient,Counterfactual,0.6397391149271824,SHAP,0.2213388718915485,0.4184002430356339,0.3957033114622486,0.6397391149271824,0.23888888888888887
10551,auditor,SHAP,0.7868098884767946,Counterfactual,0.06666666666666665,0.7868098884767946,0.6666666666666667,0.7201432218101279,-0.011111111111111106
10551,model_centric,LIME,1.0,SHAP,0.01648763940400677,0.9835123605959932,1.0,0.9835123605959932,0.0
15920,doctor,Counterfactual,0.7733432989700685,SHAP,0.0549525543794237,0.7183907445906448,0.549474957616533,0.7733432989700685,0.6902054882703217
15920,patient,Counterfactual,0.7800033218789117,Rules,0.013823714677693388,0.5040315312742863,0.4784223313806406,0.7800033218789117,0.7661796072012184
15920,auditor,SHAP,0.7925493486425716,Rules,0.15069030607924316,0.7925493486425716,0.5907751935107056,0.6289154639201828,0.6418590425633285
15920,model_centric,SHAP,0.9906866858032146,LIME,0.08555102724816599,0.9906866858032146,0.9051356585550486,0.8555887743446728,0.8162126920930495
16408,doctor,Rules,0.5656274640248788,LIME,0.08148488150636668,0.44194287094885154,0.48414258251851217,0.08333333333333333,0.5656274640248788
16408,patient,LIME,0.470757436676499,SHAP,0.026753817750856113,0.4440036189256429,0.470757436676499,0.2833333333333333,0.33298693245273736
16408,auditor,SHAP,0.5793308536009193,LIME,0.06150715969647724,0.5793308536009193,0.517823693904442,-0.04999999999999999,0.3381199555293543
16408,model_centric,LIME,0.8139462840472191,SHAP,0.0897827170460701,0.724163567001149,0.8139462840472191,0.0,0.4295943888561373
11978,doctor,Rules,0.8117725442821243,SHAP,0.16938153487776686,0.6423910094043574,0.541242704675357,0.5939693468282767,0.8117725442821243
11978,patient,Rules,0.8150352925384858,Counterfactual,0.3892237250042477,0.38255282460968953,0.3943237551170634,0.42581156753423816,0.8150352925384858
11978,auditor,SHAP,0.762118247027519,Rules,0.06961368449740946,0.762118247027519,0.5772926940090927,0.41321141036942377,0.6925045625301095
11978,model_centric,SHAP,0.9526478087843987,LIME,0.06436527460636632,0.9526478087843987,0.8882825341780324,0.5929031518506687,0.8725751476070813
8507,doctor,SHAP,0.44396918515158806,Counterfactual,0.03890406082565062,0.44396918515158806,0.375923089703854,0.40506512432593744,0.39999999999999997
8507,patient,Counterfactual,0.6803966840899471,Rules,0.0026189063121694334,0.39061984585743803,0.3380093747199238,0.6803966840899471,0.6777777777777777
8507,auditor,SHAP,0.5310244933413018,LIME,0.17964068194753724,0.5310244933413018,0.3513838113937645,0.32136892367719894,-0.00555555555555555
8507,model_centric,SHAP,0.6637806166766271,LIME,0.05788418576775489,0.6637806166766271,0.6058964309088722,0.4781000434853875,0.0
12226,doctor,SHAP,0.5356230404957137,Rules,0.13562304049571378,0.5356230404957137,0.3865159820115107,0.36666666666666664,0.39999999999999997
12226,patient,Rules,0.6777777777777777,Counterfactual,0.033333333333333326,0.2956215582684525,0.314720819974469,0.6444444444444444,0.6777777777777777
12226,auditor,SHAP,0.7912420774337089,LIME,0.42035625832598456,0.7912420774337089,0.37088581910772433,-0.055555555555555546,-0.00555555555555555
12226,model_centric,SHAP,0.9890525967921361,LIME,0.35877865624081406,0.9890525967921361,0.630273940551322,0.0,0.0
7310,doctor,Counterfactual,0.4929859236672016,SHAP,0.01893496598852784,0.4740509576786738,0.3277455391864378,0.4929859236672016,0.39999999999999997
7310,patient,Counterfactual,0.6823158795293629,Rules,0.0045381017515852,0.4378887484934345,0.34453709877225486,0.6823158795293629,0.6777777777777777
7310,auditor,SHAP,0.6059039545545082,Counterfactual,0.21668882744925366,0.6059039545545082,0.30644340710901835,0.3892151271052545,-0.00555555555555555
7310,model_centric,SHAP,0.7573799431931352,Counterfactual,0.1944721454226782,0.7573799431931352,0.5497209255529395,0.562907797770457,0.0
18604,doctor,Rules,0.85,Counterfactual,0.17638850503654602,0.4944356762084396,0.552552304145831,0.673611494963454,0.85
18604,patient,Rules,0.8277777777777777,Counterfactual,0.08718186126279259,0.4370218486975462,0.3906222817463698,0.7405959165149851,0.8277777777777777
18604,auditor,Rules,0.7944444444444445,Counterfactual,0.1153941117178372,0.6633239553056022,0.6432800051851708,0.6790503327266073,0.7944444444444445
18604,model_centric,Rules,1.0,LIME,0.029233326851869856,0.8291549441320027,0.9707666731481301,0.925201804797148,1.0
12150,doctor,Counterfactual,0.7757934584221546,SHAP,0.07830359088305294,0.6974898675391017,0.5850978179991049,0.7757934584221546,0.6553283974482021
12150,patient,Counterfactual,0.7808200416962737,Rules,0.066417646587277,0.48538951529970786,0.39783611505608457,0.7808200416962737,0.7144023951089967
12150,auditor,SHAP,0.7975758928444725,Counterfactual,0.16212667038539352,0.7975758928444725,0.615212368788899,0.635449222459079,0.5864453027766373
12150,model_centric,SHAP,0.9969698660555906,LIME,0.06128773840280033,0.9969698660555906,0.9356821276527902,0.8637559725182931,0.7538899618041299
7488,doctor,Counterfactual,0.7497949841573275,SHAP,0.05501482310905981,0.6947801610482677,0.5570763654344404,0.7497949841573275,0.6720043133954703
7488,patient,Counterfactual,0.772153883607998,Rules,0.14310194075900273,0.46928254186624574,0.4668348212822292,0.772153883607998,0.6290519428489952
7488,auditor,SHAP,0.8,LIME,0.20530351960171922,0.8,0.5946964803982808,0.5661199577528733,0.5151104313717512
7488,model_centric,SHAP,1.0,LIME,0.0899627328354824,1.0,0.9100372671645176,0.777094391635536,0.6647213725480223
17372,doctor,LIME,0.6151207267298006,SHAP,0.026837342500825923,0.5882833842289746,0.6151207267298006,0.49762253557289593,0.2908886224852128
17372,patient,Counterfactual,0.6880964007465208,Rules,0.1406284760797326,0.3072613238791097,0.36096763457588965,0.6880964007465208,0.5474679246667882
17372,auditor,SHAP,0.6913856124007333,LIME,0.04696133812501202,0.6913856124007333,0.6444242742757212,0.16865148651430342,0.08577174276725619
17372,model_centric,LIME,0.9721970095113182,SHAP,0.1079649940104016,0.8642320155009166,0.9721970095113182,0.2802588025873237,0.12804801179240355
10640,doctor,SHAP,0.49520131808142787,LIME,0.08281344959332876,0.49520131808142787,0.4123878684880991,0.36666666666666664,0.11666666666666667
10640,patient,Counterfactual,0.6444444444444444,SHAP,0.2581757334325791,0.3862687110118653,0.3491129587294183,0.6444444444444444,0.31666666666666665
10640,auditor,SHAP,0.5328488304042823,LIME,0.1355096424086073,0.5328488304042823,0.397339187995675,-0.055555555555555546,6.938893903907228e-18
10640,model_centric,SHAP,0.6660610380053529,LIME,0.0027203863440925513,0.6660610380053529,0.6633406516612603,0.0,0.0
17137,doctor,Rules,0.7260106531806733,SHAP,0.03020211282355134,0.6958085403571219,0.5845828297747805,0.6118025900723187,0.7260106531806733
17137,patient,Rules,0.5561449652016386,SHAP,0.04865386481438028,0.5074911003872583,0.417957629235837,0.3875734780789717,0.5561449652016386
17137,auditor,SHAP,0.771226575505486,Rules,0.05509341931948186,0.771226575505486,0.6006588154154564,0.4489445254431271,0.7161331561860041
17137,model_centric,SHAP,0.9640332193818575,LIME,0.0465430334458703,0.9640332193818575,0.9174901859359872,0.6375695456927977,0.9159997785658385
16620,doctor,Rules,0.7891923412770422,Counterfactual,0.34969638634138656,0.4026578279922485,0.4184430399127854,0.43949595493565563,0.7891923412770422
16620,patient,Rules,0.8075085582034585,Counterfactual,0.2868908725856475,0.38146152262866273,0.3702325534392717,0.520617685617811,0.8075085582034585
16620,auditor,Rules,0.6322906878498905,SHAP,0.06458867921924794,0.5677020086306426,0.43899194870873925,0.28957836630914363,0.6322906878498905
16620,model_centric,Rules,0.7973078042568076,LIME,0.08190120170421689,0.7096275107883032,0.7154066025525907,0.44530629121976284,0.7973078042568076
19736,doctor,Rules,0.5833333333333333,SHAP,0.0010090609686228547,0.5823242723647104,0.4038797071277547,0.35,0.5833333333333333
19736,patient,Rules,0.6055555555555555,Counterfactual,0.11809182191683071,0.32135202540469454,0.3210097156457862,0.4874637336387248,0.6055555555555555
19736,auditor,SHAP,0.8,Rules,0.21111111111111114,0.8,0.4,-0.0611111111111111,0.5888888888888889
19736,model_centric,SHAP,1.0,Rules,0.25,1.0,0.6666666666666666,0.0,0.75
10711,doctor,SHAP,0.6035171495223709,LIME,0.12352786915007147,0.6035171495223709,0.47998928037229943,0.08333333333333333,0.24910667858531396
10711,patient,Rules,0.38938476587764437,LIME,0.05637266883027414,0.29822904516301857,0.3330120970473702,0.2833333333333333,0.38938476587764437
10711,auditor,SHAP,0.7171649774733456,LIME,0.2199444452019811,0.7171649774733456,0.49722053227136453,-0.04999999999999999,0.07030568673671307
10711,model_centric,SHAP,0.8964562218416819,LIME,0.1082638898358097,0.8964562218416819,0.7881923320058722,0.0,0.10871544175422465
7822,doctor,Rules,0.5036679787359737,SHAP,0.023265164573241015,0.48040281416273267,0.4571567992554416,0.36666666666666664,0.5036679787359737
7822,patient,Counterfactual,0.6444444444444444,Rules,0.09877734042134201,0.39963854797163684,0.47011199867971143,0.6444444444444444,0.5456671040231024
7822,auditor,SHAP,0.6169106421256799,LIME,0.2375477264995045,0.6169106421256799,0.3793629156261754,-0.055555555555555546,0.20844065234879486
7822,model_centric,SHAP,0.7711383026570998,LIME,0.13026799145771395,0.7711383026570998,0.6408703111993859,0.0,0.27443970432488246
16743,doctor,SHAP,0.5890332950712431,LIME,0.07911977080761334,0.5890332950712431,0.5099135242636298,0.08333333333333333,0.14064060398445172
16743,patient,Rules,0.391324645772595,LIME,0.043480042001151464,0.29710819955726064,0.34784460377144355,0.2833333333333333,0.391324645772595
16743,auditor,SHAP,0.6743051094265764,LIME,0.24681532810571233,0.6743051094265764,0.42748978132086407,-0.04999999999999999,0.086586837188018
16743,model_centric,SHAP,0.8428813867832204,LIME,0.1418524934654738,0.8428813867832204,0.7010288933177466,0.0,0.12212243537391138
10522,doctor,Rules,0.8400111723552094,Counterfactual,0.09491347131855721,0.586715436676331,0.43450576709625593,0.7450977010366522,0.8400111723552094
10522,patient,Rules,0.8244481685628475,Counterfactual,0.240402410775302,0.4114778613348587,0.3299033232273685,0.5840457577875455,0.8244481685628475
10522,auditor,SHAP,0.7983485952632611,Rules,0.030541024538258243,0.7983485952632611,0.45459647905308515,0.6523673867447044,0.7678075707250028
10522,model_centric,SHAP,0.9979357440790764,Rules,0.03123183622837833,0.9979357440790764,0.7349122654830231,0.8918481223197694,0.966703907850698
5912,doctor,SHAP,0.5083218600137884,Rules,0.10832186001378846,0.5083218600137884,0.36352401424264374,0.35,0.39999999999999997
5912,patient,Rules,0.6777777777777777,Counterfactual,0.28976354547468286,0.3873114281483381,0.37613001242107813,0.38801423230309484,0.6777777777777777
5912,auditor,SHAP,0.6209014773856288,LIME,0.30901236891538003,0.6209014773856288,0.3118891084702488,-0.0611111111111111,-0.00555555555555555
5912,model_centric,SHAP,0.7761268467320359,LIME,0.21959879447755826,0.7761268467320359,0.5565280522544777,0.0,0.0
5956,doctor,Counterfactual,0.7701731816808877,Rules,0.019842130077769027,0.7089457837672557,0.595605428061304,0.7701731816808877,0.7503310516031186
5956,patient,Counterfactual,0.7789466161158515,Rules,0.017725154470367488,0.5011655954979938,0.45586318076699495,0.7789466161158515,0.761221461645484
5956,auditor,SHAP,0.7870901983073219,LIME,0.14079613100729615,0.7870901983073219,0.6462940673000257,0.6204618178157006,0.6124206907207747
5956,model_centric,SHAP,0.9838627478841522,LIME,0.009328497092453425,0.9838627478841522,0.9745342507916988,0.8450217167140701,0.7794147522898571
2725,doctor,Counterfactual,0.7137131178719325,LIME,0.12217470726062951,0.5540113963764534,0.591538410611303,0.7137131178719325,0.11666666666666667
2725,patient,Counterfactual,0.6265521904759375,LIME,0.10684808610332619,0.42934048806343267,0.5197041043726113,0.6265521904759375,0.31666666666666665
2725,auditor,Counterfactual,0.6238397127181322,LIME,0.009791062149934637,0.5915032405954255,0.6140486505681976,0.6238397127181322,6.938893903907228e-18
2725,model_centric,LIME,0.9342274798769135,Counterfactual,0.07803895009035933,0.7393790507442818,0.9342274798769135,0.8561885297865541,0.0
3185,doctor,SHAP,0.46384307886207143,Rules,0.06384307886207147,0.46384307886207143,0.36709940521133383,0.36666666666666664,0.39999999999999997
3185,patient,Rules,0.6777777777777777,Counterfactual,0.033333333333333326,0.3830534854339787,0.34938065430670384,0.6444444444444444,0.6777777777777777
3185,auditor,SHAP,0.5609699888512859,LIME,0.2138183277589763,0.5609699888512859,0.3471516610923096,-0.055555555555555546,-0.00555555555555555
3185,model_centric,SHAP,0.7012124860641074,LIME,0.10060624303205368,0.7012124860641074,0.6006062430320537,0.0,0.0
5460,doctor,SHAP,0.47907507408475974,LIME,0.10238870533714722,0.47907507408475974,0.3766863687476125,0.08333333333333333,0.21879860185659955
5460,patient,Rules,0.650710645063311,SHAP,0.28627093736009757,0.36443970770321343,0.34500131593319006,0.2833333333333333,0.650710645063311
5460,auditor,SHAP,0.699074480049872,LIME,0.31848795971628635,0.699074480049872,0.3805865203335857,-0.04999999999999999,0.053180788151672174
5460,model_centric,SHAP,0.8738431000623401,LIME,0.23144328297869143,0.8738431000623401,0.6423998170836487,0.0,0.0803648740784791
18324,doctor,SHAP,0.46842523044549067,LIME,0.1172964288774076,0.46842523044549067,0.35112880156808307,0.35,0.11666666666666667
18324,patient,SHAP,0.3925886689950777,Counterfactual,0.004815055624718401,0.3925886689950777,0.34649089306256414,0.3877736133703593,0.31666666666666665
18324,auditor,SHAP,0.5025191613244816,LIME,0.1909668508929493,0.5025191613244816,0.3115523104315323,-0.0611111111111111,6.938893903907228e-18
18324,model_centric,SHAP,0.6281489516556019,LIME,0.0720418969495199,0.6281489516556019,0.556107054706082,0.0,0.0
13552,doctor,Rules,0.5828229648637536,SHAP,0.0578121620515436,0.52501080281221,0.4051858851633059,0.35,0.5828229648637536
13552,patient,Rules,0.6053854327323623,Counterfactual,0.21995033686908533,0.3378519193336928,0.33010760884319107,0.385435095863277,0.6053854327323623
13552,auditor,SHAP,0.6660793461480421,Rules,0.07822089004796196,0.6660793461480421,0.39970633974068775,-0.0611111111111111,0.5878584561000801
13552,model_centric,SHAP,0.8325991826850525,Rules,0.0838872236710635,0.8325991826850525,0.6662995913425263,0.0,0.748711959013989
15471,doctor,Counterfactual,0.760489929671225,SHAP,0.138142336139922,0.622347593531303,0.5933446090699808,0.760489929671225,0.11666666666666667
15471,patient,Counterfactual,0.5474604611069425,SHAP,0.08169624442782997,0.4657642166791125,0.46081368742003775,0.5474604611069425,0.31666666666666665
15471,auditor,SHAP,0.7490155245726151,Counterfactual,0.06280672945542609,0.7490155245726151,0.6330235400400848,0.686208795117189,6.938893903907228e-18
15471,model_centric,LIME,0.9579460917167726,SHAP,0.02167668600100381,0.9362694057157688,0.9579460917167726,0.9341498827853751,0.0
13642,doctor,SHAP,0.5259400496111706,LIME,0.10914961363279513,0.5259400496111706,0.41679043597837545,0.36666666666666664,0.39999999999999997
13642,patient,Rules,0.6777777777777777,Counterfactual,0.033333333333333326,0.3634058489527257,0.3473583544823924,0.6444444444444444,0.6777777777777777
13642,auditor,SHAP,0.6629077643345025,LIME,0.26478721550058454,0.6629077643345025,0.39812054883391795,-0.055555555555555546,-0.00555555555555555
13642,model_centric,SHAP,0.8286347054181282,LIME,0.1643173527090641,0.8286347054181282,0.6643173527090641,0.0,0.0
14678,doctor,Rules,0.7333333333333333,SHAP,0.2266830297409944,0.5066503035923389,0.40627748673027503,0.25686402595695057,0.7333333333333333
14678,patient,Rules,0.6555555555555556,Counterfactual,0.035554875604302816,0.35447658493838463,0.3804479635134513,0.6200006799512527,0.6555555555555556
14678,auditor,Rules,0.788888888888889,SHAP,0.1239452498587853,0.6649436390301037,0.34775633386152804,0.25554216990914613,0.788888888888889
14678,model_centric,Rules,1.0,SHAP,0.16882045121237044,0.8311795487876296,0.6013620839935767,0.4027610457197659,1.0
20488,doctor,Counterfactual,0.7075768718522153,SHAP,0.03557474632901769,0.6720021255231976,0.6453017339545875,0.7075768718522153,0.4802805807828212
20488,patient,Counterfactual,0.758081179506294,Rules,0.18384623843727266,0.4424406340016701,0.4221413723344917,0.758081179506294,0.5742349410690213
20488,auditor,SHAP,0.7509277948251702,LIME,0.0842611281585035,0.7509277948251702,0.6666666666666667,0.45353832493924096,0.4179746571939022
20488,model_centric,LIME,1.0,SHAP,0.061340256468537246,0.9386597435314628,1.0,0.6363673506184956,0.543301654825711
17029,doctor,Counterfactual,0.7977688872046176,SHAP,0.07469263442206697,0.7230762527825506,0.5548827425085869,0.7977688872046176,0.6131176719522837
17029,patient,Counterfactual,0.7881451846237614,Rules,0.13326757680128287,0.5022384315256022,0.47888457191585854,0.7881451846237614,0.6548776078224785
17029,auditor,SHAP,0.7897781507574995,Counterfactual,0.09572778487851907,0.7897781507574995,0.570995156970433,0.6940503658789804,0.6685477000350473
17029,model_centric,SHAP,0.9872226884468743,Counterfactual,0.05021528665370445,0.9872226884468743,0.8804106128797079,0.9370074017931699,0.8565179583771423
332,doctor,SHAP,0.4996891731959934,Rules,0.09968917319599341,0.4996891731959934,0.3657127138403557,0.36666666666666664,0.39999999999999997
332,patient,Rules,0.6777777777777777,Counterfactual,0.033333333333333326,0.3350303569488452,0.3354151354466847,0.6444444444444444,0.6777777777777777
332,auditor,SHAP,0.73135131817097,LIME,0.3664943398167577,0.73135131817097,0.36485697835421227,-0.055555555555555546,-0.00555555555555555
332,model_centric,SHAP,0.9141891477137124,LIME,0.2914512581042804,0.9141891477137124,0.622737889609432,0.0,0.0
10193,doctor,Rules,0.85,Counterfactual,0.033333333333333326,0.7043111352784418,0.5837547319192475,0.8166666666666667,0.85
10193,patient,Rules,0.8277777777777777,Counterfactual,0.033333333333333326,0.43143939639889645,0.36674082591531826,0.7944444444444444,0.8277777777777777
10193,auditor,SHAP,0.8,Rules,0.005555555555555536,0.8,0.6505677645910565,0.7444444444444445,0.7944444444444445
10193,model_centric,SHAP,1.0,Counterfactual,0.0,1.0,0.9798763724054873,1.0,1.0
14022,doctor,SHAP,0.498670313049102,LIME,0.07607527509819229,0.498670313049102,0.4225950379509097,0.35,0.39999999999999997
14022,patient,Rules,0.6777777777777777,SHAP,0.28360347656672696,0.39417430121105074,0.37583640989782213,0.3900142326622612,0.6777777777777777
14022,auditor,SHAP,0.5323047952005897,LIME,0.137943971615843,0.5323047952005897,0.3943608235847467,-0.0611111111111111,-0.00555555555555555
14022,model_centric,SHAP,0.6653809940007371,LIME,0.005763297853137006,0.6653809940007371,0.6596176961476001,0.0,0.0
9714,doctor,SHAP,0.517589549969991,Rules,0.11758954996999099,0.517589549969991,0.29658075955829855,0.35,0.39999999999999997
9714,patient,Rules,0.6777777777777777,SHAP,0.29102242879287415,0.38675534898490355,0.35042144027261335,0.3859729193183004,0.6777777777777777
9714,auditor,SHAP,0.6444932157564531,LIME,0.5247171525750002,0.6444932157564531,0.11977606318145292,-0.0611111111111111,-0.00555555555555555
9714,model_centric,SHAP,0.8056165196955665,LIME,0.4892297740520837,0.8056165196955665,0.3163867456434828,0.0,0.0
8959,doctor,Counterfactual,0.8128329206442122,SHAP,0.12782012765872497,0.6850127929854872,0.5479442505785126,0.8128329206442122,0.4482225282247269
8959,patient,Counterfactual,0.7931665291036263,Rules,0.09325396919033346,0.5031430328635793,0.5042857475502847,0.7931665291036263,0.6999125599132928
8959,auditor,SHAP,0.7638279872544894,Counterfactual,0.029606865536590088,0.7638279872544894,0.557098337019194,0.7342211217178993,0.5608260180660037
8959,model_centric,Counterfactual,0.9872208465918185,SHAP,0.03243586252370678,0.9547849840681117,0.8630395879406592,0.9872208465918185,0.721865855915838
6011,doctor,SHAP,0.4803411973920406,Rules,0.08034119739204065,0.4803411973920406,0.3905526092335138,0.35,0.39999999999999997
6011,patient,Rules,0.6777777777777777,Counterfactual,0.19059227155139025,0.31151852223167564,0.3417163339711824,0.48718550622638745,0.6777777777777777
6011,auditor,SHAP,0.6213942390338016,LIME,0.24403045285023411,0.6213942390338016,0.37736378618356753,-0.0611111111111111,-0.00555555555555555
6011,model_centric,SHAP,0.7767427987922519,LIME,0.13837139939612597,0.7767427987922519,0.638371399396126,0.0,0.0
212,doctor,SHAP,0.6822032928362782,LIME,0.053815732947887995,0.6822032928362782,0.6283875598883902,0.08333333333333333,0.2832074547314
212,patient,Rules,0.47884692935491113,LIME,0.12246948676860486,0.33473003630591724,0.35637744258630627,0.2833333333333333,0.47884692935491113
212,auditor,SHAP,0.8,LIME,0.1333333333333333,0.8,0.6666666666666667,-0.04999999999999999,0.03470268330157869
212,model_centric,SHAP,1.0,LIME,0.0,1.0,1.0,0.0,0.07115613190475113
19367,doctor,SHAP,0.5573783922393634,Rules,0.1573783922393634,0.5573783922393634,0.18352962017640423,0.35,0.39999999999999997
19367,patient,Rules,0.6777777777777777,SHAP,0.29040777324139994,0.38737000453637777,0.31078446985018016,0.37983244085584883,0.6777777777777777
19367,auditor,SHAP,0.6666666666666667,Rules,0.6722222222222223,0.6666666666666667,-0.13333333333333333,-0.0611111111111111,-0.00555555555555555
19367,model_centric,SHAP,0.8333333333333334,LIME,0.8333333333333334,0.8333333333333334,0.0,0.0,0.0
7339,doctor,Counterfactual,0.7484704843444712,SHAP,0.04942419423640465,0.6990462901080665,0.57276171491569,0.7484704843444712,0.11666666666666667
7339,patient,Counterfactual,0.5453994020934153,SHAP,0.06530492159358647,0.48009448049982884,0.41246017205499036,0.5453994020934153,0.31666666666666665
7339,auditor,SHAP,0.7741394955019567,Counterfactual,0.13997668161605847,0.7741394955019567,0.6061814536099833,0.6341628138858982,6.938893903907228e-18
7339,model_centric,SHAP,0.9676743693774459,LIME,0.04328088569830024,0.9676743693774459,0.9243934836791456,0.8690924062462615,0.0
15938,doctor,Rules,0.8327944696026135,Counterfactual,0.033333333333333326,0.716903526485324,0.5909832689088715,0.7994611362692802,0.8327944696026135
15938,patient,Rules,0.8220426009786489,Counterfactual,0.033333333333333326,0.5232315300975231,0.45324949592763486,0.7887092676453156,0.8220426009786489
15938,auditor,SHAP,0.8,Rules,0.051436969948586264,0.8,0.625755842774479,0.6985630300514137,0.7485630300514138
15938,model_centric,SHAP,1.0,LIME,0.051138529865234705,1.0,0.9488614701347653,0.9426482320087116,0.9426482320087116
9923,doctor,SHAP,0.6255898298261181,LIME,0.11374817602695986,0.6255898298261181,0.5118416537991582,0.08333333333333333,0.11666666666666667
9923,patient,SHAP,0.49149833875266413,LIME,0.08918698014007675,0.49149833875266413,0.4023113586125874,0.2833333333333333,0.31666666666666665
9923,auditor,SHAP,0.7648317984858913,LIME,0.21365996971195134,0.7648317984858913,0.55117182877394,-0.04999999999999999,6.938893903907228e-18
9923,model_centric,SHAP,0.9560397481073641,LIME,0.10040829547327246,0.9560397481073641,0.8556314526340917,0.0,0.0
4972,doctor,Counterfactual,0.7589002121720059,Rules,0.0276255727785929,0.69896165129396,0.5900296126650134,0.7589002121720059,0.731274639393413
4972,patient,Rules,0.7798693242422488,Counterfactual,0.004680364629357947,0.5223461569464544,0.45406058326317106,0.7751889596128908,0.7798693242422488
4972,auditor,SHAP,0.8,Rules,0.08326762828423206,0.8,0.5882702713427392,0.5904005657920158,0.716732371715768
4972,model_centric,SHAP,1.0,Rules,0.0901956464664011,1.0,0.9020045058450906,0.8074451516844642,0.9098043535335989
8573,doctor,SHAP,0.555589358837167,LIME,0.13243948958958407,0.555589358837167,0.4231498692475829,0.35,0.11666666666666667
8573,patient,Counterfactual,0.4823738857025655,SHAP,0.11431970878219816,0.36805417692036735,0.3625841952887151,0.4823738857025655,0.31666666666666665
8573,auditor,SHAP,0.6666666666666667,LIME,0.26666666666666666,0.6666666666666667,0.4000000000000001,-0.0611111111111111,6.938893903907228e-18
8573,model_centric,SHAP,0.8333333333333334,LIME,0.16666666666666663,0.8333333333333334,0.6666666666666667,0.0,0.0
684,doctor,Counterfactual,0.7081045497317001,SHAP,0.031916581457704485,0.6761879682739956,0.5928562476771635,0.7081045497317001,0.3548123007371229
684,patient,Counterfactual,0.5501282275088194,Rules,0.017716046455030887,0.3904711225332632,0.3953861072267213,0.5501282275088194,0.5324121810537885
684,auditor,SHAP,0.8,LIME,0.17821049557327595,0.8,0.6217895044267241,0.49383435484008936,0.18433201474958893
684,model_centric,SHAP,1.0,LIME,0.056096452799928254,1.0,0.9439035472000717,0.6936818324390006,0.25124835177031946
20486,doctor,SHAP,0.5275543389966301,LIME,0.1518339523796417,0.5275543389966301,0.37572038661698837,0.08333333333333333,0.11666666666666667
20486,patient,SHAP,0.37352419416303595,LIME,0.004291703975091432,0.37352419416303595,0.3692324901879445,0.2833333333333333,0.31666666666666665
20486,auditor,SHAP,0.6312231252836513,LIME,0.2845608581604658,0.6312231252836513,0.34666226712318554,-0.04999999999999999,6.938893903907228e-18
20486,model_centric,SHAP,0.7890289066045642,LIME,0.18903440603391564,0.7890289066045642,0.5999945005706485,0.0,0.0
12466,doctor,Counterfactual,0.7386732904292769,Rules,0.0065828576089354,0.6448020530795121,0.39102628960521035,0.7386732904292769,0.7320904328203415
12466,patient,Counterfactual,0.5699568786242617,Rules,0.0026944111184912245,0.41158399910741095,0.4940178543200869,0.5699568786242617,0.5672624675057705
12466,auditor,SHAP,0.7865932532528852,Rules,0.01061472532793395,0.7865932532528852,0.38365455905311974,0.598514594482036,0.7759785279249513
12466,model_centric,Rules,0.9908064932395222,SHAP,0.007564926673415795,0.9832415665661064,0.6462348654830663,0.8245321319914338,0.9908064932395222
170,doctor,SHAP,0.4230825155783473,Rules,0.02308251557834734,0.4230825155783473,0.33118785782018667,0.35,0.39999999999999997
170,patient,Rules,0.6777777777777777,SHAP,0.28524543680425074,0.39253234097352696,0.3470448361259086,0.39026485781594944,0.6777777777777777
170,auditor,SHAP,0.5401842976055393,LIME,0.48431138688556646,0.5401842976055393,0.055872910719972836,-0.0611111111111111,-0.00555555555555555
170,model_centric,SHAP,0.675230372006924,LIME,0.4387225669402914,0.675230372006924,0.23650780506663266,0.0,0.0
13875,doctor,SHAP,0.42901664963923436,Rules,0.029016649639234393,0.42901664963923436,0.3683240189308618,0.36666666666666664,0.39999999999999997
13875,patient,Rules,0.6777777777777777,Counterfactual,0.033333333333333326,0.38570427336615387,0.3459570665772512,0.6444444444444444,0.6777777777777777
13875,auditor,SHAP,0.4788254822242231,LIME,0.1469199276151043,0.4788254822242231,0.3319055546091188,-0.055555555555555546,-0.00555555555555555
13875,model_centric,SHAP,0.5985318527802789,LIME,0.016983242852213754,0.5985318527802789,0.5815486099280651,0.0,0.0
10659,doctor,Rules,0.5008312691657417,SHAP,0.01638131651018504,0.4844499526555567,0.3734871676166521,0.36666666666666664,0.5008312691657417
10659,patient,Counterfactual,0.6444444444444444,Rules,0.06638957694475267,0.3436023538379789,0.32215011244529573,0.6444444444444444,0.5780548674996917
10659,auditor,SHAP,0.6480674894202495,Rules,0.23971468715598226,0.6480674894202495,0.35948747535957915,-0.055555555555555546,0.40835280226426723
10659,model_centric,SHAP,0.8100843617753118,LIME,0.19405835090917134,0.8100843617753118,0.6160260108661405,0.0,0.524329891719223
14779,doctor,SHAP,0.5304388957078494,LIME,0.09657303183853339,0.5304388957078494,0.433865863869316,0.18316218401887005,0.11666666666666667
14779,patient,Counterfactual,0.609757849612621,SHAP,0.17923245014451927,0.43052539946810175,0.36662856146529293,0.609757849612621,0.31666666666666665
14779,auditor,SHAP,0.6249492912755595,LIME,0.24580797897111306,0.6249492912755595,0.3791413123044465,-0.039116727454740874,6.938893903907228e-18
14779,model_centric,SHAP,0.7811866140944494,LIME,0.14059330704722472,0.7811866140944494,0.6405933070472247,0.027492979570462782,0.0
404,doctor,SHAP,0.5494968537829715,LIME,0.1273215027649821,0.5494968537829715,0.4221753510179894,0.35,0.39999999999999997
404,patient,Rules,0.6777777777777777,Counterfactual,0.07222222222222219,0.3610685720255753,0.3360762801552242,0.6055555555555555,0.6777777777777777
404,auditor,SHAP,0.6663623702265513,LIME,0.26722083006391856,0.6663623702265513,0.39914154016263276,-0.0611111111111111,-0.00555555555555555
404,model_centric,SHAP,0.8329529627831892,LIME,0.1673593709132316,0.8329529627831892,0.6655935918699576,0.0,0.0
1678,doctor,Counterfactual,0.7401594106922685,SHAP,0.04042056983477238,0.6997388408574962,0.5436949086417517,0.7401594106922685,0.6862266506263494
1678,patient,Counterfactual,0.6365120813541623,Rules,0.08732542003426802,0.4964060311511904,0.3653719553963661,0.6365120813541623,0.5491866613198942
1678,auditor,SHAP,0.7712608108851906,Rules,0.005656464496119451,0.7712608108851906,0.6289762131041786,0.6191823251341464,0.7656043463890712
1678,model_centric,Rules,0.9847832107641166,SHAP,0.020707197157628476,0.9640760136064881,0.9528869330468899,0.8503667953065718,0.9847832107641166
18439,doctor,SHAP,0.4336808278823192,Counterfactual,0.08368082788231923,0.4336808278823192,0.3484679488380154,0.35,0.11666666666666667
18439,patient,Counterfactual,0.3875901103637324,SHAP,0.017685672197228608,0.3699044381665038,0.3422019128435218,0.3875901103637324,0.31666666666666665
18439,auditor,SHAP,0.5106988205831492,LIME,0.24403215391648247,0.5106988205831492,0.2666666666666667,-0.0611111111111111,6.938893903907228e-18
18439,model_centric,SHAP,0.6383735257289365,LIME,0.13837352572893646,0.6383735257289365,0.5,0.0,0.0
7809,doctor,SHAP,0.6554919631458359,LIME,0.12881127537645864,0.6554919631458359,0.5266806877693773,0.31016630327459643,0.39999999999999997
7809,patient,Rules,0.6777777777777777,Counterfactual,0.06261016131976249,0.2959680824233369,0.35731691188221687,0.6151676164580152,0.6777777777777777
7809,auditor,SHAP,0.7509480030796459,LIME,0.2550508284521098,0.7509480030796459,0.49589717462753613,-0.003020183036148892,-0.00555555555555555
7809,model_centric,SHAP,0.9386850038495573,LIME,0.15214686889847062,0.9386850038495573,0.7865381349510867,0.07261366009370276,0.0
6749,doctor,SHAP,0.6885962561929573,LIME,0.13858149902804273,0.6885962561929573,0.5500147571649145,0.08333333333333333,0.3518813517471507
6749,patient,Rules,0.5132533798753129,SHAP,0.06403293791883685,0.4492204419564761,0.3259110080756351,0.2833333333333333,0.5132533798753129
6749,auditor,SHAP,0.8,LIME,0.20799239684815762,0.8,0.5920076031518424,-0.04999999999999999,0.07550034745573445
6749,model_centric,SHAP,1.0,LIME,0.09332382939353034,1.0,0.9066761706064697,0.0,0.11520876765300136
18025,doctor,SHAP,0.4980165921494775,LIME,0.07954225511985497,0.4980165921494775,0.41847433702962256,0.35,0.39999999999999997
18025,patient,Rules,0.6777777777777777,SHAP,0.2677747538765993,0.4100030239011784,0.3559116818994681,0.3933336488376351,0.6777777777777777
18025,auditor,SHAP,0.5333333333333334,LIME,0.13333333333333336,0.5333333333333334,0.4000000000000001,-0.0611111111111111,-0.00555555555555555
18025,model_centric,SHAP,0.6666666666666667,LIME,0.0,0.6666666666666667,0.6666666666666667,0.0,0.0
6878,doctor,SHAP,0.6627032401179814,LIME,0.08527483800641356,0.6627032401179814,0.5774284021115679,0.08333333333333333,0.2725677377508044
6878,patient,Rules,0.40499732672501565,LIME,0.06017372547327732,0.28440284455206183,0.34482360125173833,0.2833333333333333,0.40499732672501565
6878,auditor,SHAP,0.8,LIME,0.13844828629708006,0.8,0.66155171370292,-0.04999999999999999,0.10991814670086776
6878,model_centric,SHAP,1.0,LIME,0.0063936912046833605,1.0,0.9936063087953166,0.0,0.15823101670941803
3989,doctor,Counterfactual,0.8166666666666667,SHAP,0.1584848460513194,0.6581818206153472,0.6020906178804772,0.8166666666666667,0.6553077636705604
3989,patient,Counterfactual,0.7944444444444444,Rules,0.16186710907951007,0.4995539887408513,0.44473722217401346,0.7944444444444444,0.6325773353649343
3989,auditor,Rules,0.7500063111567069,SHAP,0.0012283538663183657,0.7487779572903885,0.5827169443621182,0.7444444444444445,0.7500063111567069
3989,model_centric,Counterfactual,1.0,Rules,0.04165877772078319,0.9359724466129857,0.8950628471193143,1.0,0.9583412222792168
3155,doctor,SHAP,0.5204778913084408,Rules,0.12047789130844083,0.5204778913084408,0.3817833997018514,0.35,0.39999999999999997
3155,patient,Rules,0.6777777777777777,SHAP,0.2921260473821293,0.38565173039564843,0.36930624666188105,0.38267977682642934,0.6777777777777777
3155,auditor,SHAP,0.6456121988063914,LIME,0.3117035856897462,0.6456121988063914,0.3339086131166452,-0.0611111111111111,-0.00555555555555555
3155,model_centric,SHAP,0.8070152485079893,LIME,0.22296281544551622,0.8070152485079893,0.5840524330624731,0.0,0.0
13502,doctor,SHAP,0.7175127734174439,Counterfactual,0.02328278665614203,0.7175127734174439,0.5904473958289566,0.6942299867613019,0.5357120428415801
13502,patient,Counterfactual,0.7536322178093229,Rules,0.15861709241768507,0.3894337432417694,0.32584401897015114,0.7536322178093229,0.5950151253916378
13502,auditor,SHAP,0.8,LIME,0.1547556807687902,0.8,0.6452443192312098,0.4179466313634717,0.5256148412409429
13502,model_centric,SHAP,1.0,LIME,0.02677793429432107,1.0,0.9732220657056789,0.591877733648784,0.6847963293289564
20213,doctor,SHAP,0.720198446218559,Counterfactual,0.02022218958743116,0.720198446218559,0.6457187326362059,0.6999762566311278,0.47056455485630083
20213,patient,Counterfactual,0.7555476410992648,Rules,0.2262483450360534,0.42498966295503415,0.4377043861302517,0.7555476410992648,0.5292992960632114
20213,auditor,SHAP,0.8,LIME,0.13580958698239076,0.8,0.6641904130176093,0.4332700176830075,0.4786860332842745
20213,model_centric,SHAP,1.0,LIME,0.003095317061321823,1.0,0.9969046829386782,0.6110319665482038,0.6261353193831208
16764,doctor,Counterfactual,0.6959149243424168,SHAP,0.008663577017732904,0.6872513473246838,0.6189787678871471,0.6959149243424168,0.38536392089594423
16764,patient,Counterfactual,0.7541938636696944,Rules,0.21729477892660187,0.4026484014837415,0.39997091128910134,0.7541938636696944,0.5368990847430926
16764,auditor,SHAP,0.8,LIME,0.13588132060166902,0.8,0.664118679398331,0.4224397982464448,0.40296063812242383
16764,model_centric,SHAP,1.0,LIME,0.003184984085419562,1.0,0.9968150159145804,0.5974941922525004,0.5314785754308076
17488,doctor,SHAP,0.5510298680746076,LIME,0.10916642474475136,0.5510298680746076,0.4418634433298563,0.23834118051570888,0.39999999999999997
17488,patient,Rules,0.6777777777777777,Counterfactual,0.2624612963030286,0.3693232620377118,0.3578732816220453,0.4153164814747491,0.6777777777777777
17488,auditor,SHAP,0.666202941893635,LIME,0.26747727860477916,0.666202941893635,0.3987256632888559,-0.06521749152655296,-0.00555555555555555
17488,model_centric,SHAP,0.8327536773670438,LIME,0.16767993158930727,0.8327536773670438,0.6650737457777365,0.0018114689251421134,0.0
15730,doctor,Rules,0.7213843115056368,Counterfactual,0.004685734029897914,0.6561302112575487,0.5177662837558012,0.7166985774757388,0.7213843115056368
15730,patient,Counterfactual,0.7611217480474685,Rules,0.08454919976781172,0.4533708630514253,0.3959569593349511,0.7611217480474685,0.6765725482796567
15730,auditor,SHAP,0.8,Rules,0.10964183598496868,0.8,0.5547274676429609,0.477862873268637,0.6903581640150314
15730,model_centric,SHAP,1.0,Rules,0.1231634060923219,1.0,0.8600760012203678,0.6667730360302406,0.8768365939076781
4907,doctor,SHAP,0.6670850475145188,LIME,0.1199841991632653,0.6670850475145188,0.5471008483512535,0.48718252823357616,0.11666666666666667
4907,patient,Counterfactual,0.5232418060002003,SHAP,0.09303509633607587,0.43020670966412444,0.4005478563873861,0.5232418060002003,0.31666666666666665
4907,auditor,SHAP,0.79932074467506,LIME,0.2185868359162012,0.79932074467506,0.5807339087588588,0.3519568592173917,6.938893903907228e-18
4907,model_centric,SHAP,0.9991509308438249,LIME,0.1065668782285848,0.9991509308438249,0.8925840526152401,0.523279407355073,0.0
12865,doctor,Counterfactual,0.687882880020934,SHAP,0.128166434345504,0.55971644567543,0.5100294148990345,0.687882880020934,0.11666666666666667
12865,patient,Counterfactual,0.7515165155625335,LIME,0.2930793735198235,0.34353773270468957,0.45843714204271,0.7515165155625335,0.31666666666666665
12865,auditor,SHAP,0.6414658557728962,Counterfactual,0.06873312685609512,0.6414658557728962,0.5679741355710022,0.572732728916801,6.938893903907228e-18
12865,model_centric,LIME,0.8766343361304194,SHAP,0.07480201641429929,0.8018323197161201,0.8766343361304194,0.7853603555904456,0.0
4860,doctor,Counterfactual,0.7808265931060997,Rules,0.12493765749270236,0.649654446406005,0.49559603648014294,0.7808265931060997,0.6558889356133973
4860,patient,Counterfactual,0.6457813756213615,Rules,0.09223109549626085,0.4758997555100486,0.3490523563784366,0.6457813756213615,0.5535502801251007
4860,auditor,SHAP,0.7474657301201666,Counterfactual,0.034141383756477905,0.7474657301201666,0.527770826338796,0.7133243463636887,0.6536794080724811
4860,model_centric,Counterfactual,0.9680443218434996,SHAP,0.03371215919329151,0.9343321626502081,0.8263801995901616,0.9680443218434996,0.8379325934239346
1665,doctor,Counterfactual,0.6810957252472339,SHAP,0.017214857748604095,0.6638808674986298,0.5680066832964423,0.6810957252472339,0.31196070205062687
1665,patient,Counterfactual,0.7492541306379669,Rules,0.31682278550998016,0.3595762850544202,0.35023680466010104,0.7492541306379669,0.4324313451279867
1665,auditor,SHAP,0.8,LIME,0.14465722040761853,0.8,0.6553427795923815,0.38292193399262403,0.2969304990338325
1665,model_centric,SHAP,1.0,LIME,0.01415485884285661,1.0,0.9858451411571434,0.5480968619352244,0.3989409015700684
2854,doctor,SHAP,0.6299311937509795,LIME,0.1748604359483601,0.6299311937509795,0.4550707578026194,0.08333333333333333,0.2644175573283519
2854,patient,Rules,0.3992502968872284,LIME,0.06935733646438796,0.2968633923506717,0.32989296042284044,0.2833333333333333,0.3992502968872284
2854,auditor,SHAP,0.7708219840681954,LIME,0.30867772057650184,0.7708219840681954,0.4621442634916935,-0.04999999999999999,0.30481343692798873
2854,model_centric,SHAP,0.9635274800852442,LIME,0.21918048405396073,0.9635274800852442,0.7443469960312835,0.0,0.3949056850488748
18481,doctor,SHAP,0.6341485746092527,LIME,0.10257020761635138,0.6341485746092527,0.5315783669929013,0.517162513049511,0.11666666666666667
18481,patient,Counterfactual,0.7123920060334226,SHAP,0.2551394964144084,0.45725250961901415,0.398258082073185,0.7123920060334226,0.31666666666666665
18481,auditor,SHAP,0.7730255696071157,LIME,0.20545240525206965,0.7730255696071157,0.567573164355046,0.49565948885222755,6.938893903907228e-18
18481,model_centric,SHAP,0.9662819620088945,LIME,0.09014883989842026,0.9662819620088945,0.8761331221104742,0.6959632499541732,0.0
8545,doctor,Rules,0.7973090275247315,SHAP,0.1803082686540577,0.6170007588706738,0.5269124206219999,0.5715887771322914,0.7973090275247315
8545,patient,Rules,0.8102141202860216,Counterfactual,0.37555330984551294,0.362697515419745,0.385549997919371,0.43466081044050864,0.8102141202860216
8545,auditor,SHAP,0.745241217132466,Rules,0.09130603262207093,0.745241217132466,0.4640511122574941,0.3640859617649195,0.6539351845103951
8545,model_centric,SHAP,0.9315515214155825,Rules,0.10718809633314419,0.9315515214155825,0.7467305569885343,0.5314963410950382,0.8243634250824383
1626,doctor,SHAP,0.6680495838726096,Counterfactual,0.06811807077834497,0.6680495838726096,0.5623194904245685,0.5999315130942646,0.11666666666666667
1626,patient,Counterfactual,0.497511687481868,SHAP,0.06785170792686296,0.42965997955500507,0.41657199079652196,0.497511687481868,0.31666666666666665
1626,auditor,SHAP,0.7939380072192143,LIME,0.22338244675682684,0.7939380072192143,0.5705555604623874,0.3664500926263781,6.938893903907228e-18
1626,model_centric,SHAP,0.9924225090240177,LIME,0.11256139177936686,0.9924225090240177,0.8798611172446509,0.5344515046718615,0.0
18099,doctor,SHAP,0.5201123246446449,LIME,0.11880683191747715,0.5201123246446449,0.4013054927271677,0.35,0.39999999999999997
18099,patient,Rules,0.6777777777777777,Counterfactual,0.19566072309276483,0.3360903379623658,0.36108178679629316,0.48211705468501287,0.6777777777777777
18099,auditor,SHAP,0.6579139984879936,LIME,0.2622903325773301,0.6579139984879936,0.3956236659106635,-0.0611111111111111,-0.00555555555555555
18099,model_centric,SHAP,0.822392498109992,LIME,0.16119624905499597,0.822392498109992,0.6611962490549961,0.0,0.0
8655,doctor,Counterfactual,0.7193457195057169,SHAP,0.06060259792797584,0.6587431215777411,0.556731142510956,0.7193457195057169,0.620862862676176
8655,patient,Rules,0.6210957017001395,Counterfactual,0.006442089702692,0.4974594601369721,0.4140266666861403,0.6146536119974475,0.6210957017001395
8655,auditor,SHAP,0.7493525229237101,Counterfactual,0.05573092499856447,0.7493525229237101,0.638406399934402,0.6936215979251457,0.6774591828683107
8655,model_centric,LIME,0.964674666584669,Counterfactual,0.014314335844903825,0.9366906536546376,0.964674666584669,0.9503603307397652,0.8676573119187216
9411,doctor,SHAP,0.5228517882520145,Rules,0.12285178825201454,0.5228517882520145,0.3707561903332011,0.35,0.39999999999999997
9411,patient,Rules,0.6777777777777777,Counterfactual,0.19430814329035628,0.34049336088189236,0.3293791784891126,0.4834696344874214,0.6777777777777777
9411,auditor,SHAP,0.745787268071555,LIME,0.381929089357185,0.745787268071555,0.36385817871437004,-0.0611111111111111,-0.00555555555555555
9411,model_centric,SHAP,0.9322340850894437,LIME,0.3107446950298145,0.9322340850894437,0.6214893900596292,0.0,0.0
138,doctor,Rules,0.8366438032723937,Counterfactual,0.033333333333333326,0.7130936461405241,0.621284823039231,0.8033104699390604,0.8366438032723937
138,patient,Rules,0.823325712201909,Counterfactual,0.033333333333333326,0.5178493293773077,0.43787000445728136,0.7899923788685757,0.823325712201909
138,auditor,SHAP,0.8,Rules,0.04117208016250551,0.8,0.6487635536272626,0.7088279198374946,0.7588279198374945
138,model_centric,SHAP,1.0,LIME,0.0223788912992553,1.0,0.9776211087007447,0.9554793442413125,0.9554793442413125
14465,doctor,Counterfactual,0.7126026203708722,SHAP,0.048656125159551866,0.6639464952113203,0.5830324715023331,0.7126026203708722,0.5990215590831062
14465,patient,Rules,0.5774516308054799,Counterfactual,0.09442936449971528,0.3607483317009597,0.3282488757885481,0.4830222663057646,0.5774516308054799
14465,auditor,SHAP,0.8,LIME,0.1370098327113478,0.8,0.6629901672886522,0.508954905425712,0.4368785697404367
14465,model_centric,SHAP,1.0,LIME,0.004595624222518246,1.0,0.9954043757774818,0.7125825206710289,0.5669315455088791
19516,doctor,SHAP,0.5042091514488318,LIME,0.08876783714970687,0.5042091514488318,0.41544131429912495,0.35,0.11666666666666667
19516,patient,Counterfactual,0.4836842632065361,SHAP,0.06292035478970992,0.4207639084168262,0.3664980220425508,0.4836842632065361,0.31666666666666665
19516,auditor,SHAP,0.5333333333333334,LIME,0.13333333333333336,0.5333333333333334,0.4000000000000001,-0.0611111111111111,6.938893903907228e-18
19516,model_centric,SHAP,0.6666666666666667,LIME,0.0,0.6666666666666667,0.6666666666666667,0.0,0.0
9592,doctor,Counterfactual,0.7113260822844993,LIME,0.24939831122254302,0.4391997900844338,0.4619277710619563,0.7113260822844993,0.11666666666666667
9592,patient,Counterfactual,0.5328166720783196,LIME,0.1386946838210678,0.3920279547381571,0.3941219882572518,0.5328166720783196,0.31666666666666665
9592,auditor,Counterfactual,0.6206569986015548,SHAP,0.07264378181946196,0.5480132167820928,0.46097322671708474,0.6206569986015548,6.938893903907228e-18
9592,model_centric,Counterfactual,0.8522101371408322,LIME,0.1093269370778096,0.685016520977616,0.7428832000630226,0.8522101371408322,0.0
8249,doctor,SHAP,0.5374268595945273,Rules,0.13742685959452733,0.5374268595945273,0.33126381002203464,0.35,0.39999999999999997
8249,patient,Rules,0.6777777777777777,SHAP,0.2436584969491361,0.4341192808286416,0.33437363620357696,0.3888435326815864,0.6777777777777777
8249,auditor,SHAP,0.6273614710098656,LIME,0.39943586471259207,0.6273614710098656,0.22792560629727351,-0.0611111111111111,-0.00555555555555555
8249,model_centric,SHAP,0.784201838762332,LIME,0.33262816422407343,0.784201838762332,0.45157367453825853,0.0,0.0
12991,doctor,SHAP,0.6875759053026698,LIME,0.08171348857407201,0.6875759053026698,0.6058624167285978,0.08333333333333333,0.3399116590258041
12991,patient,Rules,0.4244149974530458,LIME,0.06870696582263164,0.3074292428985214,0.35570803163041415,0.2833333333333333,0.4244149974530458
12991,auditor,SHAP,0.7547567684110355,LIME,0.12176262404406979,0.7547567684110355,0.6329941443669657,-0.04999999999999999,0.28012968769526897
12991,model_centric,LIME,0.9579093471253737,SHAP,0.01446338661157931,0.9434459605137944,0.9579093471253737,0.0,0.36405099850797507
4731,doctor,Counterfactual,0.7896760098528706,SHAP,0.0695862099931519,0.7200897998597187,0.5913826451907097,0.7896760098528706,0.6738279339020896
4731,patient,Counterfactual,0.7854475588398457,Rules,0.01639380309470473,0.5093529785688078,0.42247796066044085,0.7854475588398457,0.769053755745141
4731,auditor,SHAP,0.8,Counterfactual,0.12753064039234518,0.8,0.6403638233418797,0.6724693596076549,0.6723401159628564
4731,model_centric,SHAP,1.0,LIME,0.03287855415598373,1.0,0.9671214458440163,0.910031143954013,0.8543140338424592
3222,doctor,Rules,0.39999999999999997,Counterfactual,0.033333333333333326,0.35476044662838335,0.22867194437601673,0.36666666666666664,0.39999999999999997
3222,patient,Rules,0.6777777777777777,Counterfactual,0.033333333333333326,0.25922865156511576,0.38663169489254845,0.6444444444444444,0.6777777777777777
3222,auditor,SHAP,0.44999786809665493,LIME,0.3653393558870624,0.44999786809665493,0.08465851220959253,-0.055555555555555546,-0.00555555555555555
3222,model_centric,SHAP,0.5624973351208187,LIME,0.29000752819216136,0.5624973351208187,0.2724898069286573,0.0,0.0
20640,doctor,SHAP,0.4948620807305787,LIME,0.08263955788176514,0.4948620807305787,0.41222252284881356,0.35,0.39999999999999997
20640,patient,Rules,0.6777777777777777,SHAP,0.2863521751836603,0.3914256025941174,0.3574449726947873,0.386462411750648,0.6777777777777777
20640,auditor,SHAP,0.5838323306950639,LIME,0.24504138545249404,0.5838323306950639,0.33879094524256986,-0.0611111111111111,-0.00555555555555555
20640,model_centric,SHAP,0.7297904133688298,LIME,0.13963506514895085,0.7297904133688298,0.5901553482198789,0.0,0.0
5065,doctor,Rules,0.85,Counterfactual,0.2001179591340494,0.4697515414063871,0.5919443759008126,0.6498820408659506,0.85
5065,patient,Rules,0.8277777777777777,Counterfactual,0.37592083948910804,0.39724567591639265,0.38333416776085566,0.4518569382886697,0.8277777777777777
5065,auditor,Rules,0.7944444444444445,LIME,0.13595213947998563,0.6471373124109173,0.6584923049644589,0.5387316100434898,0.7944444444444445
5065,model_centric,Rules,1.0,LIME,0.010217952127759888,0.8089216405136466,0.9897820478722401,0.7498034014432511,1.0
492,doctor,SHAP,0.6230923430845993,LIME,0.10049465842011462,0.6230923430845993,0.5225976846644846,0.5125736113960628,0.11666666666666667
492,patient,Counterfactual,0.5578904184483893,SHAP,0.1610501972556712,0.39684022119271806,0.3739700951850179,0.5578904184483893,0.31666666666666665
492,auditor,SHAP,0.7533657845783657,LIME,0.23950764226625154,0.7533657845783657,0.5138581423121141,0.22006221695678357,6.938893903907228e-18
492,model_centric,SHAP,0.941707230722957,LIME,0.13271788616614777,0.941707230722957,0.8089893445568093,0.3514666600848683,0.0
12091,doctor,Counterfactual,0.5117218156437868,SHAP,0.07097491095516162,0.4407469046886252,0.4205761855139922,0.5117218156437868,0.39999999999999997
12091,patient,Rules,0.6777777777777777,Counterfactual,0.19014679872894502,0.4018370407471759,0.4095518087747241,0.4876309790488327,0.6777777777777777
12091,auditor,SHAP,0.582647594496061,Counterfactual,0.11598092782939423,0.582647594496061,0.4000000000000001,0.46666666666666673,-0.00555555555555555
12091,model_centric,SHAP,0.7283094931200761,LIME,0.06164282645340935,0.7283094931200761,0.6666666666666667,0.6666666666666667,0.0
11757,doctor,Counterfactual,0.7727229772222713,Rules,0.09385565859775735,0.6703233435372783,0.4836088856025724,0.7727229772222713,0.678867318624514
11757,patient,Counterfactual,0.7797965479629794,Rules,0.23027511852248472,0.4858966899638603,0.42829627104335455,0.7797965479629794,0.5495214294404946
11757,auditor,SHAP,0.8,Rules,0.10985944260429281,0.8,0.565213690743525,0.6272612725927238,0.6901405573957072
11757,model_centric,SHAP,1.0,Rules,0.11649096992203267,1.0,0.8731837800960729,0.853521035185349,0.8835090300779673
9573,doctor,Counterfactual,0.668565039293636,LIME,0.08232323476411851,0.571464605352107,0.5862418045295175,0.668565039293636,0.11666666666666667
9573,patient,Counterfactual,0.7330035115147988,LIME,0.24820814434089583,0.37146522344105715,0.484795367173903,0.7330035115147988,0.31666666666666665
9573,auditor,SHAP,0.7218974726791171,LIME,0.05523080601245034,0.7218974726791171,0.6666666666666667,0.624222654918439,6.938893903907228e-18
9573,model_centric,LIME,1.0,SHAP,0.09762815915110368,0.9023718408488963,1.0,0.8566672075369376,0.0
13996,doctor,SHAP,0.6195476798854664,LIME,0.12870672976185288,0.6195476798854664,0.49084095012361356,0.36666666666666664,0.19870321533064797
13996,patient,Counterfactual,0.6444444444444444,LIME,0.30538475033796575,0.2675516210663452,0.3390596941064786,0.6444444444444444,0.3297264686022795
13996,auditor,SHAP,0.7431945036374948,LIME,0.23773075371987296,0.7431945036374948,0.5054637499176219,-0.055555555555555546,0.06329174168268617
13996,model_centric,SHAP,0.9289931295468685,LIME,0.1304967754831745,0.9289931295468685,0.798496354063694,0.0,0.09994801043669103
9758,doctor,SHAP,0.6528660442112537,LIME,0.06919414776038646,0.6528660442112537,0.5836718964508673,0.4391921850244006,0.28834303854436283
9758,patient,Counterfactual,0.6686196172303558,Rules,0.24018203872566918,0.2441548303733468,0.336714855260477,0.6686196172303558,0.4284375785046866
9758,auditor,SHAP,0.8,LIME,0.1480961007472139,0.8,0.6519038992527861,0.0559577015496665,0.22514235473491298
9758,model_centric,SHAP,1.0,LIME,0.018453459267350647,1.0,0.9815465407326494,0.13939157138152755,0.30226127675197456
